timestamp,open,high,low,close,volume,trade_count,vwap
2025-06-29 00:00:00+00:00,2437.922,2443.265,2433.155,2439.935,0.0,0.0,2437.922
2025-06-29 01:00:00+00:00,2439.71,2439.71,2430.09,2430.587,0.0,0.0,2439.71
2025-06-29 02:00:00+00:00,2430.616,2434.85,2426.4755,2432.9235,0.00421827,1.0,2433.392
2025-06-29 03:00:00+00:00,2432.75,2433.845,2426.6,2428.94,0.004207724,1.0,2426.6
2025-06-29 04:00:00+00:00,2427.5,2433.36,2427.5,2430.718,0.075287749,3.0,2430.109445
2025-06-29 05:00:00+00:00,2431.1,2435.6,2428.3785,2435.045,0.793856117,1.0,2432.9
2025-06-29 06:00:00+00:00,2435.4385,2438.425,2433.2945,2438.425,0.0,0.0,2435.42975
2025-06-29 07:00:00+00:00,2437.85,2441.51,2436.997,2441.082,0.004447283,2.0,2440.352574
2025-06-29 08:00:00+00:00,2442.928,2448.135,2438.7625,2444.35,0.004014193,2.0,2442.313846
2025-06-29 09:00:00+00:00,2445.7,2458.525,2440.3,2448.0,0.098072754,4.0,2452.079483
2025-06-29 10:00:00+00:00,2449.578,2459.4775,2448.6,2457.415,0.103995722,3.0,2453.994406
2025-06-29 11:00:00+00:00,2459.13,2463.8,2453.805,2462.7205,0.003988065,2.0,2458.31473
2025-06-29 12:00:00+00:00,2463.5365,2465.23,2450.0,2455.75,0.097185544,3.0,2450.499964
2025-06-29 13:00:00+00:00,2456.2625,2457.68,2447.6,2448.16,0.008476841,3.0,2457.203583
2025-06-29 14:00:00+00:00,2447.625,2452.342,2437.5,2441.43,0.020968191,2.0,2447.456959
2025-06-29 15:00:00+00:00,2440.6,2445.25,2435.2745,2438.221,0.052199236,1.0,2438.2
2025-06-29 16:00:00+00:00,2439.8,2441.266,2431.081,2439.885,0.519790275,2.0,2436.779551
2025-06-29 17:00:00+00:00,2441.228,2441.228,2433.43,2439.1,0.057608237,1.0,2435.83
2025-06-29 18:00:00+00:00,2437.965,2444.2,2434.779,2438.665,0.963584025,5.0,2442.045064
2025-06-29 19:00:00+00:00,2438.4265,2439.675,2434.7925,2439.035,0.075879349,6.0,2438.252411
2025-06-29 20:00:00+00:00,2439.795,2439.795,2433.3795,2433.4545,0.619817079,2.0,2436.238633
2025-06-29 21:00:00+00:00,2434.49,2438.9805,2413.9,2432.595,0.08,1.0,2431.55
2025-06-29 22:00:00+00:00,2432.945,2510.145,2432.945,2502.155,0.283857777,6.0,2472.186333
2025-06-29 23:00:00+00:00,2503.4,2524.8325,2495.945,2501.627,1.231779247,2.0,2515.339359
2025-06-30 00:00:00+00:00,2502.6745,2523.685,2501.053,2519.225,0.0,0.0,2503.92825
2025-06-30 01:00:00+00:00,2520.203,2520.395,2505.5,2511.777,0.007980409,2.0,2512.985884
2025-06-30 02:00:00+00:00,2511.0405,2512.295,2501.025,2502.2735,1.927125685,2.0,2510.758564
2025-06-30 03:00:00+00:00,2502.516,2505.3025,2496.55,2500.96,0.515805121,3.0,2496.779407
2025-06-30 04:00:00+00:00,2499.75,2505.8455,2496.775,2497.055,2.141856601,5.0,2499.278422
2025-06-30 05:00:00+00:00,2495.92,2503.9345,2495.1975,2503.798,5.282756393,5.0,2496.786522
2025-06-30 06:00:00+00:00,2502.05,2504.215,2457.842,2466.0,0.909432805,4.0,2468.825787
2025-06-30 07:00:00+00:00,2464.71,2483.2165,2461.9195,2481.831,0.024028532,2.0,2465.476879
2025-06-30 08:00:00+00:00,2483.1795,2486.11,2467.469,2468.85,0.004068335,1.0,2470.9
2025-06-30 09:00:00+00:00,2470.7275,2476.924,2452.7975,2452.7975,0.382128413,9.0,2467.675827
2025-06-30 10:00:00+00:00,2451.775,2459.22,2447.2555,2456.999,0.218824706,5.0,2453.572209
2025-06-30 11:00:00+00:00,2455.682,2468.8015,2453.7535,2459.09,1.528925679,3.0,2465.55142
2025-06-30 12:00:00+00:00,2457.19,2465.562,2457.19,2460.416,1.52025,2.0,2457.205929
2025-06-30 13:00:00+00:00,2460.95,2475.916,2459.8,2461.985,0.119223327,8.0,2470.584327
2025-06-30 14:00:00+00:00,2463.295,2469.7,2435.775,2438.0,1.122180153,12.0,2461.785756
2025-06-30 15:00:00+00:00,2439.723,2488.025,2436.429,2475.33,4.282204184,19.0,2472.520596
2025-06-30 16:00:00+00:00,2475.981,2482.91,2462.655,2476.5,1.721447799,5.0,2477.068376
2025-06-30 17:00:00+00:00,2477.9,2497.5785,2474.931,2489.385,1.372918575,25.0,2486.277992
2025-06-30 18:00:00+00:00,2489.6065,2498.5392143125,2479.97,2486.413,14.779426711,4.0,2484.866134
2025-06-30 19:00:00+00:00,2487.856,2516.025,2486.161,2515.855,3.758217145,60.0,2511.230302
2025-06-30 20:00:00+00:00,2515.025,2522.185,2503.1405,2503.285,0.081092474,3.0,2515.973883
2025-06-30 21:00:00+00:00,2505.2385,2505.2385,2483.502,2488.757,0.159875,5.0,2494.224738
2025-06-30 22:00:00+00:00,2490.449,2496.35,2485.841,2491.87,0.0,0.0,2490.932
2025-06-30 23:00:00+00:00,2491.248,2494.935,2486.05,2486.6335,0.01436824,1.0,2489.75
2025-07-01 00:00:00+00:00,2488.02,2497.2,2477.9,2493.378,0.104661281,2.0,2492.670785
2025-07-01 01:00:00+00:00,2494.407,2501.596,2488.415,2488.97,0.0,0.0,2494.407
2025-07-01 02:00:00+00:00,2488.39,2495.75,2484.105,2484.105,0.0,0.0,2488.39
2025-07-01 03:00:00+00:00,2485.4635,2489.319,2480.2275,2485.9035,0.031088826,3.0,2485.784409
2025-07-01 04:00:00+00:00,2484.908,2486.93,2461.0,2462.45,0.568677925,10.0,2470.998221
2025-07-01 05:00:00+00:00,2463.8385,2467.353,2453.3455,2461.46,0.02050472,2.0,2461.413096
2025-07-01 06:00:00+00:00,2460.139,2463.0515,2456.74,2460.958,0.03961642,3.0,2461.693418
2025-07-01 07:00:00+00:00,2461.978,2467.21,2447.0895,2465.752,0.09,1.0,2452.43
2025-07-01 08:00:00+00:00,2464.605,2464.605,2452.1875,2453.9425,0.047229654,3.0,2461.045905
2025-07-01 09:00:00+00:00,2454.52,2459.3,2450.8125,2458.095,0.069064786,4.0,2458.680962
2025-07-01 10:00:00+00:00,2457.1,2462.4,2449.5375,2457.3,0.396172788,2.0,2462.344125
2025-07-01 11:00:00+00:00,2458.22,2458.22,2443.1,2449.18,0.019237325,3.0,2446.771503
2025-07-01 12:00:00+00:00,2450.726,2454.379,2435.75,2438.0,12.389023883,5.0,2440.310249
2025-07-01 13:00:00+00:00,2436.5,2447.9565,2426.364,2444.0705,3.105730679,6.0,2440.247463
2025-07-01 14:00:00+00:00,2443.006,2456.3245,2410.355,2419.973,0.426006534,9.0,2436.122499
2025-07-01 15:00:00+00:00,2421.656,2432.35,2417.112,2424.979,1.152225106,7.0,2425.353838
2025-07-01 16:00:00+00:00,2424.226,2431.78,2419.752,2426.207,0.306669259,12.0,2426.957274
2025-07-01 17:00:00+00:00,2424.55,2434.1445,2419.4415,2432.595,0.297324878,9.0,2429.442269
2025-07-01 18:00:00+00:00,2433.985,2433.985,2402.21,2411.405,1.002639579,4.0,2413.846918
2025-07-01 19:00:00+00:00,2409.7035,2423.318,2404.3,2404.3,1.513471142,51.0,2413.83217
2025-07-01 20:00:00+00:00,2405.505,2418.72,2395.144334975,2415.4005,0.099123084,6.0,2408.982455
2025-07-01 21:00:00+00:00,2415.1,2419.1585,2404.85,2407.44,0.060628266,3.0,2412.877035
2025-07-01 22:00:00+00:00,2405.75,2413.914,2399.495,2400.8,4.015464079,4.0,2412.113853
2025-07-01 23:00:00+00:00,2399.56,2406.1285,2389.25,2405.1845,0.846906116,4.0,2391.93004
2025-07-02 00:00:00+00:00,2404.4625,2410.58,2399.135,2399.81,0.004080207,1.0,2402.8
2025-07-02 01:00:00+00:00,2398.12,2410.21,2374.973,2410.08,1.206092018,25.0,2386.332205
2025-07-02 02:00:00+00:00,2410.21,2419.64,2408.295,2419.145,0.262573688,5.0,2412.039977
2025-07-02 03:00:00+00:00,2417.6,2431.32,2417.6,2430.51,0.133019,14.0,2428.303359
2025-07-02 04:00:00+00:00,2431.32,2441.9,2426.9565,2439.78,0.096086,11.0,2432.613181
2025-07-02 05:00:00+00:00,2438.7365,2446.9895,2434.744,2445.038,0.004561,2.0,2439.969809
2025-07-02 06:00:00+00:00,2443.472,2452.215,2437.4,2451.515,0.623083826,16.0,2445.475888
2025-07-02 07:00:00+00:00,2451.255,2454.9615,2443.485,2447.9825,0.298159733,19.0,2451.347329
2025-07-02 08:00:00+00:00,2449.9595,2456.568,2445.4785,2449.041,2.072318576,34.0,2453.017533
2025-07-02 09:00:00+00:00,2450.452,2454.169,2446.225,2448.9,0.613944418,3.0,2450.835175
2025-07-02 10:00:00+00:00,2448.275,2454.8106727695,2445.687,2453.698,0.62327679,12.0,2453.477371
2025-07-02 11:00:00+00:00,2455.6695,2460.801,2443.5575,2445.7685,1.876645453,28.0,2458.319573
2025-07-02 12:00:00+00:00,2447.03,2448.415,2433.28,2438.2,0.34488686,5.0,2447.022978
2025-07-02 13:00:00+00:00,2439.53,2458.7455,2439.53,2450.71,0.241841134,15.0,2449.098896
2025-07-02 14:00:00+00:00,2452.897,2472.459,2449.195,2470.85,0.240148363,16.0,2464.335541
2025-07-02 15:00:00+00:00,2472.189,2502.5,2470.75,2500.9605,1.666485807,24.0,2479.247056
2025-07-02 16:00:00+00:00,2500.0445,2564.755,2497.475,2562.1035,5.656475341,39.0,2534.753607
2025-07-02 17:00:00+00:00,2564.063,2589.9405,2552.08,2567.0665,4.006880148,25.0,2570.235169
2025-07-02 18:00:00+00:00,2568.195,2584.83,2567.0705242849,2583.185,1.811022704,8.0,2571.951494
2025-07-02 19:00:00+00:00,2585.23,2608.1935,2568.134,2606.2655,23.199786573,102.0,2574.053482
2025-07-02 20:00:00+00:00,2605.8355,2605.8355,2588.1035,2592.348,3.269906644,16.0,2598.365812
2025-07-02 21:00:00+00:00,2590.58,2601.31,2585.1085,2596.29,0.837347442,13.0,2590.77946
2025-07-02 22:00:00+00:00,2598.09,2618.635,2593.52,2595.1225,0.363850383,9.0,2599.427736
2025-07-02 23:00:00+00:00,2595.785,2595.785,2569.57,2571.3975,0.188853982,20.0,2581.788854
2025-07-03 00:00:00+00:00,2572.6,2579.79,2564.119,2574.9825,0.737295596,15.0,2566.775644
2025-07-03 01:00:00+00:00,2573.615,2586.77,2566.71,2582.635,0.334276567,15.0,2577.547099
2025-07-03 02:00:00+00:00,2580.866,2580.866,2558.33,2568.355,0.692302856,11.0,2561.533794
2025-07-03 03:00:00+00:00,2567.521,2572.538,2561.85,2561.85,0.01485532,4.0,2564.802234
2025-07-03 04:00:00+00:00,2563.3875,2572.875,2558.496,2566.56,0.007453899,2.0,2563.798183
2025-07-03 05:00:00+00:00,2568.305,2601.02,2568.305,2590.2415,0.252867309,15.0,2573.777845
2025-07-03 06:00:00+00:00,2589.21,2604.0175,2587.8,2600.715,0.099953822,5.0,2600.746982
2025-07-03 07:00:00+00:00,2598.604,2604.985865,2589.3,2600.4445,1.24472318,5.0,2599.603281
2025-07-03 08:00:00+00:00,2602.155,2607.8485279185,2588.61,2588.885,1.311384128,11.0,2598.466136
2025-07-03 09:00:00+00:00,2590.169,2617.1755,2588.5765,2599.795,6.07897205,15.0,2603.841947
2025-07-03 10:00:00+00:00,2601.085,2603.1165,2585.635,2599.495,0.797546968,11.0,2593.948693
2025-07-03 11:00:00+00:00,2597.3335,2599.3,2582.5585,2599.3,0.068343938,3.0,2597.331827
2025-07-03 12:00:00+00:00,2597.38,2614.826,2567.61,2590.25,0.880492836,4.0,2594.223123
2025-07-03 13:00:00+00:00,2588.395,2636.417,2586.23,2624.845,3.571983088,28.0,2620.684432
2025-07-03 14:00:00+00:00,2626.281,2633.3415,2587.4,2595.5,2.056415429,30.0,2599.103608
2025-07-03 15:00:00+00:00,2597.65,2598.215,2542.432093596,2571.797,1.959383506,26.0,2579.697094
2025-07-03 16:00:00+00:00,2573.1025,2582.39,2566.8835,2573.1,4.105764838,65.0,2573.471749
2025-07-03 17:00:00+00:00,2575.1065,2582.83,2572.9995,2578.635,0.012983883,6.0,2579.083693
2025-07-03 18:00:00+00:00,2580.0905,2587.344,2575.8155,2586.373,0.304571276,4.0,2583.029806
2025-07-03 19:00:00+00:00,2587.93,2593.595,2583.851,2587.04,0.374736504,4.0,2589.302708
2025-07-03 20:00:00+00:00,2588.3915,2598.3885,2588.3915,2598.3885,0.038,1.0,2593.75
2025-07-03 21:00:00+00:00,2598.91,2604.85,2588.871,2596.06,0.121766,8.0,2598.304318
2025-07-03 22:00:00+00:00,2595.055,2602.3555,2592.02,2594.5385,0.001298007,4.0,2593.57159
2025-07-03 23:00:00+00:00,2596.355,2598.498,2587.6,2591.265,0.245243129,4.0,2589.474785
2025-07-04 00:00:00+00:00,2592.9895,2599.7505,2582.69,2589.675,0.307245871,3.0,2594.969488
2025-07-04 01:00:00+00:00,2591.5,2603.01,2589.803,2591.355,0.0,0.0,2591.5
2025-07-04 02:00:00+00:00,2589.8105,2593.08,2572.97,2577.045,0.39925,2.0,2584.999768
2025-07-04 03:00:00+00:00,2576.335,2585.92,2573.7695,2579.565,0.3,1.0,2582.364
2025-07-04 04:00:00+00:00,2579.3605,2586.05,2570.8865,2571.52,0.194273847,3.0,2581.051162
2025-07-04 05:00:00+00:00,2572.96,2581.3985,2565.4,2570.0925,0.105300379,8.0,2577.03561
2025-07-04 06:00:00+00:00,2571.0365,2572.563,2551.47,2558.455,0.997099543,5.0,2560.012662
2025-07-04 07:00:00+00:00,2560.6,2565.64,2532.99,2537.087,0.832911126,7.0,2549.644158
2025-07-04 08:00:00+00:00,2535.574,2553.645,2529.4,2548.261,1.468943908,5.0,2550.973484
2025-07-04 09:00:00+00:00,2549.415,2559.918,2547.93,2552.4895,0.303858352,7.0,2553.425742
2025-07-04 10:00:00+00:00,2554.4,2556.43,2546.8085,2549.251,0.02,2.0,2553.15
2025-07-04 11:00:00+00:00,2550.33,2557.031,2549.7035,2550.12,0.287398961,5.0,2555.993234
2025-07-04 12:00:00+00:00,2550.82,2554.6325,2544.72,2548.263,0.2,1.0,2552.681
2025-07-04 13:00:00+00:00,2550.207,2556.8055,2524.1575,2526.475,0.274004064,4.0,2535.794243
2025-07-04 14:00:00+00:00,2527.4175,2529.4,2499.988,2517.7,2.245373385,7.0,2523.59877
2025-07-04 15:00:00+00:00,2515.7,2521.16,2500.245,2502.079,0.525881088,14.0,2517.968704
2025-07-04 16:00:00+00:00,2503.855,2503.855,2476.18,2488.55,0.985626205,9.0,2496.021331
2025-07-04 17:00:00+00:00,2487.4225,2499.04,2487.4225,2497.996,9.581902881,6.0,2498.710742
2025-07-04 18:00:00+00:00,2496.912,2496.912,2481.5975,2485.615,2.793236559,13.0,2489.596419
2025-07-04 19:00:00+00:00,2483.95,2493.078,2475.95,2483.65,1.260993919,61.0,2483.254111
2025-07-04 20:00:00+00:00,2482.365,2496.5925,2482.365,2491.7,2.035136,3.0,2495.164146
2025-07-04 21:00:00+00:00,2492.601,2498.332,2488.03,2496.8675,1.068547,3.0,2493.269355
2025-07-04 22:00:00+00:00,2495.725,2521.8225,2495.725,2521.8225,0.195505391,3.0,2506.840819
2025-07-04 23:00:00+00:00,2520.473,2520.62,2505.4205,2508.555,0.10348,5.0,2515.803183
2025-07-05 00:00:00+00:00,2508.95,2519.095,2508.63,2518.0,0.0,0.0,2508.79
2025-07-05 01:00:00+00:00,2517.25,2517.25,2507.7175,2515.746,0.0,0.0,2517.25
2025-07-05 02:00:00+00:00,2513.89,2519.7115,2499.68,2519.1755,0.033162,2.0,2515.827333
2025-07-05 03:00:00+00:00,2520.2315,2525.43,2516.7,2520.0,0.934187779,6.0,2522.87903
2025-07-05 04:00:00+00:00,2518.131,2526.24,2513.9985,2517.3305,0.171246913,4.0,2519.022881
2025-07-05 05:00:00+00:00,2515.861,2522.11,2515.0585,2520.9355,0.009975,1.0,2515.861
2025-07-05 06:00:00+00:00,2519.09,2529.218,2517.6645,2527.836,0.5,1.0,2529.218
2025-07-05 07:00:00+00:00,2527.712,2530.6025,2520.71,2522.694,0.054427007,1.0,2523.06
2025-07-05 08:00:00+00:00,2521.315,2525.73,2512.1,2517.7,0.0,0.0,2521.315
2025-07-05 09:00:00+00:00,2516.545,2523.795,2510.41,2522.262,0.0,0.0,2516.01125
2025-07-05 10:00:00+00:00,2523.9605,2523.9605,2519.37,2520.05,0.0,0.0,2523.9605
2025-07-05 11:00:00+00:00,2521.7,2525.72,2518.9675,2518.9675,0.031188684,8.0,2523.45603
2025-07-05 12:00:00+00:00,2520.014,2520.014,2511.8,2518.9805,0.510352111,3.0,2516.620809
2025-07-05 13:00:00+00:00,2519.515,2522.5235,2514.6,2515.2855,0.00714442,2.0,2516.99756
2025-07-05 14:00:00+00:00,2516.981,2521.738,2513.12,2519.068,0.010672605,1.0,2516.981
2025-07-05 15:00:00+00:00,2517.94,2519.604,2506.805,2508.621,0.08073194,4.0,2512.340726
2025-07-05 16:00:00+00:00,2509.295,2514.6,2493.732,2506.95,0.111131264,5.0,2513.217182
2025-07-05 17:00:00+00:00,2507.81,2512.86,2497.0,2505.1625,0.017134424,3.0,2501.399463
2025-07-05 18:00:00+00:00,2503.81,2503.81,2492.835,2492.94,0.007131923,2.0,2498.656547
2025-07-05 19:00:00+00:00,2494.325,2510.4,2490.124,2506.935,0.710121073,23.0,2508.263195
2025-07-05 20:00:00+00:00,2505.7445,2508.903,2499.5335,2506.91,0.001,1.0,2504.8
2025-07-05 21:00:00+00:00,2508.608,2519.0975,2506.7,2517.5615,0.0,0.0,2508.608
2025-07-05 22:00:00+00:00,2516.2105,2521.715,2513.81,2518.955,0.2,1.0,2513.81
2025-07-05 23:00:00+00:00,2520.7115,2523.457,2515.8,2517.97,0.039773945,2.0,2519.269307
2025-07-06 00:00:00+00:00,2517.1,2521.2775,2513.5935,2521.2775,0.02,2.0,2519.3
2025-07-06 01:00:00+00:00,2521.04,2521.101,2515.636,2518.8355,0.01995,1.0,2515.636
2025-07-06 02:00:00+00:00,2517.9225,2522.73,2514.9115,2514.9485,1.010027315,2.0,2522.681225
2025-07-06 03:00:00+00:00,2513.15,2515.638,2510.4525,2515.638,0.0,0.0,2513.15
2025-07-06 04:00:00+00:00,2517.085,2518.63,2511.475,2513.6195,0.0,0.0,2517.8575
2025-07-06 05:00:00+00:00,2512.015,2514.2,2510.165,2510.45,0.0,0.0,2512.015
2025-07-06 06:00:00+00:00,2511.573,2526.3,2511.573,2522.2,0.038386384,1.0,2515.7
2025-07-06 07:00:00+00:00,2523.786,2526.19,2519.0385,2519.0385,0.0,0.0,2523.786
2025-07-06 08:00:00+00:00,2518.6,2518.6,2509.508,2513.105,0.052266858,2.0,2513.641631
2025-07-06 09:00:00+00:00,2514.8535,2517.85,2507.1,2507.825,0.015613476,5.0,2513.626149
2025-07-06 10:00:00+00:00,2506.673,2515.0175,2505.05,2509.4675,0.023493941,2.0,2513.845111
2025-07-06 11:00:00+00:00,2510.9,2516.26,2510.244,2516.26,0.038995942,2.0,2510.708014
2025-07-06 12:00:00+00:00,2514.54,2522.626,2513.076,2521.46,0.037578946,4.0,2520.400303
2025-07-06 13:00:00+00:00,2519.8525,2569.616,2518.475,2557.85,0.211491704,3.0,2542.192321
2025-07-06 14:00:00+00:00,2559.3,2567.3665,2548.403,2559.3705,1.218938399,8.0,2559.378227
2025-07-06 15:00:00+00:00,2561.321,2563.86,2549.69,2559.275,0.088058909,4.0,2557.355918
2025-07-06 16:00:00+00:00,2560.595,2560.595,2543.605,2553.0805,0.004758853,2.0,2557.671156
2025-07-06 17:00:00+00:00,2551.363,2553.059,2544.739,2548.31,0.0,0.0,2551.363
2025-07-06 18:00:00+00:00,2546.2555,2548.53,2525.675,2532.13,9.454720783,4.0,2543.403643
2025-07-06 19:00:00+00:00,2532.907,2542.0675,2532.907,2542.0675,0.856348274,42.0,2539.296593
2025-07-06 20:00:00+00:00,2540.88,2551.29,2540.88,2546.6675,0.0523018,3.0,2542.554994
2025-07-06 21:00:00+00:00,2547.785,2603.225,2543.43,2588.13,0.331045867,4.0,2592.669371
2025-07-06 22:00:00+00:00,2589.765,2605.1035,2581.8615,2582.493,1.122013544,6.0,2591.525954
2025-07-06 23:00:00+00:00,2581.9675,2581.9675,2563.7635,2571.4225,0.007875554,3.0,2571.158609
2025-07-07 00:00:00+00:00,2569.11,2574.835,2556.59,2561.65,0.54495915,5.0,2560.133439
2025-07-07 01:00:00+00:00,2562.785,2565.4025,2552.2955,2564.55,0.15,1.0,2555.37
2025-07-07 02:00:00+00:00,2565.8105,2584.453,2565.8105,2576.895,0.01085838,2.0,2570.635417
2025-07-07 03:00:00+00:00,2577.8245,2590.48,2576.55,2578.075,0.149,1.0,2588.59
2025-07-07 04:00:00+00:00,2579.045,2580.508,2571.75,2574.0025,0.400363917,2.0,2574.960059
2025-07-07 05:00:00+00:00,2575.731,2578.125,2567.138,2569.665,0.006649799,2.0,2574.45398
2025-07-07 06:00:00+00:00,2568.2045,2577.75,2563.9415,2566.15,0.106628909,3.0,2566.392847
2025-07-07 07:00:00+00:00,2567.555,2579.6,2560.8155,2578.435,0.075318493,1.0,2564.274
2025-07-07 08:00:00+00:00,2579.442,2588.31,2570.903,2585.5,0.122782065,4.0,2579.662049
2025-07-07 09:00:00+00:00,2583.775,2583.775,2567.275,2572.28,0.037453508,1.0,2578.36
2025-07-07 10:00:00+00:00,2570.5045,2570.5045,2559.815,2559.815,0.487942181,5.0,2568.732088
2025-07-07 11:00:00+00:00,2558.6,2565.671,2553.67,2563.8,0.1,1.0,2555.75
2025-07-07 12:00:00+00:00,2562.4385,2564.84,2545.175,2548.865,0.022125393,3.0,2550.429138
2025-07-07 13:00:00+00:00,2550.05,2569.12,2536.27,2565.287,4.676323337,7.0,2550.609866
2025-07-07 14:00:00+00:00,2563.3,2567.4415,2530.3955,2531.37,2.400260276,12.0,2542.671276
2025-07-07 15:00:00+00:00,2532.791,2544.321,2527.811,2534.0675,0.268826705,7.0,2528.52691
2025-07-07 16:00:00+00:00,2535.82,2541.92,2513.7935,2524.26,0.892660041,7.0,2532.861148
2025-07-07 17:00:00+00:00,2523.035,2546.4325,2517.731,2532.8965,0.519057967,2.0,2529.61017
2025-07-07 18:00:00+00:00,2534.64,2545.329,2521.37,2544.21,10.149892368,5.0,2524.866209
2025-07-07 19:00:00+00:00,2542.968,2555.75,2540.33,2543.8565,6.210523767,47.0,2548.825709
2025-07-07 20:00:00+00:00,2543.15,2544.2135,2530.82,2533.7145,1.74615,1.0,2539.464
2025-07-07 21:00:00+00:00,2535.03,2542.15,2523.869,2539.5125,0.0,0.0,2534.27075
2025-07-07 22:00:00+00:00,2541.071,2542.477,2530.9515,2536.92,0.038083616,1.0,2535.7
2025-07-07 23:00:00+00:00,2537.9555,2545.439,2537.9555,2543.234,0.0,0.0,2537.9555
2025-07-08 00:00:00+00:00,2541.9075,2554.175,2538.276,2541.05,0.0,0.0,2541.9075
2025-07-08 01:00:00+00:00,2539.65,2539.65,2526.795,2526.795,0.0,0.0,2538.802
2025-07-08 02:00:00+00:00,2525.6155,2538.4115,2524.0585,2528.38,0.525806795,7.0,2529.594599
2025-07-08 03:00:00+00:00,2530.024,2539.9255,2528.417,2538.8,0.007436099,2.0,2535.413227
2025-07-08 04:00:00+00:00,2537.27,2544.2,2532.0,2543.731,0.0,0.0,2537.27
2025-07-08 05:00:00+00:00,2545.185,2552.68,2541.7,2552.68,0.966162742,2.0,2549.74196
2025-07-08 06:00:00+00:00,2550.925,2564.2775,2550.365,2559.21,0.089040425,3.0,2554.30414
2025-07-08 07:00:00+00:00,2557.775,2557.775,2548.13,2553.1645,4.0,1.0,2550.6
2025-07-08 08:00:00+00:00,2552.054,2561.2,2546.26,2546.56,8.025334413,4.0,2557.231366
2025-07-08 09:00:00+00:00,2545.032,2554.819,2543.611,2552.605,0.00738216,1.0,2546.6
2025-07-08 10:00:00+00:00,2550.89,2567.23,2550.375,2565.6015,0.0,0.0,2550.89
2025-07-08 11:00:00+00:00,2564.646,2585.215,2564.646,2574.8355,0.118961995,2.0,2577.711024
2025-07-08 12:00:00+00:00,2575.97,2584.754,2572.62,2582.94,0.776622,1.0,2577.383
2025-07-08 13:00:00+00:00,2581.7335,2599.695,2571.7505,2588.995,1.016654223,5.0,2581.587561
2025-07-08 14:00:00+00:00,2587.591,2587.6445,2558.858,2563.993,1.388972,5.0,2572.180498
2025-07-08 15:00:00+00:00,2563.1245,2570.25,2559.6165,2565.4,0.511376215,3.0,2562.124899
2025-07-08 16:00:00+00:00,2566.6675,2581.8905,2559.2,2576.929,2.112657705,14.0,2576.131082
2025-07-08 17:00:00+00:00,2575.52,2628.56,2575.52,2616.6164721487,8.787553138,11.0,2608.648617
2025-07-08 18:00:00+00:00,2617.6535,2625.3015,2612.05,2625.25,2.043517209,8.0,2617.505893
2025-07-08 19:00:00+00:00,2623.713,2625.498,2602.56,2611.5635,3.745080635,58.0,2610.913475
2025-07-08 20:00:00+00:00,2610.6,2614.583,2601.0205,2601.0205,1.792315512,4.0,2604.197341
2025-07-08 21:00:00+00:00,2600.23,2612.55,2598.05,2610.0425,0.7,2.0,2605.947143
2025-07-08 22:00:00+00:00,2611.1535,2612.527,2604.0495,2611.65,0.017594299,1.0,2607.1
2025-07-08 23:00:00+00:00,2611.637,2618.4305,2608.755,2614.79,0.092286532,1.0,2616.0
2025-07-09 00:00:00+00:00,2616.355,2616.355,2603.81,2612.9805,0.00377516,1.0,2608.618
2025-07-09 01:00:00+00:00,2615.084,2627.0,2601.5085,2604.88,0.106196448,3.0,2621.376141
2025-07-09 02:00:00+00:00,2605.865,2610.5965,2603.17,2603.625,0.009284093,3.0,2606.17743
2025-07-09 03:00:00+00:00,2604.788,2607.1565,2590.9,2592.3095,0.203719184,4.0,2598.512574
2025-07-09 04:00:00+00:00,2593.88,2603.755,2591.45,2603.755,0.0,0.0,2593.88
2025-07-09 05:00:00+00:00,2604.65,2644.085,2604.65,2628.87,2.469050508,8.0,2637.642634
2025-07-09 06:00:00+00:00,2626.85,2631.919890016,2619.0,2631.249890016,0.989469266,3.0,2626.130852
2025-07-09 07:00:00+00:00,2631.719890016,2632.5397800319492,2621.9,2625.7615,4.777999624,8.0,2622.494863
2025-07-09 08:00:00+00:00,2623.925,2626.635,2611.3455,2611.3455,0.0,0.0,2623.925
2025-07-09 09:00:00+00:00,2612.605,2615.3375,2606.045,2611.402,0.384591582,5.0,2609.362795
2025-07-09 10:00:00+00:00,2610.411,2622.5,2605.47,2617.903,1.769113376,7.0,2619.544288
2025-07-09 11:00:00+00:00,2619.04,2630.834390016,2618.3285,2625.855,0.094737693,1.0,2629.862
2025-07-09 12:00:00+00:00,2627.905,2664.653,2624.741,2660.7,6.61724124,16.0,2650.256475
2025-07-09 13:00:00+00:00,2662.4085,2675.28,2654.687,2654.706,1.029782835,8.0,2658.913944
2025-07-09 14:00:00+00:00,2653.7115,2670.386,2629.9785,2641.97,4.768920843,13.0,2638.514294
2025-07-09 15:00:00+00:00,2643.65,2658.1220933954,2643.65,2657.1005,6.964024093,5.0,2655.263245
2025-07-09 16:00:00+00:00,2658.3160933954,2669.31,2653.56,2668.4741477294,4.494559365,9.0,2654.367007
2025-07-09 17:00:00+00:00,2668.0091477294,2668.29,2654.71,2662.9095,4.946247695,13.0,2660.432124
2025-07-09 18:00:00+00:00,2664.4465,2724.05,2664.2005,2719.615,6.950983165,17.0,2709.284673
2025-07-09 19:00:00+00:00,2717.801,2794.03705,2717.801,2766.03,3.835660789,107.0,2766.061114
2025-07-09 20:00:00+00:00,2764.2455,2767.012,2733.7685,2738.82,36.234864456,12.0,2759.050088
2025-07-09 21:00:00+00:00,2737.3,2759.61,2736.0225,2753.955,0.070265557,3.0,2751.562048
2025-07-09 22:00:00+00:00,2756.26,2783.52,2756.26,2781.1345,0.11514,2.0,2779.819371
2025-07-09 23:00:00+00:00,2780.1705,2783.5715,2767.92,2769.815,0.67252239,3.0,2777.287836
2025-07-10 00:00:00+00:00,2770.32,2773.886,2758.13,2758.483,0.027,1.0,2766.3
2025-07-10 01:00:00+00:00,2760.35,2779.7,2757.91,2774.9085,0.16804475,4.0,2763.455338
2025-07-10 02:00:00+00:00,2776.625,2796.0745,2774.6255,2785.525,0.426013371,6.0,2781.559228
2025-07-10 03:00:00+00:00,2787.55,2790.52,2770.47,2777.57,0.504719396,4.0,2775.037192
2025-07-10 04:00:00+00:00,2776.62,2780.527,2765.474,2780.4575,0.367394925,2.0,2765.961481
2025-07-10 05:00:00+00:00,2778.885,2785.8,2774.7145,2783.0065,6.564974961,4.0,2776.075124
2025-07-10 06:00:00+00:00,2783.79,2798.965,2781.3,2796.97,1.788181548,5.0,2787.378887
2025-07-10 07:00:00+00:00,2796.233,2823.2185,2788.435,2792.815,2.737741116,6.0,2800.402062
2025-07-10 08:00:00+00:00,2790.994,2797.549,2785.275,2786.632,1.651291078,6.0,2788.663537
2025-07-10 09:00:00+00:00,2790.2755,2791.7,2775.0,2778.845,3.712667764,4.0,2777.602902
2025-07-10 10:00:00+00:00,2780.232,2786.232,2773.6,2786.232,4.493631843,6.0,2775.21987
2025-07-10 11:00:00+00:00,2784.55,2785.35,2775.3,2780.142,0.207464941,2.0,2775.613212
2025-07-10 12:00:00+00:00,2778.808,2780.345,2769.605,2780.345,0.114900971,3.0,2773.487129
2025-07-10 13:00:00+00:00,2779.015,2796.8,2773.862,2785.7355,11.609834862,8.0,2782.760389
2025-07-10 14:00:00+00:00,2786.2615,2793.61,2760.684,2777.65,2.414957924,11.0,2770.169853
2025-07-10 15:00:00+00:00,2776.0237368771,2780.57,2761.5,2772.33,0.621120997,6.0,2775.971165
2025-07-10 16:00:00+00:00,2772.475,2813.75,2770.515,2809.1785,1.645632866,12.0,2790.642896
2025-07-10 17:00:00+00:00,2810.605,2835.92329,2804.8105,2833.4145,5.257239801,8.0,2817.669758
2025-07-10 18:00:00+00:00,2831.376,2841.534796954,2798.35,2812.1,2.489981143,8.0,2816.286068
2025-07-10 19:00:00+00:00,2813.31,2823.6175,2809.388,2818.511,1.021131088,46.0,2812.37325
2025-07-10 20:00:00+00:00,2816.8975,2828.55,2816.03,2821.25,1.004790513,3.0,2823.722899
2025-07-10 21:00:00+00:00,2820.1,2999.9595,2820.1,2975.3105,33.123392901,45.0,2916.033622
2025-07-10 22:00:00+00:00,2968.807,2979.083,2954.45,2972.733,6.083918298,10.0,2969.225919
2025-07-10 23:00:00+00:00,2972.3,2972.3,2936.512,2952.97,0.335199052,5.0,2957.718814
2025-07-11 00:00:00+00:00,2950.075,2957.008,2914.7455,2937.95,1.21401919,7.0,2927.478598
2025-07-11 01:00:00+00:00,2936.98,2956.803,2934.1865,2954.6675,0.48121729,6.0,2951.934406
2025-07-11 02:00:00+00:00,2957.2645,2968.6735,2952.55,2965.95,0.859528064,4.0,2959.699413
2025-07-11 03:00:00+00:00,2964.131,2974.639,2958.253,2971.7295,9.120741082,8.0,2964.483278
2025-07-11 04:00:00+00:00,2970.26,2971.174,2948.165,2970.221,2.788627541,7.0,2953.829537
2025-07-11 05:00:00+00:00,2971.45,3029.9505,2968.515,3007.045,4.034377468,23.0,2998.659427
2025-07-11 06:00:00+00:00,3004.6585,3027.55,2985.66,2990.56,23.477760952,14.0,2998.65182
2025-07-11 07:00:00+00:00,2988.135,3004.2665,2970.935,2970.935,5.53960119,13.0,2984.328838
2025-07-11 08:00:00+00:00,2968.96,3009.1,2966.7295,3006.3,3.937052315,6.0,2978.946201
2025-07-11 09:00:00+00:00,3002.7165,3039.1355,2997.7,3015.93,2.237795788,9.0,3023.903439
2025-07-11 10:00:00+00:00,3014.58,3014.656,2995.227,3002.9655,4.1058996,11.0,3003.699007
2025-07-11 11:00:00+00:00,3005.544,3006.524,2971.0995,2986.09,2.486132219,18.0,2984.198726
2025-07-11 12:00:00+00:00,2987.2255,2995.309,2971.3235,2987.774,7.175408822,13.0,2973.428338
2025-07-11 13:00:00+00:00,2985.65,3009.1285,2976.6215,3007.7,1.994928364,14.0,2994.409557
2025-07-11 14:00:00+00:00,3004.9,3006.52,2983.651,2987.9595,7.071982505,10.0,2994.761687
2025-07-11 15:00:00+00:00,2990.2755,2995.4945,2941.6,2951.62,10.972203869,18.0,2976.102014
2025-07-11 16:00:00+00:00,2949.95,2972.4,2939.38,2968.8425,7.945458235,18.0,2962.575451
2025-07-11 17:00:00+00:00,2967.1035,3000.658,2965.5135,2995.1495,9.774696939,10.0,2983.437315
2025-07-11 18:00:00+00:00,2993.35,2998.9735,2983.68,2995.213,0.380874106,4.0,2984.467218
2025-07-11 19:00:00+00:00,2994.9,3009.7761421315,2980.145,3009.1311421315,7.350283856,89.0,3002.96758
2025-07-11 20:00:00+00:00,3008.1561421315,3010.152284263,2975.265,2977.0295,3.141349366,8.0,3005.721445
2025-07-11 21:00:00+00:00,2978.4365,2997.13,2960.395,2968.6975,1.215483147,9.0,2978.724499
2025-07-11 22:00:00+00:00,2970.479,2971.3,2925.5,2952.0645,1.125672394,7.0,2956.540847
2025-07-11 23:00:00+00:00,2952.0,2961.975,2951.945,2958.685,0.051643976,2.0,2956.259935
2025-07-12 00:00:00+00:00,2960.135,2965.9,2936.4155,2953.126,0.182834745,3.0,2956.104578
2025-07-12 01:00:00+00:00,2954.3,2966.3,2954.3,2961.38,0.582534733,4.0,2960.731478
2025-07-12 02:00:00+00:00,2959.35,2972.128,2955.18,2959.2485,0.136208595,5.0,2966.486784
2025-07-12 03:00:00+00:00,2956.741,2969.56,2956.741,2967.9485,0.195232753,1.0,2967.8
2025-07-12 04:00:00+00:00,2969.365,2971.138,2943.775,2952.1805,0.128275689,2.0,2969.793106
2025-07-12 05:00:00+00:00,2954.4315,2959.149,2944.885,2950.84,14.013949416,3.0,2952.401536
2025-07-12 06:00:00+00:00,2953.65,2964.919,2946.076,2961.64,0.605375269,7.0,2951.24437
2025-07-12 07:00:00+00:00,2963.585,2978.0,2963.0955,2964.3775,0.108872769,4.0,2974.12347
2025-07-12 08:00:00+00:00,2965.473,2970.23,2958.6225,2968.9035,0.0,0.0,2965.473
2025-07-12 09:00:00+00:00,2966.5055,2977.815,2964.267,2975.715,0.021678027,5.0,2972.395007
2025-07-12 10:00:00+00:00,2976.3,2980.361,2970.174,2976.7765,0.042256393,5.0,2974.232981
2025-07-12 11:00:00+00:00,2978.863,2981.1095,2963.955,2967.5,0.038984662,3.0,2969.592808
2025-07-12 12:00:00+00:00,2966.1955,2968.555,2925.865,2944.336,0.785790164,10.0,2935.249008
2025-07-12 13:00:00+00:00,2942.78,2942.97,2921.315,2940.4,0.275302543,10.0,2937.961343
2025-07-12 14:00:00+00:00,2938.13,2949.81,2926.515,2929.79,0.002604697,1.0,2927.138
2025-07-12 15:00:00+00:00,2931.2445,2931.9965,2906.711970443,2916.25,2.98503252,8.0,2912.262951
2025-07-12 16:00:00+00:00,2917.068,2937.1,2911.9175,2924.965,3.397270602,15.0,2924.365702
2025-07-12 17:00:00+00:00,2926.89,2943.301218274,2925.5,2943.301218274,0.051692584,5.0,2926.680771
2025-07-12 18:00:00+00:00,2942.234218274,2944.081218274,2937.3995,2942.756218274,0.007048459,1.0,2939.5
2025-07-12 19:00:00+00:00,2941.35,2945.116,2938.2,2940.4825,2.740273512,105.0,2941.243371
2025-07-12 20:00:00+00:00,2942.725,2943.2,2918.6,2919.6455,0.003640989,2.0,2942.834934
2025-07-12 21:00:00+00:00,2917.579,2941.0725,2917.579,2940.732,0.897716025,7.0,2932.56
2025-07-12 22:00:00+00:00,2941.0585,2941.849,2927.266,2939.165,0.119919194,2.0,2936.703927
2025-07-12 23:00:00+00:00,2940.536,2948.395,2933.251,2944.0465,0.0,0.0,2940.536
2025-07-13 00:00:00+00:00,2945.375,2951.15,2939.12,2945.1,0.03804077,4.0,2948.402807
2025-07-13 01:00:00+00:00,2946.39,2954.494,2940.625,2951.115,0.060365796,4.0,2952.208207
2025-07-13 02:00:00+00:00,2949.55,2961.78,2940.825,2954.711,0.0,0.0,2948.9175
2025-07-13 03:00:00+00:00,2954.05,2959.6,2949.4585,2956.045,0.129564829,4.0,2957.831249
2025-07-13 04:00:00+00:00,2954.3045,2959.929,2952.8175,2959.929,0.0,0.0,2954.3045
2025-07-13 05:00:00+00:00,2961.89,2963.5,2951.4035,2951.4035,0.00330944,2.0,2962.410908
2025-07-13 06:00:00+00:00,2952.85,2968.9065,2952.85,2960.8735,0.122916025,3.0,2954.693225
2025-07-13 07:00:00+00:00,2959.582,2967.64,2958.09,2965.07,2.169262713,5.0,2967.183122
2025-07-13 08:00:00+00:00,2967.0,2967.0,2953.4175,2956.915,0.035891711,4.0,2959.287164
2025-07-13 09:00:00+00:00,2958.12,2959.695,2946.417,2949.789,0.206988205,6.0,2954.920593
2025-07-13 10:00:00+00:00,2951.092,2959.156,2946.607,2948.962,2.713942623,13.0,2948.262821
2025-07-13 11:00:00+00:00,2950.695,2967.055,2950.695,2966.2695,0.405462936,7.0,2964.869778
2025-07-13 12:00:00+00:00,2965.0285,2994.285,2961.84,2988.01,0.15555807,8.0,2985.943409
2025-07-13 13:00:00+00:00,2989.2665,2995.875,2976.2365,2990.774,0.126780799,9.0,2984.19243
2025-07-13 14:00:00+00:00,2992.048,3020.908,2980.6315,2988.675,0.334841663,10.0,3003.377969
2025-07-13 15:00:00+00:00,2990.215,3006.556,2985.564,2994.067,0.292255517,12.0,2994.848471
2025-07-13 16:00:00+00:00,2995.635,3000.685,2975.957,2975.957,0.475918518,7.0,2981.813294
2025-07-13 17:00:00+00:00,2974.7,2997.695,2966.745,2993.8135,0.20088644,2.0,2970.274862
2025-07-13 18:00:00+00:00,2993.0605,3002.0735,2989.245,2996.232,0.020343582,7.0,2996.993024
2025-07-13 19:00:00+00:00,2994.9145,3009.6969948023,2990.125,2990.125,2.886125914,103.0,2998.749762
2025-07-13 20:00:00+00:00,2991.4,3000.6415,2982.5005,2994.15,2.40910582,3.0,2992.199823
2025-07-13 21:00:00+00:00,2992.285,2992.285,2943.188,2967.696,0.177252975,5.0,2963.786465
2025-07-13 22:00:00+00:00,2966.7,2972.39,2948.85,2962.06,0.154217106,16.0,2966.451605
2025-07-13 23:00:00+00:00,2959.77,2980.25,2956.773,2972.3,0.04103576,4.0,2964.583015
2025-07-14 00:00:00+00:00,2974.3065,2988.365,2969.3625,2977.4785,0.407171866,2.0,2984.334777
2025-07-14 01:00:00+00:00,2978.7435,2980.3775,2964.732,2975.857,0.0,0.0,2978.12175
2025-07-14 02:00:00+00:00,2977.4415,3015.945,2974.344,3001.4035,1.554568044,15.0,3000.806506
2025-07-14 03:00:00+00:00,3003.59,3052.5695,2998.9,3038.85,6.578451324,23.0,3040.194469
2025-07-14 04:00:00+00:00,3041.077,3058.107,3030.717,3054.85,3.560307156,11.0,3039.080906
2025-07-14 05:00:00+00:00,3054.06,3065.227,3018.5965,3040.649,4.341664871,14.0,3047.609328
2025-07-14 06:00:00+00:00,3039.078,3044.11,3022.0925,3023.339,0.450539058,7.0,3034.00309
2025-07-14 07:00:00+00:00,3025.385,3050.7935,3023.8575,3046.046,1.276050146,10.0,3039.901547
2025-07-14 08:00:00+00:00,3048.09,3048.09,3024.9265,3040.2260521514,3.68786392,9.0,3029.709207
2025-07-14 09:00:00+00:00,3039.9,3071.4535,3036.91,3047.1695,5.35511108,14.0,3050.698306
2025-07-14 10:00:00+00:00,3044.875,3079.0,3031.7945,3066.0975,2.317801881,7.0,3063.43046
2025-07-14 11:00:00+00:00,3064.86,3084.282,3052.34,3052.445,7.194872168,12.0,3072.223095
2025-07-14 12:00:00+00:00,3053.074,3057.83,3036.065,3050.962,3.546544763,7.0,3045.359423
2025-07-14 13:00:00+00:00,3052.7615,3064.69,3033.137,3057.3755,1.138968799,8.0,3046.872972
2025-07-14 14:00:00+00:00,3059.054,3068.5835,3020.85,3030.64,2.721509076,13.0,3036.849727
2025-07-14 15:00:00+00:00,3028.861,3033.16,2995.0,3012.8215,2.534793332,15.0,3005.326262
2025-07-14 16:00:00+00:00,3011.2425,3029.504,3001.725,3025.415,4.736252244,8.0,3020.837523
2025-07-14 17:00:00+00:00,3024.05,3024.7095,3004.495,3009.0,0.630048909,10.0,3013.434233
2025-07-14 18:00:00+00:00,3010.475,3013.052,2983.794,2989.3765,6.069218018,15.0,3005.216559
2025-07-14 19:00:00+00:00,2987.628,3005.33,2986.8445,3001.0,1.188330334,40.0,2998.094227
2025-07-14 20:00:00+00:00,2998.5,3011.63,2983.588,3005.1755,1.198239989,7.0,2991.557663
2025-07-14 21:00:00+00:00,3004.23,3015.6,3002.44,3012.825,0.003214372,1.0,3012.65
2025-07-14 22:00:00+00:00,3010.855,3018.84,3004.09,3014.99,0.075850206,1.0,3015.9
2025-07-14 23:00:00+00:00,3014.0,3015.159,3006.3455,3015.1105,0.362015934,3.0,3015.149294
2025-07-15 00:00:00+00:00,3013.95,3022.891,2989.215,2992.6,0.0,0.0,3012.675
2025-07-15 01:00:00+00:00,2991.64,3002.1,2964.945,2977.12,2.277024201,15.0,2975.503924
2025-07-15 02:00:00+00:00,2975.34,2987.403,2956.586,2974.553,1.65708394,11.0,2963.814352
2025-07-15 03:00:00+00:00,2973.045,2973.045,2933.909,2951.604,3.559827789,13.0,2952.583813
2025-07-15 04:00:00+00:00,2950.3,2971.57,2936.875,2969.322,0.200597972,6.0,2965.782136
2025-07-15 05:00:00+00:00,2971.4355,2973.15,2963.722,2973.11,1.142356284,7.0,2972.487914
2025-07-15 06:00:00+00:00,2973.15,2992.128,2970.579,2984.585,0.231004776,5.0,2977.114462
2025-07-15 07:00:00+00:00,2986.044,2994.625,2974.6365,2977.127,1.005754103,3.0,2984.551791
2025-07-15 08:00:00+00:00,2975.016,2982.655,2959.17,2974.687,0.188682011,8.0,2974.262222
2025-07-15 09:00:00+00:00,2975.52,2988.012,2970.995,2971.8305,0.702583895,3.0,2979.263998
2025-07-15 10:00:00+00:00,2971.075,2979.1,2967.21,2974.7765,0.200578324,2.0,2975.383057
2025-07-15 11:00:00+00:00,2976.094,2983.7,2963.21,2981.995,0.048571836,6.0,2967.303913
2025-07-15 12:00:00+00:00,2983.0905,3012.35,2968.875,3000.929,0.543709828,6.0,2992.869931
2025-07-15 13:00:00+00:00,3002.82,3066.85,3000.929,3051.6915,1.432272559,13.0,3051.561743
2025-07-15 14:00:00+00:00,3050.386,3063.615,2968.15,2977.4245,6.370996161,21.0,2997.793155
2025-07-15 15:00:00+00:00,2975.8045,3046.5485,2967.705,3038.579,1.232678996,16.0,3027.885216
2025-07-15 16:00:00+00:00,3039.506,3065.7925,3034.465,3046.285,0.225118302,12.0,3048.434824
2025-07-15 17:00:00+00:00,3048.215,3095.8733502535,3036.5695,3094.8083502535,13.709677594,13.0,3065.122746
2025-07-15 18:00:00+00:00,3096.446700507,3096.446700507,3042.5185,3065.537,4.91430898,17.0,3072.925667
2025-07-15 19:00:00+00:00,3064.241,3085.805,3023.85,3041.39,1.917250542,95.0,3058.522427
2025-07-15 20:00:00+00:00,3042.655,3051.184,3031.3115,3041.56,0.305207084,7.0,3042.173312
2025-07-15 21:00:00+00:00,3043.4415,3084.15,3043.4415,3082.45,0.154591437,11.0,3072.551071
2025-07-15 22:00:00+00:00,3082.6005,3093.9733502535,3068.895,3093.9733502535,0.077139199,3.0,3079.97176
2025-07-15 23:00:00+00:00,3095.4533502535,3143.4595,3049.8,3138.115,3.589331125,21.0,3112.332488
2025-07-16 00:00:00+00:00,3138.89,3152.248,3118.275,3143.05,2.226795163,24.0,3145.350995
2025-07-16 01:00:00+00:00,3140.7,3149.762,3132.53,3139.667,0.035607929,3.0,3141.006476
2025-07-16 02:00:00+00:00,3142.02,3144.24,3106.76,3116.33,2.94752554,14.0,3125.894834
2025-07-16 03:00:00+00:00,3118.5505,3121.08,3104.541,3116.764,0.002318709,1.0,3116.169
2025-07-16 04:00:00+00:00,3118.4,3131.6295,3101.966,3130.0015,0.204651606,6.0,3116.014018
2025-07-16 05:00:00+00:00,3131.25,3151.645,3129.7255,3142.43,4.192613947,13.0,3144.565506
2025-07-16 06:00:00+00:00,3143.725,3165.0295,3133.123,3163.94,1.094563661,3.0,3146.783584
2025-07-16 07:00:00+00:00,3165.31,3175.036,3155.8,3162.4,2.169154384,10.0,3163.013425
2025-07-16 08:00:00+00:00,3164.7785,3172.183,3157.9,3164.488,0.771578954,6.0,3161.183886
2025-07-16 09:00:00+00:00,3162.8405,3173.918,3148.745,3162.847,0.533958511,8.0,3165.959584
2025-07-16 10:00:00+00:00,3165.194,3165.194,3145.7,3145.7,0.158932357,4.0,3160.610174
2025-07-16 11:00:00+00:00,3147.85,3159.4,3143.84,3149.939,0.016539048,3.0,3147.966119
2025-07-16 12:00:00+00:00,3151.795,3180.6645,3148.1895,3166.065,0.01498449,5.0,3164.402081
2025-07-16 13:00:00+00:00,3168.55,3197.5482715735,3160.65,3196.8222715735,8.347364311,26.0,3181.439437
2025-07-16 14:00:00+00:00,3196.9297715735,3266.2,3181.06,3253.3765,5.623224523,38.0,3245.81199
2025-07-16 15:00:00+00:00,3255.55,3263.37,3211.4755,3246.81,3.896303653,28.0,3233.735702
2025-07-16 16:00:00+00:00,3245.365,3293.28,3237.455,3289.6,5.239080912,28.0,3264.705828
2025-07-16 17:00:00+00:00,3287.5,3324.65,3277.215,3319.067,4.029555258,21.0,3286.504552
2025-07-16 18:00:00+00:00,3321.904,3373.599,3317.55,3337.45,16.205433047,30.0,3347.425735
2025-07-16 19:00:00+00:00,3336.0,3385.256,3336.0,3385.256,16.06072814,130.0,3364.740874
2025-07-16 20:00:00+00:00,3387.312,3426.065,3369.99,3383.066,1.502399572,23.0,3397.278795
2025-07-16 21:00:00+00:00,3381.7,3400.175,3347.348,3374.5115,19.120447238,17.0,3379.976885
2025-07-16 22:00:00+00:00,3376.15,3391.5,3352.3095,3364.763,0.260548012,9.0,3383.280475
2025-07-16 23:00:00+00:00,3366.59,3375.9695,3348.657,3374.1075,1.387337364,15.0,3364.560367
2025-07-17 00:00:00+00:00,3375.7,3399.261,3369.2265,3380.171,0.09154882,15.0,3388.975645
2025-07-17 01:00:00+00:00,3378.55,3397.6195,3312.893,3341.09,1.273724094,8.0,3331.397475
2025-07-17 02:00:00+00:00,3339.2,3363.532,3335.2555,3349.3485,0.239262048,7.0,3347.060967
2025-07-17 03:00:00+00:00,3350.64,3350.64,3316.2285,3332.175,0.198350784,14.0,3328.888342
2025-07-17 04:00:00+00:00,3330.24,3353.4265,3322.05,3352.59,1.134911181,6.0,3342.589207
2025-07-17 05:00:00+00:00,3350.1905,3378.455329949,3341.3765,3375.1935,4.933317799,9.0,3353.730492
2025-07-17 06:00:00+00:00,3377.55,3444.3415,3365.4595,3443.365,1.109868087,17.0,3388.600636
2025-07-17 07:00:00+00:00,3445.5,3468.74,3410.296,3450.45,8.722648708,22.0,3440.660968
2025-07-17 08:00:00+00:00,3453.1,3453.507,3427.4705,3449.105,1.428455779,9.0,3442.74453
2025-07-17 09:00:00+00:00,3447.21,3479.879,3441.587,3469.75,2.50908928,17.0,3464.024763
2025-07-17 10:00:00+00:00,3467.595,3480.648,3451.0515,3459.616,7.014243462,17.0,3462.115379
2025-07-17 11:00:00+00:00,3457.632,3461.6,3431.8,3435.37,1.718612423,13.0,3444.167004
2025-07-17 12:00:00+00:00,3436.02,3440.9,3413.885,3428.571,3.645657987,11.0,3433.387533
2025-07-17 13:00:00+00:00,3426.36,3432.4435,3364.9445,3402.5295,28.449390901,43.0,3392.735487
2025-07-17 14:00:00+00:00,3400.14,3435.0105,3400.14,3428.7745,4.208038153,16.0,3421.572604
2025-07-17 15:00:00+00:00,3429.835,3434.492,3391.21,3422.92,11.674454581,15.0,3423.694793
2025-07-17 16:00:00+00:00,3424.183,3430.293,3369.02,3394.3835,7.82869309,17.0,3397.928137
2025-07-17 17:00:00+00:00,3396.63,3429.85,3390.262,3426.707,3.049261077,16.0,3405.578072
2025-07-17 18:00:00+00:00,3429.0,3443.29,3419.6025,3429.96,5.289280793,17.0,3436.440883
2025-07-17 19:00:00+00:00,3431.2475,3457.215,3408.1667931275,3414.1,12.102304924,79.0,3448.228941
2025-07-17 20:00:00+00:00,3416.2,3421.666,3373.93,3421.6,1.879248997,19.0,3396.91764
2025-07-17 21:00:00+00:00,3423.635,3502.1,3421.63,3470.2,5.394989663,14.0,3473.352459
2025-07-17 22:00:00+00:00,3471.2635,3496.27,3454.6865,3469.772,0.354946232,10.0,3483.756061
2025-07-17 23:00:00+00:00,3471.6,3522.7363197965,3465.705,3479.2255,3.928971894,12.0,3510.960308
2025-07-18 00:00:00+00:00,3480.021,3542.5,3463.313,3541.1875,1.718772088,28.0,3521.456346
2025-07-18 01:00:00+00:00,3539.961,3627.6305,3531.09,3617.8095,5.921697033,27.0,3561.029964
2025-07-18 02:00:00+00:00,3617.832,3629.4435,3592.79,3606.1745,2.745104327,14.0,3603.945168
2025-07-18 03:00:00+00:00,3607.6,3611.3,3585.9,3599.25,0.4432814,8.0,3600.817444
2025-07-18 04:00:00+00:00,3596.5,3621.24,3581.6425,3620.67,5.093482387,17.0,3612.629044
2025-07-18 05:00:00+00:00,3620.1,3676.65,3619.52,3671.762,10.031039957,29.0,3637.549673
2025-07-18 06:00:00+00:00,3670.28,3672.2025,3643.615,3654.96,10.995919987,27.0,3653.501978
2025-07-18 07:00:00+00:00,3653.52,3671.3,3606.97,3608.4025,21.34362325,15.0,3628.050179
2025-07-18 08:00:00+00:00,3609.45,3629.471,3585.4175,3604.9,1.81028658,12.0,3609.640379
2025-07-18 09:00:00+00:00,3607.4105,3624.902,3594.7775,3621.4845,2.890601471,6.0,3621.811301
2025-07-18 10:00:00+00:00,3623.499,3623.499,3602.3275,3620.731,1.807337212,9.0,3617.981865
2025-07-18 11:00:00+00:00,3618.038,3625.25,3590.48,3613.845,0.558329414,21.0,3614.591001
2025-07-18 12:00:00+00:00,3616.063,3639.585,3594.5915,3639.425,0.979336359,14.0,3608.648068
2025-07-18 13:00:00+00:00,3637.11,3658.785,3612.751,3641.145,8.921187057,35.0,3646.537548
2025-07-18 14:00:00+00:00,3644.208,3673.6024517765,3558.075,3587.85,5.541622496,33.0,3615.102596
2025-07-18 15:00:00+00:00,3585.55,3590.8255,3532.905,3566.6,2.622395215,18.0,3565.642693
2025-07-18 16:00:00+00:00,3568.2,3590.42,3550.09,3576.028,2.247575741,20.0,3569.501428
2025-07-18 17:00:00+00:00,3577.3465,3627.233,3570.305,3603.65,1.919503552,11.0,3601.001494
2025-07-18 18:00:00+00:00,3600.6125,3610.15,3570.3,3575.075,1.197013334,11.0,3584.695614
2025-07-18 19:00:00+00:00,3576.721,3584.8,3539.7555,3554.45,2.905085018,107.0,3554.252491
2025-07-18 20:00:00+00:00,3556.525,3557.747,3481.951004718363,3519.95,4.972884178,24.0,3519.108682
2025-07-18 21:00:00+00:00,3517.65,3572.27,3517.65,3556.498,8.489194244,14.0,3554.582118
2025-07-18 22:00:00+00:00,3557.835,3577.18,3533.307,3539.944,0.672800137,16.0,3560.340831
2025-07-18 23:00:00+00:00,3541.725,3552.8335,3509.485,3548.2795,0.182946,3.0,3530.134597
2025-07-19 00:00:00+00:00,3550.275,3566.5405,3525.1465,3525.2475,0.167703307,3.0,3548.825253
2025-07-19 01:00:00+00:00,3528.0,3553.79,3510.21,3548.6195,0.185672,4.0,3530.806394
2025-07-19 02:00:00+00:00,3550.17,3576.595,3537.1815,3570.25,0.30281,4.0,3571.928233
2025-07-19 03:00:00+00:00,3572.909,3600.315,3570.153,3595.3045,0.457006189,8.0,3589.891383
2025-07-19 04:00:00+00:00,3598.05,3611.0765,3584.801,3591.5859540183,0.137682012,9.0,3604.802845
2025-07-19 05:00:00+00:00,3591.9359540183,3596.255,3578.475,3588.4435,1.300353477,9.0,3590.023556
2025-07-19 06:00:00+00:00,3587.12,3587.12,3569.8395,3572.1535,4.667328641,19.0,3581.122811
2025-07-19 07:00:00+00:00,3574.217,3588.5985,3569.715,3574.19,0.546304173,4.0,3578.847345
2025-07-19 08:00:00+00:00,3571.95,3582.174,3550.389,3557.0035,0.733838906,12.0,3559.708648
2025-07-19 09:00:00+00:00,3554.265,3570.2035,3553.29,3559.885,0.878651737,6.0,3554.214582
2025-07-19 10:00:00+00:00,3557.682,3569.83,3552.83,3559.8975,0.01737103,2.0,3565.624588
2025-07-19 11:00:00+00:00,3562.06,3579.0455,3541.64,3555.199,2.026530348,11.0,3564.066098
2025-07-19 12:00:00+00:00,3556.485,3566.8905,3541.7175,3563.415,1.705362277,8.0,3552.464027
2025-07-19 13:00:00+00:00,3560.8655,3573.68,3552.1,3559.08,1.368909567,2.0,3566.000272
2025-07-19 14:00:00+00:00,3558.05,3562.279,3528.6875,3531.9595,0.315384347,5.0,3552.203661
2025-07-19 15:00:00+00:00,3534.755,3565.08,3534.755,3553.4875,0.751117282,2.0,3554.301937
2025-07-19 16:00:00+00:00,3551.4775,3571.925,3537.985,3561.815,0.456742541,11.0,3551.530779
2025-07-19 17:00:00+00:00,3559.15,3560.92,3534.504,3543.9,0.228570862,9.0,3547.453548
2025-07-19 18:00:00+00:00,3541.3425,3563.95,3541.3425,3554.0,0.493557031,7.0,3556.568213
2025-07-19 19:00:00+00:00,3555.4845,3584.278,3545.363,3579.251,0.644859634,38.0,3575.887853
2025-07-19 20:00:00+00:00,3580.925,3594.986,3567.241,3567.241,0.208446898,10.0,3584.990195
2025-07-19 21:00:00+00:00,3565.602,3575.52,3541.275,3573.005,0.862649983,19.0,3556.969556
2025-07-19 22:00:00+00:00,3571.73,3594.048,3565.25,3580.3,0.317343242,15.0,3576.720516
2025-07-19 23:00:00+00:00,3578.965,3600.7045,3576.315,3594.71,0.10439529,7.0,3586.368994
2025-07-20 00:00:00+00:00,3596.72,3598.9,3582.4365,3591.27,0.479858977,7.0,3588.237547
2025-07-20 01:00:00+00:00,3593.4,3626.64,3591.6935,3607.35,0.394919078,8.0,3614.662779
2025-07-20 02:00:00+00:00,3610.0,3626.2,3598.715,3617.638,0.11766172,4.0,3623.675048
2025-07-20 03:00:00+00:00,3618.825,3694.58,3610.9,3659.345,4.118008083,17.0,3676.234315
2025-07-20 04:00:00+00:00,3661.923,3668.5125,3637.9475,3656.0435,0.11114574,6.0,3657.295344
2025-07-20 05:00:00+00:00,3658.294,3663.64,3639.236,3650.0865,0.007045837,4.0,3650.997154
2025-07-20 06:00:00+00:00,3647.5875,3665.318,3641.5535,3654.515,0.444053367,21.0,3650.100285
2025-07-20 07:00:00+00:00,3655.862,3690.035,3655.862,3673.3189012427,0.030915248,4.0,3675.182224
2025-07-20 08:00:00+00:00,3673.5129012427,3718.2315,3673.5129012427,3714.555,1.47415337,10.0,3700.991706
2025-07-20 09:00:00+00:00,3712.455,3730.138,3698.8045,3709.217,2.659232399,16.0,3720.779154
2025-07-20 10:00:00+00:00,3711.23,3715.594,3699.8,3702.455,1.233350142,4.0,3703.36881
2025-07-20 11:00:00+00:00,3704.7245,3765.95,3699.3865,3756.94,5.375003874,19.0,3747.199879
2025-07-20 12:00:00+00:00,3755.0285,3758.55,3728.6,3749.7825,0.029170203,5.0,3745.465708
2025-07-20 13:00:00+00:00,3747.313,3758.21,3738.7,3752.287,5.394133085,9.0,3743.851732
2025-07-20 14:00:00+00:00,3749.374,3767.455,3732.9,3767.455,0.704131679,11.0,3751.643214
2025-07-20 15:00:00+00:00,3766.395,3792.255,3751.845,3789.175,6.607985592,36.0,3760.443261
2025-07-20 16:00:00+00:00,3786.55,3825.5705,3767.0675,3809.856,1.752215778,35.0,3798.741706
2025-07-20 17:00:00+00:00,3806.992,3810.0,3733.81,3739.8,63.89442313,31.0,3742.577576
2025-07-20 18:00:00+00:00,3741.948,3759.415,3733.03,3752.676,2.983864411,15.0,3746.538657
2025-07-20 19:00:00+00:00,3750.732,3775.4,3746.5465,3752.83,3.004501393,107.0,3760.436089
2025-07-20 20:00:00+00:00,3750.16,3756.345,3722.576022167,3742.515,1.547447049,8.0,3740.775159
2025-07-20 21:00:00+00:00,3741.1785,3774.445,3729.18,3772.069,3.548669942,9.0,3736.225501
2025-07-20 22:00:00+00:00,3774.03,3774.03,3686.2805,3748.8245,4.959600918,19.0,3720.409909
2025-07-20 23:00:00+00:00,3747.511,3767.165,3737.34,3759.9215,0.041576254,2.0,3750.237351
2025-07-21 00:00:00+00:00,3762.243,3762.243,3711.883,3749.82,0.382298354,12.0,3722.261951
2025-07-21 01:00:00+00:00,3751.8635,3756.94,3706.645,3726.03,0.114374395,24.0,3732.422583
2025-07-21 02:00:00+00:00,3728.16,3753.3,3725.93,3745.285,0.915110918,17.0,3739.551731
2025-07-21 03:00:00+00:00,3747.025,3767.53,3746.217,3759.445,1.339970641,2.0,3752.480014
2025-07-21 04:00:00+00:00,3762.399,3781.7,3755.53,3764.52,2.585462765,13.0,3774.810706
2025-07-21 05:00:00+00:00,3762.73,3786.384,3750.555,3783.12,0.497050305,3.0,3762.786254
2025-07-21 06:00:00+00:00,3784.9515,3815.186,3780.294,3788.505,1.845353156,8.0,3800.915915
2025-07-21 07:00:00+00:00,3790.11,3808.22,3783.704,3789.65,6.204305463,14.0,3799.02663
2025-07-21 08:00:00+00:00,3788.0,3813.34,3763.895,3778.4,1.130237306,4.0,3802.072582
2025-07-21 09:00:00+00:00,3780.63,3787.0715,3758.0725,3773.2565,3.509406367,5.0,3777.748632
2025-07-21 10:00:00+00:00,3774.6,3820.8,3770.85,3812.7415,1.549331799,10.0,3780.441088
2025-07-21 11:00:00+00:00,3811.405,3840.0,3795.155,3809.729,3.102140984,14.0,3814.845208
2025-07-21 12:00:00+00:00,3812.755,3826.975,3794.222,3811.7395,2.485635597,13.0,3806.470467
2025-07-21 13:00:00+00:00,3813.585,3825.456,3777.7395,3820.32,1.360339426,21.0,3812.379719
2025-07-21 14:00:00+00:00,3821.9875,3857.868020304,3798.5225,3843.7185,1.2739949,23.0,3837.660854
2025-07-21 15:00:00+00:00,3842.565,3853.47,3808.31,3813.3,7.960879081,19.0,3828.691846
2025-07-21 16:00:00+00:00,3814.6,3820.448,3752.7795,3771.25,3.17100417,19.0,3777.533133
2025-07-21 17:00:00+00:00,3769.64,3792.667,3743.635960591,3772.2605,5.233413981,22.0,3757.992681
2025-07-21 18:00:00+00:00,3773.745,3799.85,3737.38,3739.53,7.8565767,19.0,3778.647571
2025-07-21 19:00:00+00:00,3738.53,3770.0875,3721.6715,3736.799,3.709581649,53.0,3744.494559
2025-07-21 20:00:00+00:00,3735.28,3765.8785,3722.35,3758.685,0.317996328,3.0,3741.887618
2025-07-21 21:00:00+00:00,3757.15,3766.361,3746.2275,3753.0805,0.0,0.0,3755.3375
2025-07-21 22:00:00+00:00,3755.2185,3780.62,3748.39,3763.31,0.806401351,3.0,3764.122177
2025-07-21 23:00:00+00:00,3765.22,3776.8525,3751.6995,3763.9875,0.0,0.0,3764.26
2025-07-22 00:00:00+00:00,3765.636,3776.6485,3744.495,3744.495,0.0,0.0,3765.048
2025-07-22 01:00:00+00:00,3747.06,3799.685,3700.823,3796.8335,9.600420381,11.0,3738.625805
2025-07-22 02:00:00+00:00,3794.501,3796.95,3733.3105,3740.0385,0.139629985,5.0,3742.361527
2025-07-22 03:00:00+00:00,3741.22,3745.335,3711.431,3733.45,0.315376875,9.0,3736.186637
2025-07-22 04:00:00+00:00,3732.1305,3736.6005,3653.865,3656.8495,2.954414408,23.0,3690.972933
2025-07-22 05:00:00+00:00,3655.58,3698.3715,3655.58,3690.6585,12.723841037,14.0,3681.819497
2025-07-22 06:00:00+00:00,3691.6115,3718.766,3678.3365,3691.286,0.861462149,12.0,3697.629277
2025-07-22 07:00:00+00:00,3693.18,3715.685,3668.4255,3677.435,4.719181223,6.0,3701.666799
2025-07-22 08:00:00+00:00,3675.6965,3676.135,3623.595,3651.05,4.77702037,15.0,3644.688935
2025-07-22 09:00:00+00:00,3650.093,3666.44,3619.29,3663.4775,2.342982414,11.0,3659.644704
2025-07-22 10:00:00+00:00,3661.155,3699.941,3661.155,3699.941,0.1105,2.0,3675.934009
2025-07-22 11:00:00+00:00,3698.918,3720.85,3687.226,3707.4345,5.14372505,5.0,3695.325075
2025-07-22 12:00:00+00:00,3706.235,3711.1335,3693.37,3703.33,0.021110109,1.0,3699.795
2025-07-22 13:00:00+00:00,3705.3815,3707.5545,3636.7545,3649.7195,14.758023519,16.0,3675.092135
2025-07-22 14:00:00+00:00,3646.6,3709.194,3629.2235,3709.194,2.150268838,12.0,3677.057517
2025-07-22 15:00:00+00:00,3707.2,3730.45,3696.92,3719.96,1.507891792,8.0,3705.91578
2025-07-22 16:00:00+00:00,3717.75,3750.7845,3711.8035,3719.301,3.552336217,25.0,3724.02133
2025-07-22 17:00:00+00:00,3720.6495,3722.719,3679.866,3701.633,0.560456521,10.0,3694.129251
2025-07-22 18:00:00+00:00,3704.285,3725.659,3683.1865,3713.9205,3.168831446,24.0,3707.035051
2025-07-22 19:00:00+00:00,3716.2955,3722.695,3658.91,3673.55,7.108231683,61.0,3693.781369
2025-07-22 20:00:00+00:00,3671.0135,3711.9135,3664.927,3708.1,0.15,5.0,3701.7854
2025-07-22 21:00:00+00:00,3709.29,3714.261,3697.8325,3708.0095,5.030321421,6.0,3705.193464
2025-07-22 22:00:00+00:00,3708.9,3732.245,3708.9,3721.6045,0.533213889,7.0,3720.207363
2025-07-22 23:00:00+00:00,3720.2445,3752.54,3720.2445,3749.1,0.918333335,11.0,3745.548343
2025-07-23 00:00:00+00:00,3751.28,3762.8095,3728.87,3728.87,0.271169813,13.0,3753.268935
2025-07-23 01:00:00+00:00,3727.14,3743.5865,3716.635,3740.4375,0.178683563,6.0,3725.913578
2025-07-23 02:00:00+00:00,3742.065,3765.95,3731.513,3746.475,0.011719899,2.0,3738.921589
2025-07-23 03:00:00+00:00,3745.4775,3759.67,3728.664,3730.795,0.222242368,7.0,3742.203479
2025-07-23 04:00:00+00:00,3731.825,3736.495,3720.0,3734.74,3.071882631,7.0,3732.76185
2025-07-23 05:00:00+00:00,3736.833,3740.959,3706.745,3717.709,1.075350523,11.0,3720.411203
2025-07-23 06:00:00+00:00,3713.35,3715.9635,3688.804,3697.77,3.826372809,6.0,3698.856803
2025-07-23 07:00:00+00:00,3696.65,3703.8,3667.501,3675.785,1.989596247,17.0,3678.564601
2025-07-23 08:00:00+00:00,3674.299,3692.994,3669.885,3692.8135,0.411250874,12.0,3684.190229
2025-07-23 09:00:00+00:00,3694.635,3699.02,3651.4865,3660.785,0.234091241,11.0,3670.806104
2025-07-23 10:00:00+00:00,3657.95,3672.1,3642.045,3669.489,7.387404585,12.0,3665.759985
2025-07-23 11:00:00+00:00,3666.73,3678.5155,3652.0319702583,3675.635,0.17195742,7.0,3673.705903
2025-07-23 12:00:00+00:00,3674.177,3682.975,3637.8015,3642.56,0.286246732,10.0,3658.067046
2025-07-23 13:00:00+00:00,3641.33,3665.65,3584.88,3591.06,5.586604803,25.0,3626.615256
2025-07-23 14:00:00+00:00,3588.6005,3625.871,3585.7195,3620.525,1.71331034,10.0,3601.744615
2025-07-23 15:00:00+00:00,3618.5315,3648.96,3600.553,3647.0,2.926586336,24.0,3616.794064
2025-07-23 16:00:00+00:00,3643.9795,3645.0045,3573.95,3573.95,1.878239424,17.0,3603.816479
2025-07-23 17:00:00+00:00,3574.75,3595.4265,3554.981,3588.3,3.558491324,16.0,3576.992607
2025-07-23 18:00:00+00:00,3591.67,3608.38,3586.1,3605.572,0.443780219,12.0,3602.864145
2025-07-23 19:00:00+00:00,3607.944,3613.56,3585.105,3588.11,19.621644639,50.0,3605.073178
2025-07-23 20:00:00+00:00,3591.095,3606.8115,3546.979014778,3570.56,0.136129983,8.0,3561.712532
2025-07-23 21:00:00+00:00,3571.99,3595.34,3528.624,3591.916,1.220712821,8.0,3570.701169
2025-07-23 22:00:00+00:00,3591.255,3621.9327411165,3579.556,3611.7,0.112871804,5.0,3614.081105
2025-07-23 23:00:00+00:00,3614.425,3636.35,3614.425,3630.45,3.421903604,5.0,3627.343066
2025-07-24 00:00:00+00:00,3627.7675,3648.726,3615.945,3648.726,0.300500353,11.0,3642.903771
2025-07-24 01:00:00+00:00,3651.4,3651.4,3629.625,3648.2975,0.019259064,5.0,3642.501681
2025-07-24 02:00:00+00:00,3651.158,3654.2005,3639.835,3652.678,0.063761124,4.0,3648.695185
2025-07-24 03:00:00+00:00,3650.8,3667.58,3642.23,3643.976,0.465249141,4.0,3646.706345
2025-07-24 04:00:00+00:00,3646.657,3660.611,3604.974,3612.7,2.851545975,7.0,3638.630538
2025-07-24 05:00:00+00:00,3610.25,3613.2675,3559.275,3559.275,1.956504531,13.0,3590.020823
2025-07-24 06:00:00+00:00,3560.705,3580.74,3529.851,3547.22,0.475250063,6.0,3556.099065
2025-07-24 07:00:00+00:00,3545.67,3596.268,3509.363,3593.9955,2.03679523,12.0,3542.74398
2025-07-24 08:00:00+00:00,3593.0275,3644.205,3582.7645,3634.45,1.724983423,9.0,3626.835964
2025-07-24 09:00:00+00:00,3636.715,3644.47,3620.535,3638.2,0.028484634,4.0,3631.297665
2025-07-24 10:00:00+00:00,3641.0,3658.737,3593.345,3624.4,0.377524971,8.0,3632.248673
2025-07-24 11:00:00+00:00,3622.71,3662.875,3622.71,3659.535,0.456907657,10.0,3650.935529
2025-07-24 12:00:00+00:00,3656.4,3661.006,3623.2,3645.521,0.263552019,8.0,3650.199815
2025-07-24 13:00:00+00:00,3643.34,3657.6495,3630.105,3633.113,0.658276167,5.0,3645.927269
2025-07-24 14:00:00+00:00,3630.847,3736.73,3617.53,3736.625,1.835503956,20.0,3673.412854
2025-07-24 15:00:00+00:00,3737.06,3771.7,3714.845,3733.45,2.003779422,14.0,3747.629192
2025-07-24 16:00:00+00:00,3736.3,3737.17,3669.3725,3688.28,2.445158937,21.0,3710.425553
2025-07-24 17:00:00+00:00,3685.16,3736.1595,3684.2,3726.01,0.201957468,12.0,3712.096893
2025-07-24 18:00:00+00:00,3724.232,3753.7,3714.145,3743.3065,0.104545762,5.0,3740.195584
2025-07-24 19:00:00+00:00,3741.7025,3756.344,3723.4,3737.7245,2.972610112,74.0,3742.728156
2025-07-24 20:00:00+00:00,3735.585,3744.7,3726.9,3739.605,3.890995024,7.0,3728.93694
2025-07-24 21:00:00+00:00,3741.1575,3747.3,3714.97,3727.175,1.446724983,5.0,3740.806132
2025-07-24 22:00:00+00:00,3729.241,3735.75,3705.77,3727.3145,1.0873e-05,1.0,3722.549
2025-07-24 23:00:00+00:00,3724.555,3724.555,3698.5555,3708.115,11.839054256,7.0,3715.35254
2025-07-25 00:00:00+00:00,3710.375,3710.375,3650.655,3661.5,0.127914889,11.0,3671.774767
2025-07-25 01:00:00+00:00,3663.77,3691.6085,3644.7,3685.409,0.485823953,23.0,3671.058078
2025-07-25 02:00:00+00:00,3687.213,3692.7315,3617.945,3617.945,0.496251763,4.0,3638.297222
2025-07-25 03:00:00+00:00,3615.577,3634.515,3576.211,3597.7465,0.989368842,10.0,3591.310589
2025-07-25 04:00:00+00:00,3594.8,3651.8,3580.255,3648.7855,0.586461451,8.0,3623.352649
2025-07-25 05:00:00+00:00,3646.803,3650.39,3612.8645,3633.675,0.282312446,6.0,3642.902568
2025-07-25 06:00:00+00:00,3635.6815,3643.714,3613.965,3632.195,2.136429423,6.0,3641.747818
2025-07-25 07:00:00+00:00,3630.3465,3667.5785,3599.7785,3633.3695,1.164809308,15.0,3632.008943
2025-07-25 08:00:00+00:00,3632.835,3678.005,3629.35,3663.615,0.21973198,4.0,3655.682392
2025-07-25 09:00:00+00:00,3661.53,3732.075,3651.05,3725.993,0.735860802,4.0,3667.496054
2025-07-25 10:00:00+00:00,3728.1255,3745.9285,3707.959,3720.015,0.475339465,6.0,3720.606184
2025-07-25 11:00:00+00:00,3721.83,3744.231,3716.82,3721.75,0.921800039,7.0,3728.018087
2025-07-25 12:00:00+00:00,3724.131,3735.1,3696.298,3704.848,0.531209088,12.0,3711.787912
2025-07-25 13:00:00+00:00,3706.23,3719.95,3678.85,3706.5145,0.111462588,5.0,3691.808866
2025-07-25 14:00:00+00:00,3708.193,3709.617,3623.61,3631.01,0.699668598,15.0,3663.545054
2025-07-25 15:00:00+00:00,3629.5485,3648.2125,3604.29,3635.02,1.80343303,20.0,3631.418115
2025-07-25 16:00:00+00:00,3635.7635,3644.31,3618.3685,3642.34,0.106527983,11.0,3636.699864
2025-07-25 17:00:00+00:00,3639.8,3653.459,3623.36,3638.0,0.389568546,7.0,3642.901636
2025-07-25 18:00:00+00:00,3639.25,3657.314,3637.4545,3652.931,1.138436865,3.0,3644.365924
2025-07-25 19:00:00+00:00,3651.63,3659.82,3642.536,3643.2485,1.216526267,49.0,3650.375015
2025-07-25 20:00:00+00:00,3645.51,3698.07,3641.8005,3687.108,0.216545929,7.0,3683.036629
2025-07-25 21:00:00+00:00,3689.066,3728.499,3689.066,3719.685,0.123001524,7.0,3707.561629
2025-07-25 22:00:00+00:00,3721.515,3732.045,3714.97,3721.875,5.369845852,12.0,3723.466164
2025-07-25 23:00:00+00:00,3724.6,3730.43,3710.867,3727.494,0.251858719,7.0,3720.065191
2025-07-26 00:00:00+00:00,3730.0,3730.0,3712.495,3725.4,0.126758994,8.0,3720.142067
2025-07-26 01:00:00+00:00,3728.3,3728.3,3701.631,3702.949,0.421369485,6.0,3708.525019
2025-07-26 02:00:00+00:00,3704.903,3766.345,3703.8695,3742.71,2.732284065,10.0,3754.856487
2025-07-26 03:00:00+00:00,3745.1,3747.1475,3729.6885,3740.996,0.176172695,13.0,3739.979618
2025-07-26 04:00:00+00:00,3740.7445,3753.434,3738.55,3751.624,0.039498562,6.0,3744.852735
2025-07-26 05:00:00+00:00,3753.78,3757.855,3735.934,3749.451,0.020430504,4.0,3742.303674
2025-07-26 06:00:00+00:00,3750.905,3750.905,3734.1,3741.446,1.739192224,8.0,3745.290084
2025-07-26 07:00:00+00:00,3739.335,3749.77,3739.335,3744.1875,1.028856505,5.0,3747.167877
2025-07-26 08:00:00+00:00,3745.8975,3782.44,3744.5,3763.398,9.103435289,5.0,3782.276939
2025-07-26 09:00:00+00:00,3765.715,3768.7,3751.64,3761.52,0.55276318,3.0,3752.314153
2025-07-26 10:00:00+00:00,3764.24,3782.13741117,3754.55,3760.817,0.002602809,2.0,3766.668432
2025-07-26 11:00:00+00:00,3758.535,3770.7695,3733.475,3739.837,0.802404137,2.0,3740.084698
2025-07-26 12:00:00+00:00,3741.2505,3752.384,3729.632,3743.355,1.47018857,4.0,3743.235421
2025-07-26 13:00:00+00:00,3742.047,3755.086,3737.66,3743.985,0.022498444,2.0,3745.976779
2025-07-26 14:00:00+00:00,3745.7645,3750.4,3728.22,3729.95,0.025427899,3.0,3739.854924
2025-07-26 15:00:00+00:00,3730.953,3739.5835,3719.105,3735.346,0.344622911,5.0,3735.048793
2025-07-26 16:00:00+00:00,3737.905,3742.5,3721.4,3728.315,0.319662882,10.0,3728.629936
2025-07-26 17:00:00+00:00,3729.1045,3735.4,3724.125,3725.16,0.136745702,3.0,3733.941835
2025-07-26 18:00:00+00:00,3723.274,3755.54,3711.831,3743.38,0.053592187,4.0,3734.189535
2025-07-26 19:00:00+00:00,3746.51,3757.78,3741.665,3753.1,1.370588547,49.0,3752.29156
2025-07-26 20:00:00+00:00,3755.5,3755.555,3736.515,3748.065,0.663686192,13.0,3747.414138
2025-07-26 21:00:00+00:00,3746.8505,3762.962,3739.8,3762.065,0.051701865,4.0,3744.093876
2025-07-26 22:00:00+00:00,3761.807,3792.25431472,3744.4845,3751.706,0.137158964,6.0,3767.924751
2025-07-26 23:00:00+00:00,3753.838,3757.34,3739.8,3742.8635,0.001305853,1.0,3753.838
2025-07-27 00:00:00+00:00,3740.935,3758.015,3733.69,3758.015,2.405028744,2.0,3748.720942
2025-07-27 01:00:00+00:00,3759.3995,3773.75,3752.1875,3758.915,0.125647712,4.0,3769.258608
2025-07-27 02:00:00+00:00,3761.23,3790.242,3756.631,3785.9,2.59002582,7.0,3771.596609
2025-07-27 03:00:00+00:00,3789.0,3789.0,3772.15,3775.8565,0.173881274,10.0,3777.268349
2025-07-27 04:00:00+00:00,3775.45,3795.471,3770.1,3793.06,0.15852614,16.0,3785.970185
2025-07-27 05:00:00+00:00,3795.1,3811.104,3785.6,3794.07,0.268872894,11.0,3796.850601
2025-07-27 06:00:00+00:00,3796.14,3796.14,3767.55,3773.856,0.48322313,8.0,3784.173558
2025-07-27 07:00:00+00:00,3772.425,3784.343,3764.26,3770.323,0.247665054,8.0,3772.035095
2025-07-27 08:00:00+00:00,3772.0895,3777.673,3764.66,3771.332,0.255993332,9.0,3771.210565
2025-07-27 09:00:00+00:00,3769.84,3775.203,3753.545,3764.55,1.741951169,4.0,3763.988744
2025-07-27 10:00:00+00:00,3766.3055,3839.915,3766.3055,3818.651,0.606619958,8.0,3818.35515
2025-07-27 11:00:00+00:00,3820.8125,3837.4115,3806.309,3817.245,8.288464073,10.0,3819.653253
2025-07-27 12:00:00+00:00,3820.0,3836.899,3808.45,3829.5805,0.199434451,8.0,3826.618284
2025-07-27 13:00:00+00:00,3826.9,3831.488,3809.805,3811.092,0.39451992,10.0,3813.222669
2025-07-27 14:00:00+00:00,3813.294,3823.185,3794.0235,3811.9,1.153955299,11.0,3812.708903
2025-07-27 15:00:00+00:00,3809.314,3823.3055,3794.895,3819.072,0.238858821,10.0,3810.469003
2025-07-27 16:00:00+00:00,3821.5515,3853.301,3812.765,3816.9285,5.502163957,20.0,3832.355978
2025-07-27 17:00:00+00:00,3815.6595,3843.2,3809.2,3839.12,6.612391745,17.0,3836.724377
2025-07-27 18:00:00+00:00,3840.765,3868.646,3835.5,3848.87,7.274796752,21.0,3856.182461
2025-07-27 19:00:00+00:00,3845.74,3853.1,3826.3,3828.218,0.413903141,68.0,3832.033939
2025-07-27 20:00:00+00:00,3830.5945,3844.6895,3821.995,3824.5,0.150432077,15.0,3834.279097
2025-07-27 21:00:00+00:00,3827.395,3840.9845,3818.7475,3838.582,0.214341582,7.0,3823.180887
2025-07-27 22:00:00+00:00,3840.284,3879.6655,3838.6185,3866.887,0.015640527,7.0,3853.805339
2025-07-27 23:00:00+00:00,3864.8505,3876.505,3842.28,3874.23,0.07913052,6.0,3856.578442
2025-07-28 00:00:00+00:00,3876.3,3887.692,3856.965,3862.75,0.012432227,7.0,3880.183631
2025-07-28 01:00:00+00:00,3865.7,3865.7,3846.735,3851.16,0.04299193,4.0,3852.618489
2025-07-28 02:00:00+00:00,3848.951,3906.164720812,3844.921,3885.715,0.090857177,7.0,3879.147382
2025-07-28 03:00:00+00:00,3887.9535,3894.545,3870.4745,3880.366,0.04130016,6.0,3879.912156
2025-07-28 04:00:00+00:00,3881.47,3904.21,3870.54,3902.969,2.48653127,6.0,3890.338143
2025-07-28 05:00:00+00:00,3904.78,3940.6955,3902.13,3930.5565,8.419842659,17.0,3910.489168
2025-07-28 06:00:00+00:00,3933.4,3934.302,3909.9,3913.7255,0.569632474,15.0,3922.991365
2025-07-28 07:00:00+00:00,3912.345,3914.99,3876.797,3893.159,1.128533136,17.0,3881.205238
2025-07-28 08:00:00+00:00,3890.797,3900.091,3883.4,3893.773,0.811726989,9.0,3889.82405
2025-07-28 09:00:00+00:00,3892.018,3894.6,3874.32,3894.039,2.62192677,4.0,3882.634967
2025-07-28 10:00:00+00:00,3892.45,3896.36,3876.585,3887.6705,0.074476434,1.0,3889.9
2025-07-28 11:00:00+00:00,3885.935,3891.53,3861.95,3879.507,0.441634014,3.0,3878.806969
2025-07-28 12:00:00+00:00,3881.6725,3890.195,3870.9685,3870.9685,0.240917096,3.0,3884.477868
2025-07-28 13:00:00+00:00,3867.977,3873.95,3825.95,3842.32,12.760913579,23.0,3850.842184
2025-07-28 14:00:00+00:00,3841.4165,3851.409,3773.9705,3783.2805,11.351795561,22.0,3835.853379
2025-07-28 15:00:00+00:00,3785.592,3822.6,3781.0945,3809.2945,0.284938518,10.0,3809.313806
2025-07-28 16:00:00+00:00,3807.1385,3822.565,3795.08,3807.845,7.532694683,11.0,3799.789989
2025-07-28 17:00:00+00:00,3809.4765,3809.4765,3779.65,3783.28,1.448554795,3.0,3787.965917
2025-07-28 18:00:00+00:00,3784.55,3788.442,3755.045,3781.805,0.210463838,7.0,3772.846662
2025-07-28 19:00:00+00:00,3784.055,3806.3635,3767.54,3797.143,5.975319388,48.0,3800.953374
2025-07-28 20:00:00+00:00,3799.5,3803.1,3767.39,3789.1525,0.262152856,11.0,3781.418774
2025-07-28 21:00:00+00:00,3786.6455,3805.78,3777.185,3789.555,0.454922909,17.0,3789.435478
2025-07-28 22:00:00+00:00,3791.5425,3803.6645,3768.14,3786.7,0.254785629,14.0,3786.427611
2025-07-28 23:00:00+00:00,3789.543,3801.963,3775.3785,3798.9365,0.125214879,13.0,3789.672187
2025-07-29 00:00:00+00:00,3796.78,3820.19,3745.275,3779.938,0.14268693,7.0,3773.585175
2025-07-29 01:00:00+00:00,3778.14,3796.876,3760.2605,3760.2605,0.094638761,5.0,3775.745482
2025-07-29 02:00:00+00:00,3758.65,3773.4,3733.47,3760.802,4.457526088,16.0,3760.19956
2025-07-29 03:00:00+00:00,3762.945,3797.29,3762.945,3793.185,0.055234321,4.0,3791.893817
2025-07-29 04:00:00+00:00,3795.5,3801.835,3776.6095,3778.25,0.08973613,5.0,3796.65451
2025-07-29 05:00:00+00:00,3780.475,3808.15,3780.09,3808.15,0.003910976,1.0,3804.28
2025-07-29 06:00:00+00:00,3809.91,3836.19,3802.73,3830.15,2.598946416,6.0,3822.027536
2025-07-29 07:00:00+00:00,3832.4,3879.601,3831.175,3877.265,1.788812995,15.0,3870.93194
2025-07-29 08:00:00+00:00,3879.43,3885.4495,3861.3,3872.569,0.188656586,7.0,3879.662685
2025-07-29 09:00:00+00:00,3874.924,3879.839,3867.3315,3874.0375,0.064925342,7.0,3872.900822
2025-07-29 10:00:00+00:00,3876.13,3876.13,3825.575,3829.79,2.277776614,15.0,3847.535477
2025-07-29 11:00:00+00:00,3828.225,3839.25,3812.985,3823.939,0.057942826,10.0,3823.36064
2025-07-29 12:00:00+00:00,3826.6545,3861.11,3821.9,3853.455,0.714522551,30.0,3836.354756
2025-07-29 13:00:00+00:00,3851.7845,3874.9,3831.0805,3837.73,4.846163871,17.0,3856.409556
2025-07-29 14:00:00+00:00,3839.8,3842.0,3771.473,3781.0965,1.396677605,10.0,3817.589662
2025-07-29 15:00:00+00:00,3779.665,3781.4805,3748.1,3762.2595,0.549196063,19.0,3766.609126
2025-07-29 16:00:00+00:00,3759.729,3768.5,3715.6955,3749.8235,1.82174409,30.0,3756.997234
2025-07-29 17:00:00+00:00,3752.683,3792.536,3741.74,3768.8825,0.535936572,13.0,3768.696246
2025-07-29 18:00:00+00:00,3767.602,3775.25,3753.5165,3769.74,0.007,1.0,3770.32
2025-07-29 19:00:00+00:00,3768.043,3795.075,3760.0,3764.759,0.438851882,54.0,3766.735128
2025-07-29 20:00:00+00:00,3761.9415,3782.415,3741.0,3764.95,7.620219953,6.0,3754.813755
2025-07-29 21:00:00+00:00,3766.5365,3783.95,3756.6935,3781.734,7.559179743,3.0,3761.590385
2025-07-29 22:00:00+00:00,3783.8885,3793.705,3760.9,3792.38,0.097605701,5.0,3780.540327
2025-07-29 23:00:00+00:00,3789.771,3796.4885,3783.345,3794.6045,0.311832147,1.0,3790.175
2025-07-30 00:00:00+00:00,3791.785,3793.27,3755.825,3774.3055,0.178826572,6.0,3785.657183
2025-07-30 01:00:00+00:00,3776.1,3809.605,3762.6,3790.293,0.10582824,3.0,3793.02149
2025-07-30 02:00:00+00:00,3792.0855,3819.715,3784.4305,3813.7105,0.0041139,6.0,3809.605913
2025-07-30 03:00:00+00:00,3811.43,3828.642,3804.44,3817.7,0.23888823,9.0,3819.999974
2025-07-30 04:00:00+00:00,3820.5,3826.801,3799.995,3807.8475,0.068408592,4.0,3821.466945
2025-07-30 05:00:00+00:00,3805.38,3814.355,3786.455,3811.0765,0.034934791,2.0,3794.650468
2025-07-30 06:00:00+00:00,3812.2765,3828.1,3812.2765,3826.241,0.095963801,4.0,3814.984894
2025-07-30 07:00:00+00:00,3828.035,3834.0185,3804.616,3811.44,0.103605403,6.0,3828.313175
2025-07-30 08:00:00+00:00,3810.564,3826.915,3799.33,3817.26,0.025,2.0,3812.88
2025-07-30 09:00:00+00:00,3818.0,3819.9,3778.027,3787.73,0.168195657,4.0,3795.642803
2025-07-30 10:00:00+00:00,3790.385,3807.3015,3771.167,3774.9675,0.021198626,2.0,3797.878227
2025-07-30 11:00:00+00:00,3776.1505,3786.2,3745.706182266,3758.43,0.785329081,4.0,3766.249475
2025-07-30 12:00:00+00:00,3760.511,3785.0525,3750.095,3776.69,0.126729932,2.0,3779.755104
2025-07-30 13:00:00+00:00,3774.715,3785.53,3752.09,3766.05,4.089573598,6.0,3752.403584
2025-07-30 14:00:00+00:00,3764.8705,3831.76,3764.8705,3819.285,0.92799066,11.0,3792.176225
2025-07-30 15:00:00+00:00,3820.725,3820.725,3777.5595,3797.7955,0.886624798,6.0,3793.378145
2025-07-30 16:00:00+00:00,3795.515,3813.1,3782.41,3796.05,1.800295574,12.0,3790.739968
2025-07-30 17:00:00+00:00,3798.4,3813.2,3792.5645,3804.785,0.396480808,5.0,3806.190165
2025-07-30 18:00:00+00:00,3807.55,3820.63,3737.55,3739.3275,11.299455682,8.0,3752.470122
2025-07-30 19:00:00+00:00,3737.23,3772.46,3679.52,3761.95,2.39517103,94.0,3750.383388
2025-07-30 20:00:00+00:00,3759.965,3787.855,3757.7305,3770.5135,0.083959152,6.0,3780.001978
2025-07-30 21:00:00+00:00,3772.415,3776.42,3742.755,3763.2385,0.037951046,7.0,3762.500968
2025-07-30 22:00:00+00:00,3764.715,3771.395,3756.8,3766.2075,0.476266318,4.0,3763.755043
2025-07-30 23:00:00+00:00,3763.5865,3811.5,3763.5865,3809.77,0.329210112,8.0,3801.206893
2025-07-31 00:00:00+00:00,3808.77,3849.1,3802.14,3844.585,0.293668993,13.0,3835.16942
2025-07-31 01:00:00+00:00,3847.37,3850.298,3830.806,3837.49,0.072936777,3.0,3844.665866
2025-07-31 02:00:00+00:00,3835.88,3864.8135,3833.33,3863.1065,7.209928552,8.0,3857.651932
2025-07-31 03:00:00+00:00,3865.913,3868.166,3855.817,3864.375,1.077058619,6.0,3861.818866
2025-07-31 04:00:00+00:00,3862.25,3871.1,3854.8,3869.8375,2.589356245,6.0,3870.702364
2025-07-31 05:00:00+00:00,3872.3,3872.3,3853.14,3858.235,5.018977356,6.0,3862.828304
2025-07-31 06:00:00+00:00,3860.67,3877.6975,3854.91,3873.79,33.001269717,4.0,3868.436065
2025-07-31 07:00:00+00:00,3872.1535,3876.265,3861.437,3862.599,0.294539206,3.0,3868.788179
2025-07-31 08:00:00+00:00,3864.857,3873.25,3857.9275,3863.295,0.4645697,5.0,3859.823193
2025-07-31 09:00:00+00:00,3860.95,3865.937,3855.565,3861.63,0.674473255,5.0,3859.67196
2025-07-31 10:00:00+00:00,3864.2255,3866.359,3853.73,3854.68,5.498851543,3.0,3858.964183
2025-07-31 11:00:00+00:00,3856.4575,3856.4575,3826.063,3837.0,0.273833289,4.0,3835.697285
2025-07-31 12:00:00+00:00,3838.5,3843.4305,3822.4,3835.19,1.36621257,4.0,3826.614178
2025-07-31 13:00:00+00:00,3832.6,3832.6,3786.4035,3807.06,5.418869849,12.0,3813.896007
2025-07-31 14:00:00+00:00,3809.4195,3815.2425,3767.7855,3769.5715,0.585318641,12.0,3781.399617
2025-07-31 15:00:00+00:00,3767.2,3797.45,3765.99,3787.766,0.160761867,6.0,3776.533956
2025-07-31 16:00:00+00:00,3789.295,3818.0,3782.225,3804.0,0.082379277,7.0,3795.441718
2025-07-31 17:00:00+00:00,3801.1865,3801.1865,3769.42,3774.6125,0.224008114,4.0,3792.276944
2025-07-31 18:00:00+00:00,3776.195,3786.5475,3749.71,3774.7155,3.557394406,9.0,3762.712939
2025-07-31 19:00:00+00:00,3777.09,3782.2,3733.47,3737.991,2.71248022,56.0,3745.777872
2025-07-31 20:00:00+00:00,3736.6005,3747.25,3719.535,3735.47,0.173271581,10.0,3732.580976
2025-07-31 21:00:00+00:00,3733.0,3756.1865,3713.178,3730.75,0.278710699,3.0,3742.607688
2025-07-31 22:00:00+00:00,3729.2,3730.55,3704.0995,3710.545,0.005828615,5.0,3720.282458
2025-07-31 23:00:00+00:00,3709.63,3727.5315,3685.972,3698.26,0.699905523,9.0,3695.613442
2025-08-01 00:00:00+00:00,3700.5,3700.5,3616.57,3682.35,1.785136894,24.0,3658.176576
2025-08-01 01:00:00+00:00,3679.4465,3695.9865,3653.6385,3689.75,0.292586367,13.0,3679.848243
2025-08-01 02:00:00+00:00,3688.3195,3723.5005,3680.345,3715.485,0.128475123,6.0,3701.95083
2025-08-01 03:00:00+00:00,3713.544,3723.225,3701.7465,3705.754,0.48259402,6.0,3720.89733
2025-08-01 04:00:00+00:00,3702.778,3705.793,3674.546,3682.8575,13.46288716,14.0,3680.461363
2025-08-01 05:00:00+00:00,3681.2825,3692.505,3669.1250739862,3674.985,0.198031511,9.0,3675.865069
2025-08-01 06:00:00+00:00,3673.675,3682.735,3643.08,3662.569,0.468896767,9.0,3666.690736
2025-08-01 07:00:00+00:00,3664.685,3668.276,3624.7,3649.8,2.895708027,19.0,3634.939614
2025-08-01 08:00:00+00:00,3648.1915,3648.1915,3584.55,3608.9445,12.226571223,34.0,3614.434991
2025-08-01 09:00:00+00:00,3607.805,3639.03,3605.444,3618.42,0.812933403,21.0,3631.701064
2025-08-01 10:00:00+00:00,3615.645,3631.17,3608.09,3614.6695,2.005286937,4.0,3615.292308
2025-08-01 11:00:00+00:00,3616.15,3641.39,3605.4,3641.39,0.637177853,2.0,3619.50762
2025-08-01 12:00:00+00:00,3640.195,3672.98,3630.321,3662.448,1.507348147,4.0,3650.887821
2025-08-01 13:00:00+00:00,3660.085,3673.737,3576.94,3599.955,2.245712862,19.0,3624.314501
2025-08-01 14:00:00+00:00,3597.4,3654.08,3567.081231527,3631.43,3.808656863,18.0,3638.579513
2025-08-01 15:00:00+00:00,3633.95,3635.3125,3582.7105,3615.15,9.684750138,6.0,3592.29614
2025-08-01 16:00:00+00:00,3613.414,3632.045,3575.58,3587.175,4.110291261,13.0,3591.420969
2025-08-01 17:00:00+00:00,3589.35,3600.07,3562.3625,3570.1,4.582076828,13.0,3571.81908
2025-08-01 18:00:00+00:00,3572.272,3581.16,3537.3294064035,3550.085,3.919914814,14.0,3567.164239
2025-08-01 19:00:00+00:00,3548.379,3558.94,3511.577,3515.7925,11.546047189,81.0,3522.766649
2025-08-01 20:00:00+00:00,3518.885,3540.86,3489.2,3537.782,4.035979144,19.0,3504.714176
2025-08-01 21:00:00+00:00,3540.67,3550.164,3532.82,3533.2,1.558148056,4.0,3546.140735
2025-08-01 22:00:00+00:00,3535.7715,3541.49,3432.3335,3462.975,3.656622163,19.0,3452.107457
2025-08-01 23:00:00+00:00,3461.7965,3490.87,3447.1975,3486.915,0.455032243,9.0,3480.566987
2025-08-02 00:00:00+00:00,3484.7425,3513.765,3477.256,3513.765,0.122049671,5.0,3491.281983
2025-08-02 01:00:00+00:00,3510.88,3520.9615,3497.55,3516.227,0.528048955,3.0,3504.073799
2025-08-02 02:00:00+00:00,3517.875,3525.7025,3514.885,3520.646,0.323405417,6.0,3522.899726
2025-08-02 03:00:00+00:00,3523.1425,3529.611,3518.5385,3527.05,2.7419758,5.0,3524.270259
2025-08-02 04:00:00+00:00,3524.5,3532.977,3513.838,3532.977,3.24140497,2.0,3524.518474
2025-08-02 05:00:00+00:00,3533.45,3536.3,3515.499,3518.2735,0.957825633,4.0,3531.569682
2025-08-02 06:00:00+00:00,3516.545,3516.621,3454.51,3478.715,4.594444554,10.0,3465.071601
2025-08-02 07:00:00+00:00,3480.8,3518.982,3469.93,3518.9535,1.731409175,7.0,3486.0938
2025-08-02 08:00:00+00:00,3516.815,3520.834,3487.1465,3490.55,1.277101006,3.0,3518.302869
2025-08-02 09:00:00+00:00,3489.2,3502.928,3481.318,3491.75,0.062135827,2.0,3490.322605
2025-08-02 10:00:00+00:00,3490.896,3494.088,3474.6875,3491.8125,0.152278856,2.0,3487.860751
2025-08-02 11:00:00+00:00,3489.591,3516.24,3482.385,3508.889,1.07484542,3.0,3513.239851
2025-08-02 12:00:00+00:00,3506.8955,3513.48,3497.0,3509.9375,3.507640252,4.0,3503.391548
2025-08-02 13:00:00+00:00,3506.965,3514.1085,3492.4,3509.3125,0.878142092,4.0,3505.416774
2025-08-02 14:00:00+00:00,3511.255,3516.3145,3467.461,3480.08,0.014854968,4.0,3494.437213
2025-08-02 15:00:00+00:00,3478.365,3490.8015,3450.49,3457.54,1.103732924,9.0,3470.445779
2025-08-02 16:00:00+00:00,3460.105,3475.5975,3434.5655,3469.355,1.924347868,13.0,3449.381141
2025-08-02 17:00:00+00:00,3471.25,3478.269,3414.55,3422.5995,0.144489516,5.0,3430.982708
2025-08-02 18:00:00+00:00,3423.875,3431.88,3371.05,3380.945,24.602756435,27.0,3390.045955
2025-08-02 19:00:00+00:00,3383.329,3423.0,3374.5485,3381.705,2.800284948,65.0,3396.388672
2025-08-02 20:00:00+00:00,3384.012,3421.5745,3384.012,3421.22,2.120942286,8.0,3400.000856
2025-08-02 21:00:00+00:00,3422.7095,3439.1005,3406.12,3411.179,4.418624394,5.0,3406.757962
2025-08-02 22:00:00+00:00,3413.25,3426.535,3385.7,3408.995,3.041560596,6.0,3408.582429
2025-08-02 23:00:00+00:00,3407.7,3416.95,3368.44,3392.1675,0.127694553,4.0,3393.188835
2025-08-03 00:00:00+00:00,3391.6,3410.815,3356.416,3406.0625,0.09838,3.0,3385.476987
2025-08-03 01:00:00+00:00,3405.65375,3422.25,3401.675,3413.45,5.321888212,4.0,3406.567042
2025-08-03 02:00:00+00:00,3415.441,3443.985,3415.441,3443.985,0.316488335,4.0,3424.676539
2025-08-03 03:00:00+00:00,3442.3035,3450.353,3439.667,3443.9,0.282226363,2.0,3447.72615
2025-08-03 04:00:00+00:00,3442.2535,3445.905,3433.386,3441.965,0.213186478,4.0,3442.483098
2025-08-03 05:00:00+00:00,3443.8,3455.03,3439.765,3445.1,1.099889328,3.0,3449.233659
2025-08-03 06:00:00+00:00,3447.0,3447.0,3436.6685,3439.46,0.162438354,3.0,3440.336758
2025-08-03 07:00:00+00:00,3441.41,3459.545,3441.41,3455.7955,0.293156372,2.0,3458.804518
2025-08-03 08:00:00+00:00,3457.439,3464.02,3453.258,3462.2905,0.140202464,4.0,3460.484992
2025-08-03 09:00:00+00:00,3460.9495,3467.123,3455.625,3464.275,8.132859115,3.0,3465.615591
2025-08-03 10:00:00+00:00,3466.5,3490.037,3466.3,3485.5,0.028253605,2.0,3489.546522
2025-08-03 11:00:00+00:00,3487.09,3515.404,3484.518,3484.518,1.587474325,7.0,3508.204811
2025-08-03 12:00:00+00:00,3486.805,3503.0815,3475.775,3490.012,0.382275138,2.0,3488.171976
2025-08-03 13:00:00+00:00,3488.52,3499.089,3484.1,3491.932,2.004423857,3.0,3485.735218
2025-08-03 14:00:00+00:00,3493.585,3493.9,3465.165,3472.986,0.319556054,3.0,3489.686062
2025-08-03 15:00:00+00:00,3471.93,3478.295,3455.38,3475.1955,0.070582498,2.0,3462.916713
2025-08-03 16:00:00+00:00,3473.8185,3497.15,3467.094,3495.725,0.36218028,8.0,3486.178822
2025-08-03 17:00:00+00:00,3496.905,3498.7625,3481.073,3489.0145,1.190733888,7.0,3488.519157
2025-08-03 18:00:00+00:00,3491.5,3499.7,3482.05,3497.2685,0.454211817,4.0,3499.624663
2025-08-03 19:00:00+00:00,3494.837,3513.975,3489.23,3496.4205,1.208943759,61.0,3495.881046
2025-08-03 20:00:00+00:00,3498.541,3498.541,3484.9,3493.6115,0.030619492,10.0,3490.086896
2025-08-03 21:00:00+00:00,3492.925,3507.835,3489.6295,3503.6425,0.103246529,29.0,3497.97012
2025-08-03 22:00:00+00:00,3504.8105,3513.2815,3484.5215,3503.69,1.033067405,10.0,3495.087335
2025-08-03 23:00:00+00:00,3506.08,3520.405,3497.78,3497.965,0.04822096,10.0,3514.967717
2025-08-04 00:00:00+00:00,3499.6925,3551.475,3493.1,3547.4,4.841337536,20.0,3516.851489
2025-08-04 01:00:00+00:00,3550.1,3559.451,3534.5,3537.58,0.110358964,11.0,3550.615882
2025-08-04 02:00:00+00:00,3538.655,3571.6515,3525.215,3571.6515,1.103412955,15.0,3530.655519
2025-08-04 03:00:00+00:00,3574.033,3574.8425,3555.0,3557.99,0.034157424,11.0,3562.336542
2025-08-04 04:00:00+00:00,3559.54,3566.0805,3537.617,3539.07,0.056066855,15.0,3562.094669
2025-08-04 05:00:00+00:00,3540.5225,3541.073,3525.587,3534.9,1.137815229,9.0,3531.820388
2025-08-04 06:00:00+00:00,3533.692,3541.8915,3523.1475,3539.9825,0.024929209,5.0,3533.369168
2025-08-04 07:00:00+00:00,3540.9295,3554.7,3537.851,3552.724,0.455301028,6.0,3551.627496
2025-08-04 08:00:00+00:00,3555.394,3565.3,3543.9715,3551.9815,0.137491845,5.0,3563.434291
2025-08-04 09:00:00+00:00,3554.055,3565.07,3546.16,3546.16,0.087966008,4.0,3558.526863
2025-08-04 10:00:00+00:00,3548.5635,3573.834,3544.95,3557.03,5.281650309,6.0,3547.320402
2025-08-04 11:00:00+00:00,3555.2275,3564.8215,3551.1025,3555.939,0.038125326,4.0,3557.962988
2025-08-04 12:00:00+00:00,3557.7435,3571.545,3551.785,3571.545,0.023249488,3.0,3557.112013
2025-08-04 13:00:00+00:00,3573.2,3622.095,3562.0575,3622.095,7.256322099,18.0,3594.805323
2025-08-04 14:00:00+00:00,3623.45,3665.645,3619.2715,3639.5345,2.519755017,15.0,3655.591378
2025-08-04 15:00:00+00:00,3642.69,3656.95,3635.955,3648.6235,0.26096471,15.0,3645.246613
2025-08-04 16:00:00+00:00,3650.294,3695.3674615782,3647.89,3686.322,0.107476077,27.0,3669.697808
2025-08-04 17:00:00+00:00,3687.986,3718.309,3679.35,3683.7185,0.463463752,20.0,3701.414748
2025-08-04 18:00:00+00:00,3685.4195,3692.97,3673.94,3675.89,0.016765329,6.0,3681.698664
2025-08-04 19:00:00+00:00,3675.365,3687.56,3666.6315,3670.106,2.96637765,75.0,3670.741053
2025-08-04 20:00:00+00:00,3669.2,3709.29865,3661.917,3701.65,0.233616648,12.0,3692.33811
2025-08-04 21:00:00+00:00,3702.922,3730.4135,3700.68,3708.459,0.040151864,7.0,3713.402191
2025-08-04 22:00:00+00:00,3711.175,3730.7,3711.175,3727.75,0.011081321,9.0,3726.083384
2025-08-04 23:00:00+00:00,3730.1295,3733.0,3710.991,3721.256,0.055165827,3.0,3732.063077
2025-08-05 00:00:00+00:00,3718.962,3723.516,3693.55,3697.258,0.138089924,6.0,3705.096029
2025-08-05 01:00:00+00:00,3694.978,3707.007,3679.5,3679.5,0.130535683,1.0,3698.936
2025-08-05 02:00:00+00:00,3680.85,3687.074,3674.72,3680.7365,0.064992355,2.0,3675.223122
2025-08-05 03:00:00+00:00,3678.7355,3678.7355,3648.4925,3653.11,2.095044688,6.0,3659.539003
2025-08-05 04:00:00+00:00,3655.09,3668.327,3642.926,3650.071,0.115090066,2.0,3643.067746
2025-08-05 05:00:00+00:00,3648.585,3666.751,3646.0,3665.185,0.12614649,4.0,3651.324061
2025-08-05 06:00:00+00:00,3662.926,3679.55,3636.6925,3649.9795,3.525384153,4.0,3649.948482
2025-08-05 07:00:00+00:00,3647.745,3654.3215,3602.69,3611.0,0.712905386,9.0,3618.154864
2025-08-05 08:00:00+00:00,3613.3,3635.2245,3608.645,3634.6275,0.028182317,4.0,3618.818219
2025-08-05 09:00:00+00:00,3636.752,3666.9965,3635.54,3661.019,0.503740983,7.0,3645.81447
2025-08-05 10:00:00+00:00,3659.75,3692.285,3655.3745,3682.18,0.771002349,8.0,3673.140601
2025-08-05 11:00:00+00:00,3684.005,3687.0,3662.275,3673.6475,0.427387236,4.0,3671.920814
2025-08-05 12:00:00+00:00,3675.1725,3679.071,3612.74,3627.932,0.25569716,8.0,3651.767501
2025-08-05 13:00:00+00:00,3626.199,3659.15,3618.5815,3646.52,0.022501864,3.0,3651.198578
2025-08-05 14:00:00+00:00,3646.29,3649.325,3560.005,3577.335,3.517522583,23.0,3590.066538
2025-08-05 15:00:00+00:00,3575.585,3597.8665,3555.4,3569.427,0.774050822,10.0,3570.382141
2025-08-05 16:00:00+00:00,3568.55,3594.1495,3563.6965,3577.355,1.873425263,11.0,3569.009899
2025-08-05 17:00:00+00:00,3574.83,3607.335,3574.83,3605.79,0.054779652,5.0,3602.89732
2025-08-05 18:00:00+00:00,3602.905,3610.188,3567.6995,3585.585,0.29256801,3.0,3596.864838
2025-08-05 19:00:00+00:00,3586.9285,3594.438,3556.7,3570.5595,2.687137068,53.0,3568.406555
2025-08-05 20:00:00+00:00,3573.4455,3596.663,3573.4455,3575.2005,0.497869423,11.0,3585.027616
2025-08-05 21:00:00+00:00,3576.605,3588.89,3570.31,3575.1695,0.097544185,10.0,3577.58002
2025-08-05 22:00:00+00:00,3573.7385,3598.2535,3546.545,3596.2,0.174585679,7.0,3568.523678
2025-08-05 23:00:00+00:00,3594.95,3623.065,3594.95,3612.664,0.082708878,3.0,3611.635462
2025-08-06 00:00:00+00:00,3614.528,3614.528,3572.66,3577.36,0.095060182,3.0,3583.732747
2025-08-06 01:00:00+00:00,3575.635,3592.15,3564.561,3592.15,0.020961216,4.0,3581.982776
2025-08-06 02:00:00+00:00,3590.989,3597.944,3575.419,3591.6475,1.166008963,7.0,3581.669607
2025-08-06 03:00:00+00:00,3592.205,3595.308,3572.6485,3584.64,0.00045455,1.0,3582.269
2025-08-06 04:00:00+00:00,3582.57,3585.492,3569.7,3575.005,0.151379427,5.0,3577.358133
2025-08-06 05:00:00+00:00,3573.226,3661.973,3570.1785,3637.123,0.332647982,52.0,3634.311299
2025-08-06 06:00:00+00:00,3639.45,3645.09,3614.66,3631.9,0.040635789,141.0,3629.182269
2025-08-06 07:00:00+00:00,3633.9435,3649.362,3624.199,3640.795,0.061978933,149.0,3638.314857
2025-08-06 08:00:00+00:00,3638.2905,3645.318,3611.38,3622.275,0.054661668,136.0,3627.521919
2025-08-06 09:00:00+00:00,3620.293,3645.129,3614.26,3627.2815,0.054484268,140.0,3629.200791
2025-08-06 10:00:00+00:00,3629.15,3635.2,3612.49,3616.78,0.368376793,44.0,3628.383411
2025-08-06 11:00:00+00:00,3618.65,3630.3,3612.34,3618.55,0.082818639,5.0,3622.115679
2025-08-06 12:00:00+00:00,3620.785,3623.41,3579.2645,3582.54,0.143981468,7.0,3607.249974
2025-08-06 13:00:00+00:00,3584.9495,3603.89,3577.677339901,3603.2,3.860621391,9.0,3597.655237
2025-08-06 14:00:00+00:00,3605.76,3637.1,3589.154,3637.1,0.099423113,8.0,3614.775019
2025-08-06 15:00:00+00:00,3639.10785,3669.1905,3621.88,3666.6535,1.324663723,14.0,3636.94472
2025-08-06 16:00:00+00:00,3665.5,3672.14,3643.2,3646.92,1.161054525,16.0,3653.233007
2025-08-06 17:00:00+00:00,3648.94,3684.7535,3638.4,3684.7535,0.525691976,23.0,3660.697283
2025-08-06 18:00:00+00:00,3682.05,3699.915,3673.9475,3677.0835,1.045495571,10.0,3691.588041
2025-08-06 19:00:00+00:00,3679.16,3686.8755,3669.76,3684.8115,3.638817668,35.0,3680.565017
2025-08-06 20:00:00+00:00,3682.79,3685.77,3668.45,3675.2515,0.062309704,13.0,3677.051173
2025-08-06 21:00:00+00:00,3677.933,3685.7295,3655.37,3670.3965,0.486089023,118.0,3672.607836
2025-08-06 22:00:00+00:00,3672.4445,3684.2,3668.917,3684.13,0.00896094,7.0,3678.730648
2025-08-06 23:00:00+00:00,3685.92,3686.427,3676.0605,3684.1915,0.003247706,3.0,3680.97155
2025-08-07 00:00:00+00:00,3687.02,3687.02,3664.8745,3674.855,0.02191322,10.0,3674.654553
2025-08-07 01:00:00+00:00,3673.0575,3717.865,3669.35,3669.59,0.535264975,8.0,3704.917582
2025-08-07 02:00:00+00:00,3666.94,3680.5,3652.678,3658.973,1.64995266,62.0,3665.450193
2025-08-07 03:00:00+00:00,3662.41,3664.558,3650.5335,3658.0925,11.592242433,7.0,3657.686729
2025-08-07 04:00:00+00:00,3656.31,3670.665,3656.2,3663.1775,0.107201233,33.0,3659.913394
2025-08-07 05:00:00+00:00,3660.1,3691.02,3658.252,3688.82,0.091137528,160.0,3674.671805
2025-08-07 06:00:00+00:00,3685.9,3712.7265,3685.6,3694.395,0.325020592,179.0,3698.815008
2025-08-07 07:00:00+00:00,3697.205,3713.304,3694.32,3702.63,6.445367492,172.0,3703.503906
2025-08-07 08:00:00+00:00,3704.74,3731.1,3701.957,3722.935,1.798479809,169.0,3721.734793
2025-08-07 09:00:00+00:00,3720.5,3734.58,3714.92,3733.79,0.239582579,155.0,3725.257001
2025-08-07 10:00:00+00:00,3732.9025,3828.3,3712.56095,3822.575,3.202907309,88.0,3803.394389
2025-08-07 11:00:00+00:00,3824.5,3841.52,3807.63,3828.943,1.606985436,16.0,3816.906941
2025-08-07 12:00:00+00:00,3831.222,3851.5075,3826.55,3850.61,3.826941492,14.0,3839.99396
2025-08-07 13:00:00+00:00,3847.58,3866.2,3826.75,3856.838,2.757347739,21.0,3857.129229
2025-08-07 14:00:00+00:00,3858.963,3858.963,3805.8365,3819.296,12.479241057,16.0,3823.885984
2025-08-07 15:00:00+00:00,3821.735,3841.0695,3816.86,3839.152,0.331354829,10.0,3828.196781
2025-08-07 16:00:00+00:00,3837.15,3842.26,3783.0,3817.555,0.862035176,12.0,3819.088421
2025-08-07 17:00:00+00:00,3819.91,3834.866,3807.135,3829.923,1.128357409,6.0,3820.189068
2025-08-07 18:00:00+00:00,3827.418,3831.68,3809.7,3830.3175,0.130566642,157.0,3825.968897
2025-08-07 19:00:00+00:00,3827.845,3880.723,3820.33,3870.425,5.929212179,151.0,3841.712659
2025-08-07 20:00:00+00:00,3868.7,3881.61,3853.675,3874.6,1.510340778,16.0,3865.708345
2025-08-07 21:00:00+00:00,3877.1,3886.58,3860.682,3873.424,0.455892546,10.0,3870.351017
2025-08-07 22:00:00+00:00,3871.348,3924.93,3871.348,3918.052,12.311795499,21.0,3910.003395
2025-08-07 23:00:00+00:00,3916.775,3918.1905,3892.035,3912.2505,0.07634242,7.0,3901.601109
2025-08-08 00:00:00+00:00,3913.769,3935.7,3884.45,3901.177,2.81524692,28.0,3910.158712
2025-08-08 01:00:00+00:00,3903.951,3918.35,3882.4,3889.05,1.977183138,20.0,3892.290081
2025-08-08 02:00:00+00:00,3886.8625,3904.935,3884.07,3894.275,0.416702981,3.0,3893.966442
2025-08-08 03:00:00+00:00,3896.842,3968.585,3894.811,3940.8445,23.588716249,21.0,3942.607477
2025-08-08 04:00:00+00:00,3943.669,3943.669,3917.951,3920.165,1.343515516,11.0,3928.475923
2025-08-08 05:00:00+00:00,3918.073,3918.073,3895.69,3902.34,0.355661315,6.0,3908.586586
2025-08-08 06:00:00+00:00,3904.1105,3920.11,3895.177,3914.935,9.306742512,8.0,3910.065603
2025-08-08 07:00:00+00:00,3913.085,3925.4205,3900.5775,3914.73,0.53246609,10.0,3913.051193
2025-08-08 08:00:00+00:00,3916.854,3927.965,3890.401,3899.465,0.785048471,12.0,3914.622454
2025-08-08 09:00:00+00:00,3897.625,3904.1,3885.69,3900.855,2.793263061,9.0,3902.614597
2025-08-08 10:00:00+00:00,3901.553,3908.075,3887.37,3898.7,0.664134964,6.0,3897.492818
2025-08-08 11:00:00+00:00,3895.4,3921.045,3895.4,3919.39,0.249454925,4.0,3906.405867
2025-08-08 12:00:00+00:00,3916.32,3920.1,3894.2795,3894.4245,1.03014287,7.0,3916.134532
2025-08-08 13:00:00+00:00,3897.2165,4008.8761421315,3891.92,4001.45,2.021393666,15.0,3967.505383
2025-08-08 14:00:00+00:00,4003.3,4007.5,3944.86,3981.87,5.059630041,23.0,3972.567762
2025-08-08 15:00:00+00:00,3982.0,3987.735,3926.642,3956.2,4.807456999,16.0,3961.932214
2025-08-08 16:00:00+00:00,3957.8105,3976.213,3951.67,3970.2015,0.503566392,12.0,3961.461159
2025-08-08 17:00:00+00:00,3972.443,4036.51,3970.291,4035.0195,6.34055513,20.0,3999.572354
2025-08-08 18:00:00+00:00,4032.139,4057.298,4032.0595,4057.298,1.870870808,16.0,4045.676905
2025-08-08 19:00:00+00:00,4057.8985,4100.0,3976.108374384,4062.755,14.5297153,145.0,4058.429514
2025-08-08 20:00:00+00:00,4060.0,4070.451,4044.56,4058.2,1.545440531,17.0,4057.20064
2025-08-08 21:00:00+00:00,4060.2,4060.2,4037.78,4038.4485,2.134023606,11.0,4047.333297
2025-08-08 22:00:00+00:00,4035.7,4040.0845,4020.619,4026.02,0.032151772,5.0,4024.615626
2025-08-08 23:00:00+00:00,4028.74,4031.653,4008.3675,4009.872,1.889410457,4.0,4024.312935
2025-08-09 00:00:00+00:00,4007.014,4025.435,4006.966,4017.5025,0.19470257,5.0,4012.510086
2025-08-09 01:00:00+00:00,4014.9865,4038.0,4012.555,4033.0,0.666320669,6.0,4035.544826
2025-08-09 02:00:00+00:00,4030.455,4038.7105,4026.175,4035.25,0.267463177,4.0,4030.663291
2025-08-09 03:00:00+00:00,4032.7,4052.3,4026.315,4052.3,0.622204818,5.0,4033.105252
2025-08-09 04:00:00+00:00,4054.5,4099.065,4046.25,4080.8,11.759165517,13.0,4052.828498
2025-08-09 05:00:00+00:00,4077.665,4197.55,4076.96,4182.71,42.740193499,46.0,4162.380491
2025-08-09 06:00:00+00:00,4179.585,4180.9675,4145.9235,4162.105,4.254544202,11.0,4162.800138
2025-08-09 07:00:00+00:00,4165.0,4175.1,4155.4,4173.0725,2.891204804,15.0,4165.447214
2025-08-09 08:00:00+00:00,4170.95,4202.537,4170.649,4191.49,7.34973617,9.0,4186.291678
2025-08-09 09:00:00+00:00,4188.474,4234.588,4175.395,4220.9585,6.315148713,18.0,4192.461495
2025-08-09 10:00:00+00:00,4219.935,4245.7445,4214.15,4218.475,17.483983389,19.0,4222.148262
2025-08-09 11:00:00+00:00,4214.97,4216.04,4186.565,4190.0545,1.32279359,11.0,4200.081472
2025-08-09 12:00:00+00:00,4192.6,4206.0,4184.31,4197.0115,4.775554646,11.0,4202.690208
2025-08-09 13:00:00+00:00,4199.49,4200.49,4165.05,4165.05,0.846458243,9.0,4192.081596
2025-08-09 14:00:00+00:00,4162.0,4199.0365,4155.2705,4198.0185,0.320553853,9.0,4175.796099
2025-08-09 15:00:00+00:00,4198.45,4227.19,4174.5095,4209.195,0.712374507,7.0,4203.006548
2025-08-09 16:00:00+00:00,4210.7555,4226.2225,4196.857,4209.0295,15.687001211,20.0,4209.752175
2025-08-09 17:00:00+00:00,4206.698,4240.8045,4202.575,4236.38,2.943760037,15.0,4220.268746
2025-08-09 18:00:00+00:00,4239.3,4255.995,4224.01,4243.6425,1.425073792,11.0,4237.21049
2025-08-09 19:00:00+00:00,4240.914,4271.5,4238.2,4259.3845,3.769414702,120.0,4258.377801
2025-08-09 20:00:00+00:00,4261.469,4292.468121827,4259.2095,4289.8115,3.708102717,23.0,4278.607001
2025-08-09 21:00:00+00:00,4292.304121827,4298.75,4264.76,4280.6835,2.316309651,14.0,4288.948972
2025-08-09 22:00:00+00:00,4283.81,4325.635,4246.28,4266.4,6.147036106,22.0,4280.642564
2025-08-09 23:00:00+00:00,4263.8,4275.95,4251.2395,4262.81,1.514640672,18.0,4263.740937
2025-08-10 00:00:00+00:00,4265.1315,4333.162690355,4250.165,4311.965,1.193858686,34.0,4312.204595
2025-08-10 01:00:00+00:00,4314.91,4323.1035,4290.1905,4303.352,0.876302808,8.0,4303.758622
2025-08-10 02:00:00+00:00,4305.87,4305.87,4249.8485,4250.905,0.128181999,16.0,4266.387033
2025-08-10 03:00:00+00:00,4248.91,4256.61,4211.995,4245.19,0.134028583,13.0,4229.500644
2025-08-10 04:00:00+00:00,4242.922,4262.355,4230.455,4251.05,1.035726016,8.0,4253.911045
2025-08-10 05:00:00+00:00,4248.75,4251.75,4214.915,4221.52,0.178659393,74.0,4233.242232
2025-08-10 06:00:00+00:00,4223.2,4234.0855,4203.8855,4226.0045,0.616494625,8.0,4224.466326
2025-08-10 07:00:00+00:00,4227.564,4235.99,4176.0685,4185.2,1.211196486,7.0,4205.692427
2025-08-10 08:00:00+00:00,4183.0,4219.944,4161.245,4211.259,1.037756572,16.0,4203.681936
2025-08-10 09:00:00+00:00,4213.66,4229.99,4210.47,4226.291,1.862325153,18.0,4225.629999
2025-08-10 10:00:00+00:00,4224.5,4232.095,4194.945,4198.3835,0.351073641,1.0,4214.3
2025-08-10 11:00:00+00:00,4196.047,4224.55,4178.779,4180.3915,1.50124007,7.0,4202.286494
2025-08-10 12:00:00+00:00,4177.123,4204.6,4175.4735,4201.7,0.0544,4.0,4190.8615
2025-08-10 13:00:00+00:00,4198.8,4206.44,4166.157,4168.325,1.319906906,8.0,4200.712331
2025-08-10 14:00:00+00:00,4169.51,4223.78,4161.83,4220.57,0.792269934,7.0,4211.246907
2025-08-10 15:00:00+00:00,4221.5185,4237.9325,4212.64,4219.37,0.106042912,2.0,4224.629894
2025-08-10 16:00:00+00:00,4217.05,4240.79,4215.57,4234.25,1.13784455,11.0,4229.953117
2025-08-10 17:00:00+00:00,4231.45,4246.163,4224.9125,4224.9125,1.303749814,3.0,4237.526294
2025-08-10 18:00:00+00:00,4221.695,4236.12,4218.195,4236.12,0.014149255,2.0,4230.550795
2025-08-10 19:00:00+00:00,4233.66,4260.2645,4232.6285,4251.6465,3.219566035,68.0,4249.837569
2025-08-10 20:00:00+00:00,4254.48,4254.48,4211.1,4217.651,0.046595288,8.0,4238.430782
2025-08-10 21:00:00+00:00,4215.2,4224.07,4189.335,4224.07,3.213866906,7.0,4204.183731
2025-08-10 22:00:00+00:00,4225.91,4250.825,4208.224,4250.825,0.022366387,6.0,4226.176624
2025-08-10 23:00:00+00:00,4249.072,4257.99,4232.5935,4251.85,0.058280738,9.0,4248.671699
2025-08-11 00:00:00+00:00,4253.35,4284.855,4241.1685,4266.465,0.964326392,16.0,4254.958432
2025-08-11 01:00:00+00:00,4263.65,4333.277190355,4263.65,4305.501,0.566712916,10.0,4317.064556
2025-08-11 02:00:00+00:00,4303.389,4339.55,4297.8005,4310.516,1.341823208,6.0,4328.108391
2025-08-11 03:00:00+00:00,4313.871,4313.871,4286.3365,4309.4755,0.100208986,5.0,4299.978887
2025-08-11 04:00:00+00:00,4308.052,4347.876903553,4308.052,4319.35,3.309451786,15.0,4325.063318
2025-08-11 05:00:00+00:00,4318.11,4330.85,4293.07,4306.87,0.306165402,7.0,4315.526569
2025-08-11 06:00:00+00:00,4309.505,4313.1,4295.9,4300.925,0.215581924,13.0,4309.06393
2025-08-11 07:00:00+00:00,4298.56,4304.518,4268.48,4273.89,7.487768496,11.0,4283.57197
2025-08-11 08:00:00+00:00,4271.9205,4285.62,4253.366,4282.924,2.760851821,8.0,4275.670336
2025-08-11 09:00:00+00:00,4280.345,4283.1975,4260.62,4265.8675,0.114770173,2.0,4279.253915
2025-08-11 10:00:00+00:00,4266.82,4266.82,4221.5565,4235.3925,2.536545231,8.0,4254.765177
2025-08-11 11:00:00+00:00,4238.6525,4238.6525,4172.24,4185.1315,3.900344811,18.0,4197.649752
2025-08-11 12:00:00+00:00,4187.2,4194.25,4167.175,4181.799,0.022872832,7.0,4182.43477
2025-08-11 13:00:00+00:00,4183.735,4297.794,4169.6075,4278.36,1.95529298,29.0,4257.202014
2025-08-11 14:00:00+00:00,4279.25,4318.7855,4264.23,4276.8935,2.376548203,21.0,4277.984746
2025-08-11 15:00:00+00:00,4279.295,4331.194,4258.4,4331.194,1.230448227,25.0,4282.486337
2025-08-11 16:00:00+00:00,4328.24,4364.041116751,4312.625,4312.625,7.028183588,36.0,4341.278674
2025-08-11 17:00:00+00:00,4315.788,4319.95,4284.0,4292.4975,8.681094469,25.0,4307.406141
2025-08-11 18:00:00+00:00,4290.585,4307.327,4266.8705,4296.78,0.431812164,11.0,4285.958838
2025-08-11 19:00:00+00:00,4294.36,4309.456,4231.231,4257.309,7.483828597,71.0,4291.4858
2025-08-11 20:00:00+00:00,4256.06,4256.5685,4221.365,4245.407,0.214004477,20.0,4243.022246
2025-08-11 21:00:00+00:00,4248.25,4255.76,4190.05,4219.84,0.546549975,8.0,4214.339053
2025-08-11 22:00:00+00:00,4221.92,4224.048,4189.792,4219.6525,0.773133173,6.0,4195.969429
2025-08-11 23:00:00+00:00,4217.107,4234.204,4215.251,4223.477,0.018166674,7.0,4229.599657
2025-08-12 00:00:00+00:00,4221.88,4282.515,4220.015,4273.075,0.159686833,8.0,4247.392346
2025-08-12 01:00:00+00:00,4271.04,4290.749,4260.5625,4270.3045,0.882684901,14.0,4279.104058
2025-08-12 02:00:00+00:00,4273.209,4310.783,4261.25,4291.285,0.12070594,15.0,4287.660987
2025-08-12 03:00:00+00:00,4293.758,4303.896,4277.0955,4286.1,0.119275975,14.0,4292.714438
2025-08-12 04:00:00+00:00,4283.292,4319.0775,4280.7,4310.575,0.763360631,15.0,4311.148692
2025-08-12 05:00:00+00:00,4314.1,4314.1,4270.105,4284.7285,0.151273323,9.0,4289.150176
2025-08-12 06:00:00+00:00,4287.11,4310.35,4273.3475,4290.189,0.134149814,35.0,4289.261007
2025-08-12 07:00:00+00:00,4292.9,4320.0,4288.748,4315.896,1.949541366,35.0,4310.181446
2025-08-12 08:00:00+00:00,4319.03,4331.3745,4292.873,4310.4505,0.716101338,39.0,4309.866054
2025-08-12 09:00:00+00:00,4313.001,4318.83,4284.08,4288.365,1.120982568,41.0,4297.488327
2025-08-12 10:00:00+00:00,4290.1715,4298.77,4271.83,4276.841,0.362128177,42.0,4287.861721
2025-08-12 11:00:00+00:00,4278.582,4296.713,4258.989,4290.48,0.352053007,24.0,4280.001137
2025-08-12 12:00:00+00:00,4292.75,4427.34,4277.654,4405.575,26.531637915,34.0,4342.999001
2025-08-12 13:00:00+00:00,4407.67,4433.369,4352.8445,4382.58,10.558395786,35.0,4406.24741
2025-08-12 14:00:00+00:00,4380.7775,4423.2895,4378.15,4415.8005,2.417262597,22.0,4399.710201
2025-08-12 15:00:00+00:00,4418.201,4478.17,4415.625,4470.8855,6.248988435,21.0,4462.477057
2025-08-12 16:00:00+00:00,4474.005,4483.985,4442.19,4464.95,3.298009727,32.0,4461.960071
2025-08-12 17:00:00+00:00,4467.094,4504.944,4464.586,4500.6805,11.502594478,27.0,4487.190746
2025-08-12 18:00:00+00:00,4497.6955,4519.57,4477.7795,4487.8575,2.224866614,20.0,4500.804756
2025-08-12 19:00:00+00:00,4490.1305,4519.517,4483.591,4515.855,2.03541606,88.0,4505.305286
2025-08-12 20:00:00+00:00,4515.205,4640.5,4504.41,4619.5335,7.621331472,55.0,4554.986487
2025-08-12 21:00:00+00:00,4617.276,4617.276,4578.7475,4584.715,5.244747725,16.0,4604.587311
2025-08-12 22:00:00+00:00,4587.69,4589.399,4562.85,4574.585,0.415295187,14.0,4568.035194
2025-08-12 23:00:00+00:00,4573.29,4613.846,4572.64,4590.675,0.004798697,6.0,4593.168169
2025-08-13 00:00:00+00:00,4588.56,4636.283,4583.9255,4613.3775,0.168288313,12.0,4623.638689
2025-08-13 01:00:00+00:00,4615.11,4617.96,4564.59,4583.306,0.07240391,4.0,4582.262421
2025-08-13 02:00:00+00:00,4580.95,4627.6535,4571.41,4622.6975,2.857191714,13.0,4615.393801
2025-08-13 03:00:00+00:00,4621.15,4654.53,4608.95,4646.289,0.199595336,11.0,4634.95288
2025-08-13 04:00:00+00:00,4641.96,4682.3,4641.96,4674.055,4.66519625,21.0,4671.477639
2025-08-13 05:00:00+00:00,4670.9635,4673.71,4622.4,4631.407,4.052940646,14.0,4627.886821
2025-08-13 06:00:00+00:00,4635.795,4648.65,4606.0,4622.511,6.181515155,15.0,4618.918894
2025-08-13 07:00:00+00:00,4620.122,4633.5,4612.26,4626.6415,4.339946939,15.0,4622.964962
2025-08-13 08:00:00+00:00,4626.1775,4637.7495,4610.9395,4624.99,0.152834095,5.0,4631.320179
2025-08-13 09:00:00+00:00,4626.6075,4710.4,4622.934,4705.885,1.594307835,17.0,4641.454531
2025-08-13 10:00:00+00:00,4703.905,4713.7175,4687.002,4694.071,3.698909912,27.0,4695.727785
2025-08-13 11:00:00+00:00,4691.0,4704.42,4670.1815,4690.615,5.705112201,26.0,4689.426114
2025-08-13 12:00:00+00:00,4693.43,4722.47,4676.825,4685.92,2.401127049,16.0,4709.625262
2025-08-13 13:00:00+00:00,4688.35,4734.32,4646.759,4669.69,5.608841665,33.0,4685.688471
2025-08-13 14:00:00+00:00,4672.2395,4704.05,4634.685,4650.3555,1.914624124,28.0,4674.185659
2025-08-13 15:00:00+00:00,4652.2465,4675.6,4619.32,4663.89,5.964421736,21.0,4656.402659
2025-08-13 16:00:00+00:00,4665.52,4733.36,4662.16,4700.69,7.121455869,35.0,4697.423324
2025-08-13 17:00:00+00:00,4704.155,4733.805,4698.415,4729.085,1.889374953,13.0,4723.777168
2025-08-13 18:00:00+00:00,4726.2,4750.178255,4693.922,4717.1,3.100047755,16.0,4730.919308
2025-08-13 19:00:00+00:00,4714.1205,4750.218755,4707.6,4740.1035,3.476958541,106.0,4730.253707
2025-08-13 20:00:00+00:00,4736.2,4744.439,4700.438,4721.105,0.74152699,16.0,4730.955132
2025-08-13 21:00:00+00:00,4722.14,4777.69,4720.21,4725.474,1.573226488,23.0,4758.341386
2025-08-13 22:00:00+00:00,4721.45,4783.222445,4709.41,4737.765,2.430212794,12.0,4753.181546
2025-08-13 23:00:00+00:00,4740.15,4783.339445,4736.0115,4751.8,0.070957584,13.0,4753.948173
2025-08-14 00:00:00+00:00,4750.562,4766.15,4716.6965,4719.786,0.115995252,12.0,4738.102839
2025-08-14 01:00:00+00:00,4723.2355,4752.445,4714.95,4724.335,0.229552465,4.0,4730.856373
2025-08-14 02:00:00+00:00,4721.88,4769.254,4721.88,4753.8,0.05309851,4.0,4755.605393
2025-08-14 03:00:00+00:00,4751.515,4777.8313,4744.445,4776.3813,0.086883006,6.0,4771.64493
2025-08-14 04:00:00+00:00,4775.9965,4787.8,4754.771,4759.763,0.235920889,12.0,4769.548889
2025-08-14 05:00:00+00:00,4757.606,4772.96,4729.2235,4733.917,0.523095941,11.0,4740.134007
2025-08-14 06:00:00+00:00,4731.134,4788.835485,4719.36,4778.152,8.218965173,15.0,4750.390214
2025-08-14 07:00:00+00:00,4775.047,4778.494,4730.5935,4748.9605,0.148815978,3.0,4749.481092
2025-08-14 08:00:00+00:00,4750.0575,4750.0575,4722.595,4729.223,6.191624626,8.0,4737.484702
2025-08-14 09:00:00+00:00,4727.355,4764.82,4724.307,4763.825,0.059294398,3.0,4744.639513
2025-08-14 10:00:00+00:00,4766.86,4767.875,4680.0005,4708.1805,0.323563094,6.0,4727.818715
2025-08-14 11:00:00+00:00,4705.989,4722.0485,4695.5,4720.3125,0.452237401,6.0,4710.51896
2025-08-14 12:00:00+00:00,4721.05,4737.265,4550.951,4569.7,3.014725853,24.0,4593.499947
2025-08-14 13:00:00+00:00,4572.9865,4635.11,4458.143,4614.442,46.611246795,65.0,4536.832365
2025-08-14 14:00:00+00:00,4616.75,4707.6,4582.646,4674.8415,5.977738092,35.0,4642.280602
2025-08-14 15:00:00+00:00,4672.76,4688.7,4592.9015,4621.305,0.953882687,17.0,4624.044885
2025-08-14 16:00:00+00:00,4619.8605,4626.6,4517.85,4548.45,3.613641176,32.0,4566.357891
2025-08-14 17:00:00+00:00,4546.6355,4566.7435,4512.0375,4551.995,6.267375157,19.0,4548.878982
2025-08-14 18:00:00+00:00,4549.4725,4559.135,4487.2275,4540.44,1.623070843,10.0,4543.106437
2025-08-14 19:00:00+00:00,4543.0785,4575.7235,4538.5,4541.973,1.161066977,59.0,4556.579301
2025-08-14 20:00:00+00:00,4540.4095,4550.109,4511.065,4538.333,0.08194598,9.0,4527.105676
2025-08-14 21:00:00+00:00,4535.15,4547.555,4459.2295,4481.425,1.032306756,9.0,4530.31833
2025-08-14 22:00:00+00:00,4479.7,4536.1,4460.984,4534.7495,0.36748301,4.0,4509.618897
2025-08-14 23:00:00+00:00,4537.425,4574.07,4537.425,4549.4615,0.072145123,4.0,4561.815786
2025-08-15 00:00:00+00:00,4551.428,4594.13,4541.99,4568.14,0.0001,1.0,4578.23
2025-08-15 01:00:00+00:00,4567.2575,4614.945,4561.83,4609.6295,0.147333267,10.0,4600.299368
2025-08-15 02:00:00+00:00,4607.853,4646.9525,4602.935,4627.05,1.136324874,14.0,4620.572287
2025-08-15 03:00:00+00:00,4629.5,4653.8535,4618.9875,4638.448,0.294825874,6.0,4633.369418
2025-08-15 04:00:00+00:00,4641.3325,4651.775,4621.238,4629.3855,4.190847532,20.0,4627.060312
2025-08-15 05:00:00+00:00,4632.0935,4637.29,4610.81,4622.6525,5.000655,3.0,4613.291788
2025-08-15 06:00:00+00:00,4623.924,4667.6935,4623.924,4653.225,0.384901428,13.0,4662.327236
2025-08-15 07:00:00+00:00,4649.9375,4656.019,4630.1065,4642.1435,0.050015693,11.0,4642.084925
2025-08-15 08:00:00+00:00,4644.255,4670.5875,4636.3,4643.24,0.263895764,14.0,4645.908086
2025-08-15 09:00:00+00:00,4645.85,4659.5,4616.4,4626.405,0.226543216,3.0,4656.050896
2025-08-15 10:00:00+00:00,4628.29,4653.8,4627.955,4639.7,0.067899811,9.0,4652.651443
2025-08-15 11:00:00+00:00,4643.518,4650.415,4627.7,4638.1845,0.000452476,3.0,4634.057853
2025-08-15 12:00:00+00:00,4636.122,4666.142,4601.265,4632.9,0.085443382,3.0,4632.822929
2025-08-15 13:00:00+00:00,4630.241,4631.4,4538.795,4543.73,2.177312125,19.0,4582.031372
2025-08-15 14:00:00+00:00,4540.677,4579.771,4479.6710856875,4494.7,5.070727557,33.0,4556.911835
2025-08-15 15:00:00+00:00,4491.1,4500.092,4397.11,4432.765,8.129830452,46.0,4439.232629
2025-08-15 16:00:00+00:00,4430.641,4435.76,4376.552,4418.67,5.086184699,31.0,4405.073463
2025-08-15 17:00:00+00:00,4417.015,4462.95,4377.96,4442.1275,0.524566596,11.0,4423.455174
2025-08-15 18:00:00+00:00,4445.91,4453.36,4384.0685,4397.843,0.170945829,7.0,4420.87797
2025-08-15 19:00:00+00:00,4399.415,4428.245,4379.772,4387.555,1.098995825,48.0,4389.887552
2025-08-15 20:00:00+00:00,4385.406,4433.979,4371.35,4426.49,0.623463276,17.0,4406.329501
2025-08-15 21:00:00+00:00,4429.382,4434.3905,4396.585,4433.5875,0.098451832,9.0,4417.620294
2025-08-15 22:00:00+00:00,4430.83,4482.105,4418.375,4479.769,1.093056098,5.0,4451.686466
2025-08-15 23:00:00+00:00,4481.267,4494.15,4414.942,4445.15,0.145639925,4.0,4468.709238
2025-08-16 00:00:00+00:00,4443.25,4485.465,4435.322,4481.71,1.124724557,6.0,4468.705049
2025-08-16 01:00:00+00:00,4484.6,4492.823,4457.9,4491.6025,9.071553549,4.0,4488.387138
2025-08-16 02:00:00+00:00,4493.73,4493.73,4439.34,4448.416,0.663122575,5.0,4474.351624
2025-08-16 03:00:00+00:00,4450.6425,4461.801,4430.108,4434.26,0.014185245,2.0,4454.541174
2025-08-16 04:00:00+00:00,4436.855,4460.3275,4433.7,4456.503,0.6002023,6.0,4456.246049
2025-08-16 05:00:00+00:00,4458.75,4459.135,4423.355,4425.679,0.019911223,4.0,4436.241003
2025-08-16 06:00:00+00:00,4428.068,4437.485,4416.631759782,4423.321,0.130466623,2.0,4425.524096
2025-08-16 07:00:00+00:00,4425.642,4468.91,4423.321,4455.1815,2.255190744,10.0,4434.55122
2025-08-16 08:00:00+00:00,4457.07,4462.2,4442.57,4447.9,0.179322703,3.0,4455.754727
2025-08-16 09:00:00+00:00,4451.0,4466.46,4396.2265,4402.555,1.6882479,17.0,4450.239808
2025-08-16 10:00:00+00:00,4404.715,4416.585,4378.255,4405.995,3.554821436,28.0,4405.780487
2025-08-16 11:00:00+00:00,4408.975,4428.7,4386.64,4391.883,0.89222059,24.0,4411.159927
2025-08-16 12:00:00+00:00,4389.635,4415.055,4380.2,4415.055,3.100891695,16.0,4408.489984
2025-08-16 13:00:00+00:00,4412.9,4431.5355,4389.4875,4397.875,0.567564234,5.0,4423.342106
2025-08-16 14:00:00+00:00,4394.8135,4420.8385,4393.4165,4418.71,0.672060178,7.0,4409.850304
2025-08-16 15:00:00+00:00,4417.5705,4420.741,4391.95,4404.25,0.624407168,5.0,4408.058787
2025-08-16 16:00:00+00:00,4406.3415,4417.368,4402.84,4412.1705,0.013716011,7.0,4410.674484
2025-08-16 17:00:00+00:00,4410.658,4414.056,4393.7,4408.081,0.079662796,5.0,4409.872853
2025-08-16 18:00:00+00:00,4405.3715,4424.335,4403.41,4412.815,0.655188576,8.0,4413.234179
2025-08-16 19:00:00+00:00,4415.73,4444.112,4412.8015,4422.3895,3.46602084,41.0,4426.069186
2025-08-16 20:00:00+00:00,4426.0,4441.3555,4412.67,4436.036,0.011495354,11.0,4434.586175
2025-08-16 21:00:00+00:00,4433.134,4433.134,4407.808,4412.8845,0.00546203,10.0,4424.113307
2025-08-16 22:00:00+00:00,4410.069,4437.555,4407.569,4430.84,0.004630812,12.0,4421.11925
2025-08-16 23:00:00+00:00,4427.48,4434.935,4414.498,4426.5485,0.002755181,6.0,4422.896486
2025-08-17 00:00:00+00:00,4423.1985,4429.479,4415.066,4415.445,0.112941807,5.0,4425.106687
2025-08-17 01:00:00+00:00,4413.235,4424.1,4400.525,4410.81,0.005883814,4.0,4413.954657
2025-08-17 02:00:00+00:00,4412.4415,4436.555,4403.87,4436.555,0.0054264,1.0,4409.2
2025-08-17 03:00:00+00:00,4438.313,4460.49,4431.9,4456.848,0.083439819,3.0,4447.002394
2025-08-17 04:00:00+00:00,4459.22,4491.332,4455.515,4487.285,0.117106315,15.0,4480.972415
2025-08-17 05:00:00+00:00,4485.6965,4496.03,4470.69,4474.125,0.759579673,6.0,4482.098751
2025-08-17 06:00:00+00:00,4477.05,4488.25,4459.8955,4459.8955,0.92049491,10.0,4469.427829
2025-08-17 07:00:00+00:00,4462.9,4478.5,4450.43,4470.145,0.009877542,3.0,4465.627069
2025-08-17 08:00:00+00:00,4474.2815,4542.325,4464.1275,4540.41,0.111232133,4.0,4515.015307
2025-08-17 09:00:00+00:00,4542.67,4560.135,4530.829,4544.827,3.010108736,5.0,4545.149018
2025-08-17 10:00:00+00:00,4548.154,4576.9845,4532.549,4572.345,0.994285795,6.0,4542.648056
2025-08-17 11:00:00+00:00,4570.05,4572.7,4550.9,4555.665,0.054127024,4.0,4556.715716
2025-08-17 12:00:00+00:00,4552.63,4556.085,4537.847,4544.53,4.989047832,5.0,4547.839298
2025-08-17 13:00:00+00:00,4547.46,4552.985,4522.79,4537.69,0.017841955,3.0,4525.969985
2025-08-17 14:00:00+00:00,4540.21,4561.85,4535.814,4555.25,0.163807647,4.0,4549.333886
2025-08-17 15:00:00+00:00,4555.42,4568.906,4549.705,4563.8605,0.007326509,3.0,4566.414038
2025-08-17 16:00:00+00:00,4567.121,4569.47,4508.65,4519.833,1.011699938,14.0,4540.760208
2025-08-17 17:00:00+00:00,4522.814,4536.396,4508.514,4527.65,0.013924493,3.0,4533.084628
2025-08-17 18:00:00+00:00,4530.37,4535.1,4428.947621778268,4472.6085,0.281242251,10.0,4456.129375
2025-08-17 19:00:00+00:00,4469.6,4483.725,4448.9,4463.154,4.582952668,43.0,4468.366172
2025-08-17 20:00:00+00:00,4460.6965,4480.943,4460.6965,4470.354,0.005596906,4.0,4470.928887
2025-08-17 21:00:00+00:00,4467.439,4490.212,4465.624,4479.16,0.07,1.0,4484.61
2025-08-17 22:00:00+00:00,4481.1775,4537.94,4476.72,4524.75,0.155449204,4.0,4522.201188
2025-08-17 23:00:00+00:00,4525.535,4528.27,4472.203,4475.03,0.073483282,3.0,4488.747623
2025-08-18 00:00:00+00:00,4473.55,4484.845,4441.67,4466.05,0.07,1.0,4449.76
2025-08-18 01:00:00+00:00,4465.4875,4472.0265,4386.91,4401.9495,0.181091254,8.0,4414.32445
2025-08-18 02:00:00+00:00,4398.245,4403.915,4315.56746798,4325.73,2.603649308,13.0,4356.413098
2025-08-18 03:00:00+00:00,4323.45,4338.6935,4286.557142857,4325.592,1.046400554,13.0,4312.603313
2025-08-18 04:00:00+00:00,4322.8835,4344.2,4306.5925,4339.92,2.916448255,14.0,4334.197414
2025-08-18 05:00:00+00:00,4342.525,4351.135,4264.96,4314.069,29.37024667,15.0,4291.396869
2025-08-18 06:00:00+00:00,4315.3005,4318.1,4236.538100985,4255.8005,1.07671054,17.0,4278.41957
2025-08-18 07:00:00+00:00,4259.385,4277.592,4240.944,4259.7555,3.734058802,14.0,4251.115415
2025-08-18 08:00:00+00:00,4261.655,4289.32,4254.4865,4260.85,12.680774453,12.0,4273.029659
2025-08-18 09:00:00+00:00,4257.8,4320.251,4228.756589508,4296.0205,2.666952392,14.0,4264.308435
2025-08-18 10:00:00+00:00,4298.6,4308.9235,4260.8595,4266.6815,5.748122615,16.0,4298.297912
2025-08-18 11:00:00+00:00,4263.846,4280.46,4257.2885,4278.2545,1.3745891,10.0,4277.797103
2025-08-18 12:00:00+00:00,4276.22,4345.3745,4273.993,4345.35,0.21939205,9.0,4313.13371
2025-08-18 13:00:00+00:00,4343.34,4370.9075,4286.71,4286.71,0.561614105,14.0,4344.547879
2025-08-18 14:00:00+00:00,4289.7265,4335.5045,4276.022,4334.91,9.865222232,13.0,4299.066974
2025-08-18 15:00:00+00:00,4332.224,4348.68,4301.0955,4347.545,5.998108378,10.0,4325.476729
2025-08-18 16:00:00+00:00,4344.905,4366.145,4305.263,4323.9145,5.189729352,35.0,4336.705793
2025-08-18 17:00:00+00:00,4326.485,4382.0,4315.35,4346.1625,4.514428467,19.0,4327.789949
2025-08-18 18:00:00+00:00,4343.2445,4375.18,4329.648,4369.6,0.138989578,12.0,4348.781254
2025-08-18 19:00:00+00:00,4370.43,4386.3,4347.715,4354.8,10.339799503,52.0,4367.021603
2025-08-18 20:00:00+00:00,4358.39,4369.565,4321.5965,4337.525,0.096582565,24.0,4344.664019
2025-08-18 21:00:00+00:00,4334.11,4364.125,4329.485,4356.862,0.118802669,3.0,4361.027536
2025-08-18 22:00:00+00:00,4360.2675,4388.6035,4342.835,4343.385,0.06,1.0,4376.73
2025-08-18 23:00:00+00:00,4343.761,4353.341,4308.1695,4315.031,0.060476536,2.0,4340.574505
2025-08-19 00:00:00+00:00,4312.81,4344.6,4268.85,4343.974,0.144545025,7.0,4319.45769
2025-08-19 01:00:00+00:00,4348.047,4356.8555,4289.81,4296.3585,0.071537442,3.0,4308.778499
2025-08-19 02:00:00+00:00,4298.72,4301.6,4284.925,4287.325,2.01e-07,3.0,4292.196333
2025-08-19 03:00:00+00:00,4284.9515,4292.9,4215.3795,4221.07,1.263963332,17.0,4258.488449
2025-08-19 04:00:00+00:00,4219.3895,4237.119,4195.8685,4234.845,2.269077586,19.0,4206.559177
2025-08-19 05:00:00+00:00,4237.671,4253.027,4222.405,4231.23,0.422035916,14.0,4247.971534
2025-08-19 06:00:00+00:00,4228.7,4250.59,4226.9,4242.7715,0.609152565,8.0,4235.680478
2025-08-19 07:00:00+00:00,4246.503,4246.503,4206.482,4235.1705,5.0128,4.0,4236.461656
2025-08-19 08:00:00+00:00,4238.2,4268.53,4220.385,4259.184,0.0229,5.0,4240.547114
2025-08-19 09:00:00+00:00,4261.836,4304.491,4258.102,4283.665,0.108779078,4.0,4272.158584
2025-08-19 10:00:00+00:00,4282.134,4304.06,4278.9835,4286.46,1.277205593,5.0,4302.76352
2025-08-19 11:00:00+00:00,4289.115,4318.2375,4288.46,4309.325,0.06,1.0,4304.81
2025-08-19 12:00:00+00:00,4307.6,4314.85,4288.075,4307.15,0.224052461,1.0,4310.09
2025-08-19 13:00:00+00:00,4303.2565,4339.385,4263.904,4291.561,1.312650983,5.0,4275.629763
2025-08-19 14:00:00+00:00,4292.93,4308.19,4184.3655,4191.358,9.453435285,22.0,4229.779633
2025-08-19 15:00:00+00:00,4193.98,4231.05,4170.2653423645,4190.75,0.904885423,5.0,4190.720537
2025-08-19 16:00:00+00:00,4192.38,4206.87,4139.835517241,4142.2425,7.226010065,36.0,4185.35499
2025-08-19 17:00:00+00:00,4141.213,4188.8455,4134.1695,4186.8415,6.354101445,24.0,4151.788737
2025-08-19 18:00:00+00:00,4190.583,4190.583,4124.8,4145.582,2.054300077,6.0,4178.671439
2025-08-19 19:00:00+00:00,4142.85,4164.3,4114.295,4140.71,1.397278355,80.0,4139.258807
2025-08-19 20:00:00+00:00,4143.99,4162.615,4116.1915,4158.7535,0.916889725,10.0,4131.032851
2025-08-19 21:00:00+00:00,4156.4475,4162.85,4138.035,4153.0055,1.174647527,8.0,4148.757645
2025-08-19 22:00:00+00:00,4150.5,4152.9215,4119.985,4131.875,0.0132,2.0,4143.7
2025-08-19 23:00:00+00:00,4134.167,4134.167,4067.46,4076.3,2.52907931,9.0,4082.70287
2025-08-20 00:00:00+00:00,4078.2,4115.1,4076.3,4105.745,0.070885576,14.0,4102.290881
2025-08-20 01:00:00+00:00,4106.7015,4121.85,4065.345,4109.2425,11.524241619,11.0,4121.500884
2025-08-20 02:00:00+00:00,4111.607,4144.14,4107.519,4136.327,0.560003644,6.0,4142.143308
2025-08-20 03:00:00+00:00,4139.655,4157.6515,4129.4,4140.499,0.1256382,4.0,4138.013909
2025-08-20 04:00:00+00:00,4144.246,4177.6475,4140.499,4170.21,0.157719811,6.0,4163.82507
2025-08-20 05:00:00+00:00,4172.6,4182.75,4155.5995,4182.75,2.108137716,5.0,4163.465997
2025-08-20 06:00:00+00:00,4185.8,4189.268,4170.813,4181.929,0.035782586,5.0,4185.003577
2025-08-20 07:00:00+00:00,4184.715,4210.6139847715,4184.545,4184.545,0.822814396,6.0,4194.135209
2025-08-20 08:00:00+00:00,4186.5855,4240.1085,4179.53,4239.8845,0.229617655,6.0,4211.600636
2025-08-20 09:00:00+00:00,4237.755,4237.755,4218.8545,4221.3815,3.747215345,6.0,4236.072228
2025-08-20 10:00:00+00:00,4222.7885,4231.665,4210.935,4226.342,1.481354381,28.0,4225.971497
2025-08-20 11:00:00+00:00,4228.45,4231.9,4150.6295,4194.0025,2.28500693,9.0,4186.837081
2025-08-20 12:00:00+00:00,4195.5525,4221.2995,4177.751,4204.8975,0.700814893,7.0,4201.093774
2025-08-20 13:00:00+00:00,4202.8595,4213.58,4129.915,4138.005,2.071558602,9.0,4168.740625
2025-08-20 14:00:00+00:00,4135.658,4233.51,4107.9,4213.855,5.397260866,18.0,4168.221377
2025-08-20 15:00:00+00:00,4212.18,4304.81,4206.6415,4256.78,9.376126601,15.0,4276.45087
2025-08-20 16:00:00+00:00,4258.94,4329.4745,4256.78,4302.546,1.484624248,24.0,4266.417669
2025-08-20 17:00:00+00:00,4300.64,4364.205,4297.68,4345.96,1.674634012,17.0,4313.630597
2025-08-20 18:00:00+00:00,4343.5835,4343.5835,4264.915,4293.435,1.307388479,16.0,4291.182613
2025-08-20 19:00:00+00:00,4290.76,4352.415,4288.276,4347.6395,1.354401888,66.0,4325.839826
2025-08-20 20:00:00+00:00,4350.579,4370.73,4333.0615,4357.7945,0.54318538,15.0,4341.927861
2025-08-20 21:00:00+00:00,4355.3,4365.945,4322.025,4344.55,0.045256592,8.0,4356.785538
2025-08-20 22:00:00+00:00,4347.192,4375.627,4338.26,4369.36,0.04649354,9.0,4366.09804
2025-08-20 23:00:00+00:00,4366.356,4367.801,4325.33,4336.4415,0.054784297,8.0,4333.800723
2025-08-21 00:00:00+00:00,4338.4,4338.4,4307.47,4324.246,0.110557795,8.0,4317.643711
2025-08-21 01:00:00+00:00,4321.9,4335.955,4299.4,4333.325,0.086431171,6.0,4306.257485
2025-08-21 02:00:00+00:00,4331.4765,4338.845,4279.41,4294.85,0.034311023,16.0,4297.18593
2025-08-21 03:00:00+00:00,4297.5785,4332.564,4294.9165,4294.9165,0.026015084,3.0,4305.356689
2025-08-21 04:00:00+00:00,4296.75,4306.95,4284.9585,4294.9245,0.389818118,8.0,4298.882839
2025-08-21 05:00:00+00:00,4291.619,4323.25,4283.1245,4318.47,5.482562294,20.0,4295.524687
2025-08-21 06:00:00+00:00,4315.8,4315.8,4286.4935,4306.78,0.013965,1.0,4313.0
2025-08-21 07:00:00+00:00,4304.54,4311.68,4274.1165,4309.594,0.122751734,4.0,4296.2157
2025-08-21 08:00:00+00:00,4312.1,4314.285,4286.799,4288.3775,2.68e-07,4.0,4296.256
2025-08-21 09:00:00+00:00,4285.307,4290.4,4257.505,4276.2445,0.041249573,5.0,4268.81752
2025-08-21 10:00:00+00:00,4274.545,4304.525,4265.3,4291.6,1.748608476,11.0,4280.764739
2025-08-21 11:00:00+00:00,4293.888,4307.1585,4266.581,4279.547,0.052048587,4.0,4271.272667
2025-08-21 12:00:00+00:00,4282.77,4284.5665,4238.27,4250.164,2.821451874,9.0,4245.160668
2025-08-21 13:00:00+00:00,4246.8595,4294.38,4242.5345,4262.275,0.005585545,2.0,4265.82009
2025-08-21 14:00:00+00:00,4261.1835,4326.51,4254.5485,4272.655,0.093457088,10.0,4286.7814
2025-08-21 15:00:00+00:00,4273.65,4276.2,4226.8805,4241.985,0.551394773,9.0,4259.28696
2025-08-21 16:00:00+00:00,4244.595,4260.335,4216.0,4220.4935,0.133717086,10.0,4239.299246
2025-08-21 17:00:00+00:00,4222.54,4245.728,4209.824,4241.845,5.090034298,13.0,4219.58543
2025-08-21 18:00:00+00:00,4245.0935,4270.2,4232.239,4262.9,0.610535088,12.0,4245.499012
2025-08-21 19:00:00+00:00,4263.38,4272.68,4217.4,4224.589,1.136505635,37.0,4224.480657
2025-08-21 20:00:00+00:00,4226.2,4257.3545,4204.8,4239.931,0.35912757,1.0,4233.4
2025-08-21 21:00:00+00:00,4243.2,4255.055,4211.15,4242.275,0.161983901,2.0,4235.815752
2025-08-21 22:00:00+00:00,4239.35,4259.94,4238.71,4251.935,0.019610291,5.0,4243.948007
2025-08-21 23:00:00+00:00,4250.53,4254.1,4209.648,4223.65,0.169272711,4.0,4232.888911
2025-08-22 00:00:00+00:00,4225.996,4255.1955,4225.996,4243.535,0.034281715,2.0,4244.931107
2025-08-22 01:00:00+00:00,4245.8855,4263.492,4222.094,4256.2935,0.017144282,5.0,4236.379251
2025-08-22 02:00:00+00:00,4254.9735,4313.444,4249.875,4288.9865,0.081611307,4.0,4287.10372
2025-08-22 03:00:00+00:00,4290.853,4299.92,4269.305,4278.2295,0.075648026,4.0,4279.376506
2025-08-22 04:00:00+00:00,4280.02,4306.7105,4272.9065,4279.757,0.057619681,3.0,4293.548408
2025-08-22 05:00:00+00:00,4282.5165,4291.975,4273.037,4289.5155,0.053565977,2.0,4290.658723
2025-08-22 06:00:00+00:00,4290.4805,4317.22,4280.121,4293.815,0.451088657,4.0,4294.353017
2025-08-22 07:00:00+00:00,4292.973,4340.595,4292.973,4327.115,0.242352845,6.0,4316.362398
2025-08-22 08:00:00+00:00,4330.56,4352.789,4326.448,4329.0615,0.48092205,14.0,4342.113973
2025-08-22 09:00:00+00:00,4325.5825,4331.59,4306.1,4327.464,5.127949332,6.0,4329.943654
2025-08-22 10:00:00+00:00,4330.61,4330.61,4291.7305,4295.7,0.183085828,7.0,4308.450601
2025-08-22 11:00:00+00:00,4293.311,4298.068,4273.085,4273.085,0.04912925,2.0,4289.313139
2025-08-22 12:00:00+00:00,4274.5215,4275.1,4209.5055,4244.6165,0.180346851,9.0,4248.216912
2025-08-22 13:00:00+00:00,4247.1005,4317.9150467601,4235.628,4288.5,0.260684932,11.0,4269.161724
2025-08-22 14:00:00+00:00,4290.465,4646.721,4290.465,4616.0445,29.836051741,96.0,4558.946868
2025-08-22 15:00:00+00:00,4618.355,4667.6198807105,4613.727,4617.95,2.3131385,22.0,4638.561405
2025-08-22 16:00:00+00:00,4619.16,4777.24,4619.16,4745.5525,7.317608282,53.0,4733.680369
2025-08-22 17:00:00+00:00,4748.95,4847.20925,4748.175,4799.1495,15.646837239,42.0,4829.769737
2025-08-22 18:00:00+00:00,4803.17,4805.1,4753.53,4789.415,16.061595888,23.0,4789.46612
2025-08-22 19:00:00+00:00,4786.13,4852.762939086,4781.5,4831.91,38.100456592,145.0,4804.03967
2025-08-22 20:00:00+00:00,4834.495,4866.1575,4812.905,4847.315,3.17309232,26.0,4832.733592
2025-08-22 21:00:00+00:00,4849.765,4885.353,4839.1,4849.3275,6.550492612,25.0,4861.019952
2025-08-22 22:00:00+00:00,4851.9135,4854.197,4796.78,4810.706,2.128289911,21.0,4804.523993
2025-08-22 23:00:00+00:00,4807.705,4843.81,4807.705,4831.3385,4.138909131,8.0,4834.029635
2025-08-23 00:00:00+00:00,4827.851,4833.13,4800.565,4806.473,0.354305647,8.0,4802.70113
2025-08-23 01:00:00+00:00,4802.88,4815.2835,4758.296,4776.2255,0.227013724,6.0,4798.8844
2025-08-23 02:00:00+00:00,4778.335,4788.079,4664.6815,4712.479,3.378827513,20.0,4722.363161
2025-08-23 03:00:00+00:00,4710.769,4722.412,4675.8035,4692.1525,0.275640429,5.0,4710.518674
2025-08-23 04:00:00+00:00,4694.1,4744.445,4694.05,4744.445,0.154187621,6.0,4717.94039
2025-08-23 05:00:00+00:00,4742.49,4760.915,4724.632,4747.81,1.410787616,9.0,4741.864228
2025-08-23 06:00:00+00:00,4751.36,4758.82,4733.2,4745.7,0.02531283,5.0,4736.566324
2025-08-23 07:00:00+00:00,4742.843,4749.379,4707.25,4711.82,0.164319181,8.0,4726.187667
2025-08-23 08:00:00+00:00,4714.419,4726.86,4696.534,4715.525,0.052834091,10.0,4720.959048
2025-08-23 09:00:00+00:00,4719.1285,4739.9745,4707.4675,4736.947,1.970406082,6.0,4714.69569
2025-08-23 10:00:00+00:00,4734.6405,4745.056,4711.5665,4711.5665,0.393591838,7.0,4713.195465
2025-08-23 11:00:00+00:00,4708.915,4729.26,4692.31,4703.5245,2.051309499,4.0,4717.52478
2025-08-23 12:00:00+00:00,4703.4235,4732.3325,4696.014785,4712.9,0.010082908,4.0,4718.281588
2025-08-23 13:00:00+00:00,4716.0,4731.6945,4707.482,4715.698,11.242077315,5.0,4726.496581
2025-08-23 14:00:00+00:00,4719.116,4751.98,4714.22,4725.305,0.016922384,5.0,4723.177207
2025-08-23 15:00:00+00:00,4728.44,4764.938,4719.428,4751.425,1.012594809,10.0,4734.531783
2025-08-23 16:00:00+00:00,4748.7,4759.8745,4739.946,4740.0605,3.704209527,16.0,4746.880771
2025-08-23 17:00:00+00:00,4738.9975,4750.395,4729.248,4746.5095,1.272974717,6.0,4733.327895
2025-08-23 18:00:00+00:00,4748.5675,4756.6,4742.18,4751.79,1.337202702,9.0,4751.73792
2025-08-23 19:00:00+00:00,4754.7,4760.5,4746.755,4756.185,1.401091488,55.0,4755.034703
2025-08-23 20:00:00+00:00,4754.77,4758.106,4742.724,4750.5735,0.002060466,2.0,4758.106
2025-08-23 21:00:00+00:00,4748.5,4750.782,4737.7485,4748.1165,1.182657805,4.0,4745.903707
2025-08-23 22:00:00+00:00,4750.04,4784.34,4748.501,4779.8645,0.068651024,6.0,4764.716128
2025-08-23 23:00:00+00:00,4781.919,4796.641,4766.1265,4777.3,0.105848553,6.0,4790.662102
2025-08-24 00:00:00+00:00,4774.9,4813.52975,4771.9,4800.731638,0.042166577,15.0,4781.374803
2025-08-24 01:00:00+00:00,4800.123276,4815.3095,4759.35,4772.615,0.031397922,13.0,4778.791415
2025-08-24 02:00:00+00:00,4775.891,4788.925,4770.294,4771.55,0.070995714,24.0,4781.360058
2025-08-24 03:00:00+00:00,4775.55,4796.368,4753.7775,4786.345,0.076144725,11.0,4773.267682
2025-08-24 04:00:00+00:00,4789.05,4796.4545,4776.7315,4791.7985,0.137337347,9.0,4785.650839
2025-08-24 05:00:00+00:00,4789.45,4793.4,4779.31,4782.497,0.006503391,11.0,4787.844649
2025-08-24 06:00:00+00:00,4778.041,4785.62,4757.0935,4759.497,0.057109392,13.0,4763.635314
2025-08-24 07:00:00+00:00,4762.05,4780.487,4757.3105,4757.3105,0.133442076,15.0,4779.088083
2025-08-24 08:00:00+00:00,4755.32,4776.2975,4744.3425,4776.15,0.166435744,3.0,4752.204372
2025-08-24 09:00:00+00:00,4776.0,4783.65,4760.817,4772.0265,2.28707638,12.0,4773.693158
2025-08-24 10:00:00+00:00,4775.373,4775.373,4733.732,4739.894,0.050321055,5.0,4747.534767
2025-08-24 11:00:00+00:00,4738.4775,4753.524,4722.2775,4746.012,3.200857066,11.0,4731.011932
2025-08-24 12:00:00+00:00,4749.299,4754.055,4738.049,4753.2735,0.030273458,2.0,4747.403188
2025-08-24 13:00:00+00:00,4757.437,4779.767,4756.7085,4768.65,0.373629691,26.0,4775.258577
2025-08-24 14:00:00+00:00,4770.4,4796.75575,4759.065,4794.323,1.18850881,11.0,4770.616096
2025-08-24 15:00:00+00:00,4796.1,4826.2105,4786.6655,4796.6,1.742734565,42.0,4813.189119
2025-08-24 16:00:00+00:00,4799.5,4834.6325,4788.558,4822.215,0.096480179,16.0,4826.77118
2025-08-24 17:00:00+00:00,4826.21,4930.664,4819.5645,4905.005,16.373120215,66.0,4878.783152
2025-08-24 18:00:00+00:00,4908.41,4950.022,4896.005,4933.85,11.476634803,29.0,4941.760513
2025-08-24 19:00:00+00:00,4931.3,4954.4605,4753.146,4812.213,7.53844284,98.0,4827.885625
2025-08-24 20:00:00+00:00,4814.0,4814.0,4715.6704176675,4785.945,6.127278879,18.0,4775.253355
2025-08-24 21:00:00+00:00,4788.794,4820.3965,4754.945,4786.9145,0.807524724,7.0,4801.968437
2025-08-24 22:00:00+00:00,4782.51,4790.41,4727.103,4779.4845,0.247231562,6.0,4756.087202
2025-08-24 23:00:00+00:00,4781.5325,4802.3,4774.7245,4778.67,0.014455964,5.0,4777.217994
2025-08-25 00:00:00+00:00,4781.978,4797.0945,4674.1665,4700.407,2.240493681,11.0,4682.78467
2025-08-25 01:00:00+00:00,4703.8335,4745.075,4702.544,4730.55,0.202741556,9.0,4728.508914
2025-08-25 02:00:00+00:00,4728.405,4774.482,4728.405,4764.3445,1.123446623,3.0,4745.807819
2025-08-25 03:00:00+00:00,4766.689,4771.83,4725.7915,4725.7915,0.151787066,3.0,4757.075911
2025-08-25 04:00:00+00:00,4726.587,4738.781,4692.615,4717.7025,3.134117224,5.0,4719.17613
2025-08-25 05:00:00+00:00,4721.42,4729.145,4703.245,4706.305,0.010209555,2.0,4726.418473
2025-08-25 06:00:00+00:00,4703.285,4705.75,4616.86,4629.25,3.127824318,14.0,4677.754797
2025-08-25 07:00:00+00:00,4631.275,4650.712,4584.28,4590.7965,10.126637748,16.0,4608.991297
2025-08-25 08:00:00+00:00,4592.78,4614.582,4559.5255,4599.4345,4.605518416,21.0,4605.249613
2025-08-25 09:00:00+00:00,4596.3925,4612.163,4571.8905,4612.163,0.166097421,12.0,4602.257535
2025-08-25 10:00:00+00:00,4615.146,4615.146,4520.45,4544.035,1.283384348,22.0,4535.228114
2025-08-25 11:00:00+00:00,4545.83,4598.645,4542.736,4598.645,0.698674914,14.0,4587.774877
2025-08-25 12:00:00+00:00,4600.79,4644.535,4586.5085,4644.535,0.213499307,7.0,4616.528572
2025-08-25 13:00:00+00:00,4642.385,4659.9685,4594.236,4627.4475,1.891707201,19.0,4631.521776
2025-08-25 14:00:00+00:00,4630.13,4683.138,4621.0555,4660.9275,0.232115009,11.0,4655.413928
2025-08-25 15:00:00+00:00,4658.655,4667.3265,4607.5285,4613.178,0.697801667,9.0,4631.522441
2025-08-25 16:00:00+00:00,4609.96,4643.485,4593.8125,4598.15,0.322113596,17.0,4602.021309
2025-08-25 17:00:00+00:00,4596.1875,4600.3,4566.935,4585.225,12.497686286,14.0,4582.701687
2025-08-25 18:00:00+00:00,4588.24,4596.515,4569.1665,4573.83,5.02832867,7.0,4583.257718
2025-08-25 19:00:00+00:00,4576.961,4580.38,4416.458,4419.095,2.291245636,96.0,4465.106272
2025-08-25 20:00:00+00:00,4421.37,4443.604,4339.913,4353.7215,2.261650664,23.0,4376.243809
2025-08-25 21:00:00+00:00,4349.9,4384.86,4344.5155,4351.96,0.528041863,5.0,4362.098597
2025-08-25 22:00:00+00:00,4352.5225,4419.4,4352.5225,4393.1,0.258403712,20.0,4384.603081
2025-08-25 23:00:00+00:00,4390.0,4392.881,4355.7805,4377.69,1.052975983,8.0,4382.261735
2025-08-26 00:00:00+00:00,4380.08,4399.85,4322.9885,4330.8,0.473075666,12.0,4351.943457
2025-08-26 01:00:00+00:00,4329.3295,4421.8,4317.0425,4421.2775,1.040506043,17.0,4375.843003
2025-08-26 02:00:00+00:00,4420.9,4452.973,4392.55,4399.125,6.646107691,16.0,4410.582573
2025-08-26 03:00:00+00:00,4401.57,4410.5,4376.148,4403.439,0.276564855,5.0,4400.728346
2025-08-26 04:00:00+00:00,4406.279,4443.7575,4403.439,4435.45,1.650973371,12.0,4431.395201
2025-08-26 05:00:00+00:00,4439.0,4448.175,4423.1145,4433.25,0.135521245,4.0,4439.921906
2025-08-26 06:00:00+00:00,4435.3,4442.003,4407.893,4414.6,2.023009649,4.0,4430.863018
2025-08-26 07:00:00+00:00,4417.7075,4451.5745,4397.2875,4431.4905,0.290635038,5.0,4430.371741
2025-08-26 08:00:00+00:00,4435.001,4447.1165,4406.216,4423.33,0.025226217,4.0,4425.110134
2025-08-26 09:00:00+00:00,4424.7155,4445.69,4409.3,4420.55,0.356162879,7.0,4422.923086
2025-08-26 10:00:00+00:00,4423.255,4452.675,4421.101,4442.165,0.002223636,1.0,4429.68
2025-08-26 11:00:00+00:00,4445.554,4465.005,4409.95,4427.93,0.126125432,6.0,4435.184551
2025-08-26 12:00:00+00:00,4424.7,4537.6265,4408.2505,4499.5315,1.632140784,13.0,4445.615847
2025-08-26 13:00:00+00:00,4497.5345,4519.37,4437.295,4480.3095,0.089908826,6.0,4474.719167
2025-08-26 14:00:00+00:00,4485.31,4563.08,4454.5235,4554.965,0.816975644,44.0,4509.902479
2025-08-26 15:00:00+00:00,4552.965,4578.759,4507.696,4521.73,4.952171111,15.0,4551.592931
2025-08-26 16:00:00+00:00,4524.62,4557.0,4501.25,4556.0025,2.186915952,41.0,4517.727336
2025-08-26 17:00:00+00:00,4559.412,4561.974,4506.6595,4520.637,4.464929017,13.0,4548.031943
2025-08-26 18:00:00+00:00,4523.443,4564.297,4523.443,4548.915,0.10224337,6.0,4531.522885
2025-08-26 19:00:00+00:00,4546.8225,4597.413,4529.49,4597.413,0.457597037,43.0,4576.768269
2025-08-26 20:00:00+00:00,4593.71,4611.86,4572.8755,4588.123,0.710043558,7.0,4605.439809
2025-08-26 21:00:00+00:00,4585.889,4606.81,4564.685,4604.775,0.309590542,5.0,4583.188271
2025-08-26 22:00:00+00:00,4606.6965,4608.72,4578.535,4601.745,0.542095165,2.0,4606.817473
2025-08-26 23:00:00+00:00,4598.96,4634.385,4591.27,4601.92,0.069528911,2.0,4610.588478
2025-08-27 00:00:00+00:00,4599.8775,4601.05,4566.103,4570.38,0.06,2.0,4570.67
2025-08-27 01:00:00+00:00,4572.3215,4573.31,4542.7865,4564.564,0.04637417,2.0,4548.880369
2025-08-27 02:00:00+00:00,4568.278,4588.0865,4546.958,4579.1975,0.272614852,8.0,4581.939627
2025-08-27 03:00:00+00:00,4576.65,4624.774,4547.6095,4604.841,0.080686293,4.0,4600.092606
2025-08-27 04:00:00+00:00,4607.082,4641.545,4599.415,4630.965,0.152081371,8.0,4617.88272
2025-08-27 05:00:00+00:00,4633.714,4643.885,4610.9715,4613.15,0.944078121,2.0,4633.135517
2025-08-27 06:00:00+00:00,4609.9,4610.689,4580.965,4586.8,0.188100007,6.0,4606.330462
2025-08-27 07:00:00+00:00,4588.263,4591.2645,4562.85,4580.29,0.37495364,5.0,4578.80305
2025-08-27 08:00:00+00:00,4582.84,4596.699,4558.1325,4596.699,0.627801829,4.0,4570.928914
2025-08-27 09:00:00+00:00,4594.187,4618.9995,4589.42,4589.42,1.432597907,5.0,4610.131702
2025-08-27 10:00:00+00:00,4591.3725,4611.893,4573.02175,4582.6,1.705828388,8.0,4602.11576
2025-08-27 11:00:00+00:00,4585.9,4614.805,4585.358,4608.7895,0.242682751,9.0,4601.205737
2025-08-27 12:00:00+00:00,4611.56,4624.907,4580.73,4617.45,0.601780396,9.0,4600.546174
2025-08-27 13:00:00+00:00,4614.4685,4656.312,4576.28,4595.535,0.315850102,10.0,4607.551431
2025-08-27 14:00:00+00:00,4593.975,4664.78,4586.215,4614.179,1.916472393,14.0,4619.854765
2025-08-27 15:00:00+00:00,4614.902,4661.905,4611.399,4658.25,2.258410878,13.0,4635.103681
2025-08-27 16:00:00+00:00,4656.4725,4656.48,4610.6755,4631.93,0.434177633,16.0,4652.782652
2025-08-27 17:00:00+00:00,4629.456,4646.7145,4611.971,4635.09,0.187245064,7.0,4622.854715
2025-08-27 18:00:00+00:00,4631.545,4644.8,4591.03,4591.88,0.221691399,10.0,4618.071744
2025-08-27 19:00:00+00:00,4594.9,4599.215,4535.32,4566.2,1.801368659,48.0,4563.384428
2025-08-27 20:00:00+00:00,4569.37,4610.4925,4526.12,4596.1,12.606085883,13.0,4577.785134
2025-08-27 21:00:00+00:00,4593.5765,4593.5765,4515.85,4524.3865,0.311159519,7.0,4553.446039
2025-08-27 22:00:00+00:00,4526.1435,4537.12,4485.48375,4522.907,0.511714596,8.0,4501.990095
2025-08-27 23:00:00+00:00,4521.0015,4540.4725,4494.785,4507.142,0.0,0.0,4521.0015
2025-08-28 00:00:00+00:00,4504.0765,4521.0705,4468.2835,4493.246,0.109845993,5.0,4490.545766
2025-08-28 01:00:00+00:00,4490.232,4523.4,4490.232,4517.0,3.9,1.0,4490.232
2025-08-28 02:00:00+00:00,4520.4,4527.8805,4508.435,4512.8265,0.045093493,2.0,4523.62851
2025-08-28 03:00:00+00:00,4510.0,4550.2,4507.82,4542.7735,0.168354695,4.0,4539.296092
2025-08-28 04:00:00+00:00,4539.6255,4580.19,4537.335,4569.971,0.452798673,9.0,4569.791136
2025-08-28 05:00:00+00:00,4572.565,4586.875,4555.0125,4572.3825,0.138140694,4.0,4567.490111
2025-08-28 06:00:00+00:00,4570.9725,4587.02,4554.308,4583.38,0.109954234,10.0,4574.093087
2025-08-28 07:00:00+00:00,4581.425,4598.40075,4568.46,4596.86575,0.110201572,7.0,4574.430139
2025-08-28 08:00:00+00:00,4597.90025,4631.3145,4594.81,4604.715,1.959767328,11.0,4610.629266
2025-08-28 09:00:00+00:00,4605.206,4605.206,4585.075,4587.264,0.027656175,3.0,4592.457142
2025-08-28 10:00:00+00:00,4585.03,4612.992,4582.85,4610.1855,0.117196271,10.0,4608.113822
2025-08-28 11:00:00+00:00,4607.293,4607.293,4585.025,4594.05,0.157764034,1.0,4590.81
2025-08-28 12:00:00+00:00,4596.0295,4612.497,4577.719,4598.764,0.063063231,2.0,4593.895262
2025-08-28 13:00:00+00:00,4600.795,4613.812,4563.85,4573.925,1.123427275,11.0,4598.89367
2025-08-28 14:00:00+00:00,4577.145,4592.4635,4545.105,4568.175,0.693169304,11.0,4581.232531
2025-08-28 15:00:00+00:00,4566.35,4572.58,4485.86,4503.01,1.10046347,11.0,4518.440104
2025-08-28 16:00:00+00:00,4506.4,4530.075,4463.49,4465.254,0.311859584,13.0,4513.453855
2025-08-28 17:00:00+00:00,4461.7685,4496.19,4461.7685,4487.615,2.330303201,13.0,4478.484152
2025-08-28 18:00:00+00:00,4490.8535,4507.77,4475.3935,4481.965,0.080948791,4.0,4488.429815
2025-08-28 19:00:00+00:00,4483.9645,4491.9,4437.957,4437.957,1.134900497,79.0,4469.712107
2025-08-28 20:00:00+00:00,4439.1575,4470.435,4433.9872684725,4457.764,0.055990716,11.0,4461.241402
2025-08-28 21:00:00+00:00,4460.23,4494.8,4457.5365,4488.77,0.14921279,13.0,4488.403164
2025-08-28 22:00:00+00:00,4492.125,4515.3935,4488.192,4506.995,0.19143086,27.0,4502.421895
2025-08-28 23:00:00+00:00,4504.35,4514.837,4493.995,4514.05,0.08636125,2.0,4502.176092
2025-08-29 00:00:00+00:00,4510.5465,4515.8545,4470.451,4479.9845,0.03086766,1.0,4484.36
2025-08-29 01:00:00+00:00,4482.5,4489.255,4436.225,4456.99,0.248843724,5.0,4461.71036
2025-08-29 02:00:00+00:00,4455.013,4493.708,4452.4605,4481.8665,0.519172453,3.0,4483.090421
2025-08-29 03:00:00+00:00,4479.576,4504.4235,4468.0,4490.47,0.05,1.0,4495.78
2025-08-29 04:00:00+00:00,4493.3,4497.825,4471.5825,4475.53,0.400824051,2.0,4483.283329
2025-08-29 05:00:00+00:00,4477.19,4481.3465,4463.62,4479.894,0.103554986,5.0,4469.129515
2025-08-29 06:00:00+00:00,4484.1905,4486.15,4447.0855,4456.5415,0.156442877,9.0,4462.937138
2025-08-29 07:00:00+00:00,4454.03,4454.03,4369.13,4381.635,4.887887844,24.0,4400.058296
2025-08-29 08:00:00+00:00,4382.4315,4399.148,4331.547,4335.4455,4.648663402,16.0,4361.61568
2025-08-29 09:00:00+00:00,4332.237,4343.825,4318.6495,4337.76,1.985473694,6.0,4341.183009
2025-08-29 10:00:00+00:00,4335.656,4363.8,4335.656,4349.11,7.749055009,10.0,4361.75887
2025-08-29 11:00:00+00:00,4352.49,4360.09,4335.037,4347.3,0.370910007,8.0,4348.078114
2025-08-29 12:00:00+00:00,4348.6555,4452.9,4345.5,4406.575,1.565430018,30.0,4359.367261
2025-08-29 13:00:00+00:00,4410.05,4411.3495,4319.282,4331.4675,1.870095637,14.0,4366.407909
2025-08-29 14:00:00+00:00,4334.475,4343.85,4268.6005,4281.8,2.079576774,35.0,4304.064918
2025-08-29 15:00:00+00:00,4284.658,4347.623,4284.658,4315.786,8.829990421,40.0,4310.551067
2025-08-29 16:00:00+00:00,4319.1305,4354.6,4296.41,4335.65,0.142243969,28.0,4331.676319
2025-08-29 17:00:00+00:00,4339.05,4359.885,4317.412,4331.778,7.005814091,16.0,4331.920747
2025-08-29 18:00:00+00:00,4334.633,4341.3645,4308.601,4314.955,1.737155912,22.0,4327.287148
2025-08-29 19:00:00+00:00,4317.31,4365.955,4309.105,4342.5865,2.124053478,49.0,4349.822306
2025-08-29 20:00:00+00:00,4345.5,4346.85,4315.755,4321.158,0.02821777,5.0,4339.057427
2025-08-29 21:00:00+00:00,4319.2475,4379.6,4306.859,4364.8,0.1,2.0,4331.575
2025-08-29 22:00:00+00:00,4368.0,4368.0,4347.5035,4365.96,0.002968766,2.0,4366.721016
2025-08-29 23:00:00+00:00,4368.4,4375.465,4358.025,4360.195,0.111413066,3.0,4365.917188
2025-08-30 00:00:00+00:00,4362.6,4364.393,4331.90325,4342.8015,0.227661081,12.0,4350.497402
2025-08-30 01:00:00+00:00,4339.76,4348.93,4260.545,4264.995,0.371697475,8.0,4319.576143
2025-08-30 02:00:00+00:00,4261.9,4317.6075,4259.87,4303.27,0.128773276,12.0,4307.993427
2025-08-30 03:00:00+00:00,4300.95,4380.28,4300.95,4354.743,2.053511758,5.0,4340.47552
2025-08-30 04:00:00+00:00,4352.056,4369.6725,4351.179,4353.294,0.44930331,5.0,4360.943795
2025-08-30 05:00:00+00:00,4349.888,4400.2737191894,4349.4505,4378.072,0.077631724,5.0,4377.314777
2025-08-30 06:00:00+00:00,4375.3,4401.0787191894,4375.3,4398.8237191894,0.004747846,3.0,4380.575124
2025-08-30 07:00:00+00:00,4395.6,4415.05,4391.8,4401.7775,0.112089538,7.0,4399.724885
2025-08-30 08:00:00+00:00,4398.555,4406.919,4387.7865,4395.71,0.29260915,15.0,4396.348049
2025-08-30 09:00:00+00:00,4392.42,4398.732,4379.77,4389.736,0.152044821,3.0,4395.39179
2025-08-30 10:00:00+00:00,4387.272,4407.0,4386.9,4394.309,0.04191639,2.0,4391.125387
2025-08-30 11:00:00+00:00,4392.512,4402.265,4386.0735,4391.3835,0.258113993,5.0,4394.595371
2025-08-30 12:00:00+00:00,4388.767,4397.2,4350.64,4367.16,0.179265913,5.0,4365.291547
2025-08-30 13:00:00+00:00,4363.97,4371.8,4334.25,4358.2145,0.711009046,6.0,4358.685747
2025-08-30 14:00:00+00:00,4355.279,4369.29,4340.9475,4362.61,0.06916049,5.0,4357.764392
2025-08-30 15:00:00+00:00,4359.52,4382.44,4358.28,4375.43,0.111333162,3.0,4361.199202
2025-08-30 16:00:00+00:00,4373.26,4376.47,4360.2295,4362.9535,0.270140089,7.0,4364.879122
2025-08-30 17:00:00+00:00,4360.0,4373.1,4350.8265,4364.901,0.042367471,3.0,4363.792186
2025-08-30 18:00:00+00:00,4366.0635,4366.0635,4349.2695,4350.5225,0.079276596,3.0,4360.879525
2025-08-30 19:00:00+00:00,4352.864,4357.9,4337.75,4355.932,0.381537734,18.0,4351.459559
2025-08-30 20:00:00+00:00,4358.36,4358.36,4338.052,4345.8045,0.020661139,2.0,4345.982607
2025-08-30 21:00:00+00:00,4341.98,4356.1815,4341.98,4348.115,0.768771114,11.0,4347.538748
2025-08-30 22:00:00+00:00,4346.5445,4360.811,4341.9965,4359.0,0.0,0.0,4346.5445
2025-08-30 23:00:00+00:00,4361.56,4379.15,4361.56,4375.008,0.252772052,2.0,4370.279886
2025-08-31 00:00:00+00:00,4377.855,4469.532,4374.3,4467.115,0.210361934,9.0,4409.57912
2025-08-31 01:00:00+00:00,4463.723,4472.29,4438.65,4457.8675,1.222575239,13.0,4456.924947
2025-08-31 02:00:00+00:00,4459.5,4463.94,4444.9,4449.764,4.179623246,25.0,4453.980341
2025-08-31 03:00:00+00:00,4447.03,4487.625,4447.03,4487.625,0.139114702,6.0,4463.821229
2025-08-31 04:00:00+00:00,4489.271,4492.081,4460.084,4466.7675,0.231864494,1.0,4467.9
2025-08-31 05:00:00+00:00,4462.726,4462.98,4450.426,4459.145,5.34381344,4.0,4452.656352
2025-08-31 06:00:00+00:00,4458.1055,4458.1055,4434.8265,4436.71,0.049421521,3.0,4442.919607
2025-08-31 07:00:00+00:00,4434.12,4458.2,4434.12,4452.945,0.049378357,4.0,4442.633352
2025-08-31 08:00:00+00:00,4454.26,4473.1725,4452.16,4473.1725,0.097378605,2.0,4462.569755
2025-08-31 09:00:00+00:00,4471.955,4478.959,4462.22,4463.8185,0.079465182,4.0,4474.813822
2025-08-31 10:00:00+00:00,4466.5455,4470.52,4449.77,4455.192,0.0,0.0,4466.5455
2025-08-31 11:00:00+00:00,4452.51,4481.9685,4441.6485,4478.079,0.0,0.0,4452.51
2025-08-31 12:00:00+00:00,4475.615,4494.73,4465.8285,4492.285,0.118689169,5.0,4480.028967
2025-08-31 13:00:00+00:00,4489.0,4497.0445,4467.361,4471.617,0.439012671,9.0,4477.349623
2025-08-31 14:00:00+00:00,4468.489,4476.96,4452.5325,4460.185,0.677805497,8.0,4462.645129
2025-08-31 15:00:00+00:00,4462.0155,4490.36,4462.0155,4485.195,0.0,0.0,4462.0155
2025-08-31 16:00:00+00:00,4482.725,4486.3,4460.995,4472.35,0.897346519,7.0,4485.459538
2025-08-31 17:00:00+00:00,4468.965,4487.7765,4468.965,4478.05,2.710816267,2.0,4475.34039
2025-08-31 18:00:00+00:00,4480.8195,4490.5,4474.005,4488.375,0.0,0.0,4480.8195
2025-08-31 19:00:00+00:00,4491.1,4491.1,4455.855,4456.1985,0.639297469,42.0,4472.378163
2025-08-31 20:00:00+00:00,4458.99,4462.398,4445.2935,4454.2365,0.125745755,3.0,4454.718536
2025-08-31 21:00:00+00:00,4452.885,4477.115,4450.0,4469.653,0.002190174,1.0,4476.32
2025-08-31 22:00:00+00:00,4470.953,4473.502,4435.112,4443.0385,0.12685481,8.0,4467.948868
2025-08-31 23:00:00+00:00,4440.877,4445.172,4378.9424325996,4391.0755,0.250232562,8.0,4421.778312
2025-09-01 00:00:00+00:00,4392.8,4409.5945,4362.357,4397.9155,0.270817424,10.0,4379.738026
2025-09-01 01:00:00+00:00,4396.35,4432.72,4384.42,4417.4665,0.887914167,3.0,4420.065062
2025-09-01 02:00:00+00:00,4414.37,4420.725,4367.485,4387.935,0.127834313,5.0,4383.493423
2025-09-01 03:00:00+00:00,4390.38,4408.775,4373.145,4406.6,0.414093177,4.0,4382.303139
2025-09-01 04:00:00+00:00,4404.6395,4410.8815,4374.617,4387.0645,0.638400977,3.0,4394.652882
2025-09-01 05:00:00+00:00,4384.485,4406.5,4360.599,4396.682,0.0,0.0,4384.485
2025-09-01 06:00:00+00:00,4394.35,4411.9,4376.005,4398.365,0.689809472,3.0,4388.786449
2025-09-01 07:00:00+00:00,4396.125,4462.55,4383.0525,4462.51,0.124966918,5.0,4438.322029
2025-09-01 08:00:00+00:00,4465.03,4489.922,4465.03,4476.25,0.372295976,7.0,4478.720502
2025-09-01 09:00:00+00:00,4478.9,4482.2335,4440.5475,4440.5475,4.04492947,2.0,4478.594774
2025-09-01 10:00:00+00:00,4437.5335,4444.604,4391.6885,4408.217,0.052084336,2.0,4423.265695
2025-09-01 11:00:00+00:00,4405.312,4415.1615,4386.23,4391.5855,0.801069681,4.0,4402.760985
2025-09-01 12:00:00+00:00,4390.355,4413.25,4387.68,4402.4,1.260480858,5.0,4403.922818
2025-09-01 13:00:00+00:00,4400.712,4422.645,4375.1275,4385.535,0.286377349,3.0,4383.204098
2025-09-01 14:00:00+00:00,4386.815,4401.25,4380.4275,4397.135,0.337492206,3.0,4391.413637
2025-09-01 15:00:00+00:00,4394.56,4405.531,4349.755,4362.42,0.109873169,1.0,4394.55
2025-09-01 16:00:00+00:00,4360.3,4386.06,4350.97,4357.0165,5.326873432,9.0,4361.994457
2025-09-01 17:00:00+00:00,4353.65,4358.723,4312.172413793,4326.147,5.947858857,8.0,4336.550766
2025-09-01 18:00:00+00:00,4324.198,4348.546,4324.198,4347.87,0.0275,3.0,4336.328636
2025-09-01 19:00:00+00:00,4350.43,4368.59,4344.0315,4367.3185,2.299968991,66.0,4358.948925
2025-09-01 20:00:00+00:00,4369.7,4369.7,4267.005,4289.082,0.239261045,13.0,4302.753967
2025-09-01 21:00:00+00:00,4291.7,4291.7,4218.024384236,4262.205,2.52659119,14.0,4271.062407
2025-09-01 22:00:00+00:00,4259.187,4300.283,4253.828,4285.05,0.185142722,10.0,4276.28175
2025-09-01 23:00:00+00:00,4287.7,4319.7753683058,4285.05,4314.793,0.067638633,9.0,4308.768653
2025-09-02 00:00:00+00:00,4317.26,4322.5,4293.033,4302.565,1.963338532,11.0,4314.303843
2025-09-02 01:00:00+00:00,4305.444,4340.766,4296.702,4325.0,0.040381717,4.0,4303.835197
2025-09-02 02:00:00+00:00,4322.619,4362.285,4318.376,4360.6415,0.1,2.0,4349.32
2025-09-02 03:00:00+00:00,4362.8165,4394.108,4354.004,4368.078,0.272052688,4.0,4377.731862
2025-09-02 04:00:00+00:00,4365.9215,4388.0985,4361.085,4388.0985,0.0,0.0,4365.9215
2025-09-02 05:00:00+00:00,4385.635,4393.23,4371.201,4385.257,11.223777669,4.0,4393.032917
2025-09-02 06:00:00+00:00,4384.05,4417.557,4383.8815,4413.78,12.004701711,5.0,4396.725883
2025-09-02 07:00:00+00:00,4412.235,4412.235,4370.1145,4379.054,2.885313091,8.0,4393.470767
2025-09-02 08:00:00+00:00,4380.3165,4406.3,4372.113,4393.706,0.319278478,4.0,4396.997742
2025-09-02 09:00:00+00:00,4391.5415,4408.67,4388.3805,4401.4655,0.041355349,4.0,4399.27884
2025-09-02 10:00:00+00:00,4399.15,4399.6425,4377.799,4391.7,0.0,0.0,4397.6745
2025-09-02 11:00:00+00:00,4388.5,4389.333,4342.245,4349.0885,0.290828194,6.0,4367.240756
2025-09-02 12:00:00+00:00,4346.9565,4352.37,4270.3,4277.5555,0.14708276,10.0,4300.054017
2025-09-02 13:00:00+00:00,4275.337,4391.358,4275.337,4379.895,1.210016598,26.0,4360.310143
2025-09-02 14:00:00+00:00,4381.15,4397.9,4335.694,4348.0535,1.806160575,19.0,4365.609024
2025-09-02 15:00:00+00:00,4350.36,4354.879,4286.61,4295.098,2.352279136,9.0,4328.248881
2025-09-02 16:00:00+00:00,4297.361,4309.281,4279.9365,4296.4975,0.446872987,10.0,4297.966881
2025-09-02 17:00:00+00:00,4298.6115,4329.5415,4289.6,4321.95,1.701142927,12.0,4309.035992
2025-09-02 18:00:00+00:00,4325.0,4325.0,4267.869,4297.215,0.670816002,11.0,4278.26221
2025-09-02 19:00:00+00:00,4299.57,4312.58,4259.609,4273.9525,11.539667646,66.0,4275.699178
2025-09-02 20:00:00+00:00,4269.32,4326.7985,4266.7,4313.5365,0.0465,2.0,4312.329462
2025-09-02 21:00:00+00:00,4316.0,4334.3,4304.33,4329.019,0.230655954,7.0,4316.702497
2025-09-02 22:00:00+00:00,4326.992,4335.54,4310.32,4328.8595,0.289343692,10.0,4314.311423
2025-09-02 23:00:00+00:00,4330.8965,4338.0,4315.73,4325.1955,0.069893994,10.0,4326.483155
2025-09-03 00:00:00+00:00,4327.565,4333.023,4305.995,4310.431,1.451765424,2.0,4323.993536
2025-09-03 01:00:00+00:00,4308.8,4324.575,4285.181,4324.575,0.148467002,15.0,4292.858467
2025-09-03 02:00:00+00:00,4327.19,4356.3,4314.355,4339.8325,0.139364526,5.0,4346.450433
2025-09-03 03:00:00+00:00,4336.845,4342.31,4323.772,4337.4465,0.462572265,4.0,4333.988481
2025-09-03 04:00:00+00:00,4334.645,4343.386,4315.612,4341.259,0.005133438,2.0,4323.423677
2025-09-03 05:00:00+00:00,4339.204,4339.204,4315.94,4317.05,1.265258921,6.0,4328.813521
2025-09-03 06:00:00+00:00,4315.05,4319.585,4294.06,4307.485,0.053225866,3.0,4314.644332
2025-09-03 07:00:00+00:00,4310.14,4317.0,4290.581,4311.83,1.900653257,4.0,4306.137669
2025-09-03 08:00:00+00:00,4309.095,4332.2395,4309.095,4318.618,0.002307965,1.0,4325.6
2025-09-03 09:00:00+00:00,4321.5425,4350.395,4304.33,4349.565,0.00461193,2.0,4314.768538
2025-09-03 10:00:00+00:00,4350.43,4377.75,4346.585,4371.198,0.368898118,6.0,4368.617108
2025-09-03 11:00:00+00:00,4368.6925,4384.4955,4368.48,4375.225,0.235523402,2.0,4375.294116
2025-09-03 12:00:00+00:00,4376.651,4380.944,4342.942,4356.15,2.380052695,4.0,4368.174114
2025-09-03 13:00:00+00:00,4353.5445,4441.741,4350.41,4421.09,1.862091738,24.0,4414.476652
2025-09-03 14:00:00+00:00,4423.4625,4482.0935,4415.0,4469.5185,3.43962785,15.0,4472.627114
2025-09-03 15:00:00+00:00,4466.3955,4485.665,4455.95,4481.67,4.635164524,5.0,4470.813616
2025-09-03 16:00:00+00:00,4483.095,4485.17,4456.1,4467.407,0.457873949,13.0,4482.643852
2025-09-03 17:00:00+00:00,4471.3405,4488.6,4465.71,4473.8485,5.041527339,7.0,4488.441368
2025-09-03 18:00:00+00:00,4476.3165,4481.73,4460.885,4470.75,1.78098077,2.0,4468.050569
2025-09-03 19:00:00+00:00,4468.595,4482.32,4458.593,4478.35,0.874912749,42.0,4478.547549
2025-09-03 20:00:00+00:00,4475.7775,4481.127,4464.9545,4467.5,0.034752097,4.0,4475.929377
2025-09-03 21:00:00+00:00,4464.06,4478.363,4440.6925,4463.5155,1.364413105,3.0,4474.1237
2025-09-03 22:00:00+00:00,4464.795,4481.355,4461.549,4470.715,0.004381713,1.0,4474.926
2025-09-03 23:00:00+00:00,4472.775,4474.8,4446.94325,4451.7075,0.049133378,6.0,4467.107363
2025-09-04 00:00:00+00:00,4454.115,4480.974264486,4448.72,4469.4675,0.012058599,2.0,4449.793757
2025-09-04 01:00:00+00:00,4467.05,4478.407264486,4452.4855,4469.605,0.22553322,2.0,4463.454516
2025-09-04 02:00:00+00:00,4472.007,4472.007,4424.1,4424.1,0.06738459,3.0,4441.820389
2025-09-04 03:00:00+00:00,4422.8,4434.0,4391.96,4397.609,0.167545497,6.0,4414.220773
2025-09-04 04:00:00+00:00,4401.8345,4415.699,4390.12,4394.245,0.0,0.0,4403.357
2025-09-04 05:00:00+00:00,4390.8,4390.8,4365.377,4377.0215,0.316533611,9.0,4377.734653
2025-09-04 06:00:00+00:00,4374.01,4386.0,4357.29,4366.15,0.126502453,4.0,4363.672518
2025-09-04 07:00:00+00:00,4369.1925,4383.0085,4366.4,4372.31,0.124788527,4.0,4378.267209
2025-09-04 08:00:00+00:00,4374.015,4393.71,4367.4135,4370.0625,0.181610126,14.0,4375.209496
2025-09-04 09:00:00+00:00,4372.223,4395.106,4372.223,4394.465,0.109155896,3.0,4384.826638
2025-09-04 10:00:00+00:00,4397.9,4433.2325,4394.0265,4409.9615,0.120854418,10.0,4413.121496
2025-09-04 11:00:00+00:00,4408.6415,4433.949,4395.956,4410.0955,0.031494338,4.0,4416.975123
2025-09-04 12:00:00+00:00,4411.65,4428.5,4387.48,4417.785,0.0,0.0,4410.591
2025-09-04 13:00:00+00:00,4416.16,4416.16,4367.5505,4379.665,1.55094977,8.0,4368.970568
2025-09-04 14:00:00+00:00,4376.4925,4382.876,4330.6575,4343.2085,0.847659122,21.0,4351.270573
2025-09-04 15:00:00+00:00,4345.21,4345.21,4295.861,4307.2,1.438380603,26.0,4312.30406
2025-09-04 16:00:00+00:00,4303.953,4320.619,4288.304642857,4296.7105,3.931311436,11.0,4312.183851
2025-09-04 17:00:00+00:00,4300.342,4326.551,4300.342,4305.673,0.182911453,5.0,4324.438866
2025-09-04 18:00:00+00:00,4309.235,4319.596,4273.5315,4275.805,1.101959167,20.0,4286.856934
2025-09-04 19:00:00+00:00,4278.21,4289.5,4265.282,4275.9925,2.3553035,71.0,4274.028683
2025-09-04 20:00:00+00:00,4274.7,4312.14,4274.7,4306.8915,0.213365976,12.0,4306.148223
2025-09-04 21:00:00+00:00,4309.97,4324.755,4303.2625,4320.48,1.142616614,7.0,4312.55009
2025-09-04 22:00:00+00:00,4318.12,4349.57,4316.8,4343.19,0.292580626,12.0,4323.847092
2025-09-04 23:00:00+00:00,4341.045,4347.115,4296.478,4296.478,0.0,0.0,4344.08
2025-09-05 00:00:00+00:00,4299.98,4314.4,4293.055,4302.28,0.0,0.0,4299.98
2025-09-05 01:00:00+00:00,4303.635,4331.8945,4299.7265,4324.54,0.0,0.0,4302.33625
2025-09-05 02:00:00+00:00,4326.944,4335.25,4300.9885,4324.76,0.0,0.0,4326.944
2025-09-05 03:00:00+00:00,4321.98,4332.37,4297.225,4328.915,0.053491593,5.0,4306.974348
2025-09-05 04:00:00+00:00,4331.069,4335.045,4317.038,4332.2515,0.029292869,2.0,4323.477302
2025-09-05 05:00:00+00:00,4329.9305,4341.6235,4329.405,4340.443,0.001113352,1.0,4336.84
2025-09-05 06:00:00+00:00,4335.162,4342.198,4325.565,4331.6405,0.0,0.0,4335.162
2025-09-05 07:00:00+00:00,4334.477,4427.843,4334.47,4418.59,0.302683608,18.0,4380.193514
2025-09-05 08:00:00+00:00,4421.44,4421.44,4387.87,4406.4005,2.025655837,6.0,4399.550015
2025-09-05 09:00:00+00:00,4408.5515,4411.93,4374.45,4398.448,1.485949192,7.0,4395.200384
2025-09-05 10:00:00+00:00,4401.9,4421.635,4396.47,4410.26,0.345687885,6.0,4415.845668
2025-09-05 11:00:00+00:00,4413.22,4422.996,4408.0735,4416.846,0.107684107,6.0,4422.056898
2025-09-05 12:00:00+00:00,4419.5,4488.8326537175,4413.605,4471.25,0.179830855,11.0,4451.736725
2025-09-05 13:00:00+00:00,4473.828,4478.92,4433.4,4442.58,1.8457473,20.0,4461.073417
2025-09-05 14:00:00+00:00,4440.808,4443.52,4264.0865,4271.4215,2.301484836,56.0,4306.635279
2025-09-05 15:00:00+00:00,4268.338,4304.3,4257.175,4282.457,0.757397654,18.0,4283.844521
2025-09-05 16:00:00+00:00,4285.709,4301.621,4273.849,4296.4765,0.193874096,11.0,4294.528139
2025-09-05 17:00:00+00:00,4298.953,4298.953,4273.0245,4290.9675,0.049763725,4.0,4291.350646
2025-09-05 18:00:00+00:00,4288.261,4315.6,4285.4605,4312.757,0.33520079,12.0,4306.031437
2025-09-05 19:00:00+00:00,4316.2,4331.2355,4308.005,4330.4425,0.958298696,60.0,4324.286444
2025-09-05 20:00:00+00:00,4328.185,4343.475,4322.78,4337.531,0.011885247,4.0,4329.182584
2025-09-05 21:00:00+00:00,4335.0,4335.2805,4289.32,4297.6945,1.135202991,14.0,4306.993692
2025-09-05 22:00:00+00:00,4294.27,4319.9255,4294.27,4315.336,0.006006465,2.0,4297.800696
2025-09-05 23:00:00+00:00,4313.5145,4317.93,4304.16,4307.2045,0.113,1.0,4309.23
2025-09-06 00:00:00+00:00,4308.469,4329.2995,4304.2745,4324.1885,0.144125276,1.0,4321.71
2025-09-06 01:00:00+00:00,4321.112,4326.6,4313.5,4318.703,0.00892907,3.0,4320.474377
2025-09-06 02:00:00+00:00,4320.9,4322.695,4306.95,4322.479,0.256779303,3.0,4313.726237
2025-09-06 03:00:00+00:00,4320.5895,4324.691,4317.7,4319.8665,0.0,0.0,4320.5895
2025-09-06 04:00:00+00:00,4317.954,4319.985,4302.802,4309.749,0.020925902,1.0,4310.26
2025-09-06 05:00:00+00:00,4307.0165,4313.415,4292.262,4296.458,0.10518431,2.0,4296.659545
2025-09-06 06:00:00+00:00,4294.336,4309.17,4294.336,4303.8,0.55715678,2.0,4305.248303
2025-09-06 07:00:00+00:00,4301.0485,4313.28,4300.315,4312.0,0.752311878,3.0,4303.726254
2025-09-06 08:00:00+00:00,4314.6,4314.6,4305.8815,4312.508,0.717840566,4.0,4312.458857
2025-09-06 09:00:00+00:00,4310.073,4310.073,4292.55,4293.427,0.000227982,1.0,4300.3
2025-09-06 10:00:00+00:00,4296.054,4302.745,4288.915,4301.65,0.000228207,1.0,4296.054
2025-09-06 11:00:00+00:00,4298.765,4302.25,4290.725,4299.892,0.016834948,2.0,4302.149662
2025-09-06 12:00:00+00:00,4302.514,4308.6735,4292.9635,4299.435,0.019571731,6.0,4300.582274
2025-09-06 13:00:00+00:00,4301.6395,4302.932,4287.8415,4294.9175,0.0,0.0,4301.6395
2025-09-06 14:00:00+00:00,4298.0,4303.54,4292.8,4295.036,0.022151992,2.0,4302.272993
2025-09-06 15:00:00+00:00,4294.169,4296.925,4265.835,4272.615,0.79762182,7.0,4293.16557
2025-09-06 16:00:00+00:00,4269.23,4304.11,4241.33,4289.885,0.344819801,27.0,4258.719867
2025-09-06 17:00:00+00:00,4292.57,4294.0,4268.56,4274.5715,0.358702593,7.0,4273.764434
2025-09-06 18:00:00+00:00,4275.765,4287.542,4269.78,4280.533,0.033378388,10.0,4278.428686
2025-09-06 19:00:00+00:00,4282.863,4282.863,4253.919,4256.4935,0.202042367,22.0,4262.31191
2025-09-06 20:00:00+00:00,4259.2755,4282.0,4256.111,4278.82,0.093359687,2.0,4276.861482
2025-09-06 21:00:00+00:00,4279.9685,4286.81,4271.0525,4284.895,1.011944387,4.0,4277.799347
2025-09-06 22:00:00+00:00,4284.26,4288.49,4272.7,4278.878,0.110992387,7.0,4286.494511
2025-09-06 23:00:00+00:00,4282.2,4283.575,4269.8,4274.205,0.27560922,4.0,4269.96038
2025-09-07 00:00:00+00:00,4277.2345,4288.83,4272.905,4286.865,0.0,0.0,4277.2345
2025-09-07 01:00:00+00:00,4283.79,4304.45,4283.79,4295.589,0.1,1.0,4300.62
2025-09-07 02:00:00+00:00,4293.4225,4302.35,4289.25,4301.4,0.076833226,1.0,4298.462
2025-09-07 03:00:00+00:00,4298.845,4305.4855,4294.221,4298.125,0.084140609,3.0,4303.89497
2025-09-07 04:00:00+00:00,4298.24,4304.0375,4294.683,4301.14,0.0,0.0,4298.3885
2025-09-07 05:00:00+00:00,4301.459,4304.2985,4293.17,4295.2345,0.0,0.0,4301.459
2025-09-07 06:00:00+00:00,4293.675,4295.5645,4284.15,4284.15,0.002294026,1.0,4293.76
2025-09-07 07:00:00+00:00,4285.9885,4305.8735,4281.318,4295.095,0.318152415,9.0,4298.003631
2025-09-07 08:00:00+00:00,4297.697,4312.45,4297.697,4302.9845,0.00045521,1.0,4301.996
2025-09-07 09:00:00+00:00,4302.47,4310.825,4292.53,4299.7905,0.024669494,2.0,4298.724748
2025-09-07 10:00:00+00:00,4303.441,4308.93,4298.86,4306.1455,0.225392778,2.0,4308.898828
2025-09-07 11:00:00+00:00,4308.71,4310.392,4303.9,4310.392,0.0,0.0,4308.71
2025-09-07 12:00:00+00:00,4307.365,4307.365,4294.6935,4300.75,0.672143066,3.0,4304.566178
2025-09-07 13:00:00+00:00,4300.8015,4307.975,4291.1,4305.847,0.000475005,2.0,4296.398875
2025-09-07 14:00:00+00:00,4302.203,4310.8945,4296.2,4301.195,0.010882967,14.0,4306.087436
2025-09-07 15:00:00+00:00,4297.645,4304.87,4297.431,4299.337,0.0,0.0,4297.645
2025-09-07 16:00:00+00:00,4300.7595,4304.16,4284.59,4285.543,4.059526638,6.0,4297.818048
2025-09-07 17:00:00+00:00,4287.723,4290.2,4274.04,4277.7535,0.073537153,5.0,4281.789757
2025-09-07 18:00:00+00:00,4274.95,4283.5815,4272.9265,4283.5815,1.0,1.0,4282.1
2025-09-07 19:00:00+00:00,4281.68,4296.5,4278.2685,4292.712,1.918209405,27.0,4289.273628
2025-09-07 20:00:00+00:00,4295.62,4299.354,4282.21,4299.354,0.078832171,4.0,4295.222419
2025-09-07 21:00:00+00:00,4300.2135,4300.2135,4287.4185,4289.485,0.0,0.0,4298.054
2025-09-07 22:00:00+00:00,4290.62,4310.55,4288.845,4310.55,0.01208369,2.0,4305.275076
2025-09-07 23:00:00+00:00,4311.0385,4333.535,4298.3415,4304.642,0.06,1.0,4313.69
2025-09-08 00:00:00+00:00,4306.603,4317.62,4293.1,4299.2605,0.65372829,1.0,4306.603
2025-09-08 01:00:00+00:00,4296.881,4302.1715,4285.3305,4293.15,0.005618505,1.0,4296.9
2025-09-08 02:00:00+00:00,4290.285,4308.2,4279.6875,4306.372,0.011,1.0,4301.5
2025-09-08 03:00:00+00:00,4310.378,4329.96,4304.185,4312.1005,0.005532172,1.0,4306.383
2025-09-08 04:00:00+00:00,4313.64,4313.64,4296.605,4298.195,0.0,0.0,4313.64
2025-09-08 05:00:00+00:00,4294.89,4302.6115,4290.4,4297.566,0.805701904,1.0,4294.89
2025-09-08 06:00:00+00:00,4296.11,4302.585,4290.559,4294.652,2.739479062,5.0,4300.533437
2025-09-08 07:00:00+00:00,4291.198,4310.8355,4289.142,4292.5165,0.014946899,2.0,4296.418392
2025-09-08 08:00:00+00:00,4290.1855,4303.7875,4288.47,4301.435,1.366258299,2.0,4288.597043
2025-09-08 09:00:00+00:00,4298.825,4333.0485,4298.825,4317.825,0.004508316,2.0,4316.640439
2025-09-08 10:00:00+00:00,4318.59,4339.99,4318.59,4328.38,0.080201489,3.0,4334.670798
2025-09-08 11:00:00+00:00,4331.4,4331.4,4298.489,4311.8,9.09451832,3.0,4313.018921
2025-09-08 12:00:00+00:00,4314.75,4324.187,4304.96,4318.536,8.527694448,6.0,4323.539961
2025-09-08 13:00:00+00:00,4320.675,4359.535,4316.044,4320.235,1.593292974,34.0,4343.811754
2025-09-08 14:00:00+00:00,4323.2,4356.899,4317.165,4350.3525,2.896816684,28.0,4347.668168
2025-09-08 15:00:00+00:00,4347.1915,4383.493401015,4344.3,4370.33,4.896777786,13.0,4364.884702
2025-09-08 16:00:00+00:00,4372.337,4372.5,4334.137,4339.2755,0.341392632,43.0,4354.871455
2025-09-08 17:00:00+00:00,4342.271,4343.2,4299.885,4311.335,0.376392559,19.0,4323.488894
2025-09-08 18:00:00+00:00,4313.5,4334.567,4311.27,4329.7005,0.061638353,11.0,4324.229793
2025-09-08 19:00:00+00:00,4328.58,4328.58,4284.4235,4291.929,3.949165985,85.0,4290.534816
2025-09-08 20:00:00+00:00,4294.798,4300.398,4283.85,4299.7,4.304787851,5.0,4288.112168
2025-09-08 21:00:00+00:00,4296.63,4322.673,4294.69,4322.673,0.262836627,31.0,4305.935816
2025-09-08 22:00:00+00:00,4324.985,4332.45,4309.88,4309.88,0.024749803,3.0,4320.887066
2025-09-08 23:00:00+00:00,4311.15,4319.42,4296.505,4308.535,0.0,0.0,4311.15
2025-09-09 00:00:00+00:00,4311.87,4315.65,4289.425,4302.09,0.037551332,4.0,4302.699914
2025-09-09 01:00:00+00:00,4305.75,4308.948,4283.513,4286.335,0.046260728,4.0,4295.346818
2025-09-09 02:00:00+00:00,4283.78,4294.7175,4279.285,4291.2785,8.071529179,3.0,4290.004558
2025-09-09 03:00:00+00:00,4289.485,4309.5935,4289.485,4309.5935,0.026590321,3.0,4298.124511
2025-09-09 04:00:00+00:00,4307.0175,4316.8975,4304.2,4314.3675,0.016684254,2.0,4311.920038
2025-09-09 05:00:00+00:00,4311.3515,4319.72,4304.0,4319.72,0.022387419,1.0,4313.522
2025-09-09 06:00:00+00:00,4318.21,4375.2015,4318.21,4365.13,0.089856247,7.0,4350.134172
2025-09-09 07:00:00+00:00,4368.3225,4381.6775,4348.415,4361.73,4.724824091,3.0,4371.978722
2025-09-09 08:00:00+00:00,4364.338,4366.93,4346.12,4358.59,0.0,0.0,4365.48525
2025-09-09 09:00:00+00:00,4361.1225,4366.4,4352.98,4357.55,0.064176269,3.0,4363.747236
2025-09-09 10:00:00+00:00,4359.5955,4363.4,4343.831,4350.05,1.67146822,3.0,4357.189073
2025-09-09 11:00:00+00:00,4348.1285,4355.6,4345.4775,4348.33,0.302398551,2.0,4353.164148
2025-09-09 12:00:00+00:00,4345.299,4366.87,4330.45,4347.5735,0.273602935,6.0,4350.566226
2025-09-09 13:00:00+00:00,4344.0795,4361.6,4325.146,4348.135,0.142467115,3.0,4348.097861
2025-09-09 14:00:00+00:00,4349.55,4358.8,4287.25675,4306.4685,8.414475272,12.0,4316.147026
2025-09-09 15:00:00+00:00,4308.5565,4308.5565,4278.57,4287.285,1.444939221,17.0,4285.657141
2025-09-09 16:00:00+00:00,4284.37,4296.84,4278.975,4288.517,11.076747216,14.0,4284.5154
2025-09-09 17:00:00+00:00,4285.1875,4297.52,4279.475,4284.38,3.498052937,15.0,4282.023284
2025-09-09 18:00:00+00:00,4285.7,4293.613,4280.5245,4287.4315,0.025738701,8.0,4289.676586
2025-09-09 19:00:00+00:00,4288.925,4301.8,4288.4,4295.1735,1.392389345,60.0,4297.948255
2025-09-09 20:00:00+00:00,4298.153,4304.573,4282.2195,4303.45,0.002327,1.0,4298.153
2025-09-09 21:00:00+00:00,4304.695,4318.452,4297.528,4302.699,0.0,0.0,4303.95225
2025-09-09 22:00:00+00:00,4304.292,4318.964,4299.825,4318.964,0.049240847,2.0,4314.527272
2025-09-09 23:00:00+00:00,4316.8065,4318.7155,4302.8455,4310.1785,0.0,0.0,4316.8065
2025-09-10 00:00:00+00:00,4311.395,4314.45,4285.605,4285.64,0.04659963,1.0,4291.8795
2025-09-10 01:00:00+00:00,4287.76,4313.01,4285.193,4304.2,0.509887944,3.0,4294.484502
2025-09-10 02:00:00+00:00,4305.602,4326.345,4305.602,4316.875,0.017193077,2.0,4323.185713
2025-09-10 03:00:00+00:00,4314.5975,4322.917,4308.196,4320.376,0.0,0.0,4312.93625
2025-09-10 04:00:00+00:00,4319.01,4319.43,4308.6025,4313.2745,0.002481604,1.0,4319.43
2025-09-10 05:00:00+00:00,4311.555,4317.305,4297.584,4307.6275,0.224066861,1.0,4309.813
2025-09-10 06:00:00+00:00,4306.209,4317.54,4298.1775,4312.117,0.0,0.0,4306.209
2025-09-10 07:00:00+00:00,4315.118,4332.962,4311.47,4330.33,5.71545986,2.0,4317.792669
2025-09-10 08:00:00+00:00,4328.8505,4337.19,4311.47,4332.769,1.257264159,4.0,4333.524819
2025-09-10 09:00:00+00:00,4330.45,4330.45,4309.905,4325.089,0.020285996,2.0,4314.199757
2025-09-10 10:00:00+00:00,4321.71,4331.5055,4318.603,4327.711,0.0,0.0,4321.71
2025-09-10 11:00:00+00:00,4329.6,4332.058,4322.96,4331.027,0.026540844,2.0,4329.990409
2025-09-10 12:00:00+00:00,4333.737,4392.745,4325.689873096,4370.566,3.346032998,7.0,4375.70571
2025-09-10 13:00:00+00:00,4369.65,4437.634,4358.305,4417.7195,27.113225872,15.0,4369.991854
2025-09-10 14:00:00+00:00,4419.65,4454.0225,4400.65,4402.3665,8.332976107,15.0,4427.917095
2025-09-10 15:00:00+00:00,4408.1,4425.05,4399.055,4407.3,2.68735731,6.0,4419.735469
2025-09-10 16:00:00+00:00,4409.2075,4421.456395939,4363.98,4385.31,1.124356528,16.0,4386.037701
2025-09-10 17:00:00+00:00,4388.55,4397.23,4344.8945,4366.63,0.078417361,7.0,4382.65542
2025-09-10 18:00:00+00:00,4363.9,4375.22,4327.855,4342.925,3.136644243,6.0,4335.964679
2025-09-10 19:00:00+00:00,4339.75,4344.869,4302.315,4323.4,4.525034686,58.0,4335.414385
2025-09-10 20:00:00+00:00,4325.9,4336.1,4322.793,4330.51,0.240292313,4.0,4332.002849
2025-09-10 21:00:00+00:00,4332.585,4353.225,4332.188,4352.715,0.020500249,5.0,4342.270338
2025-09-10 22:00:00+00:00,4355.83,4358.0,4337.48,4346.8755,0.141512598,8.0,4345.659635
2025-09-10 23:00:00+00:00,4350.24,4354.8,4341.4375,4349.6015,0.003980025,1.0,4346.058
2025-09-11 00:00:00+00:00,4352.851,4361.15,4339.9675,4359.905,0.0034,1.0,4352.851
2025-09-11 01:00:00+00:00,4358.005,4381.455,4356.9325,4367.059,0.00748,1.0,4369.362
2025-09-11 02:00:00+00:00,4368.9575,4385.965,4364.98,4379.001,0.027818121,3.0,4378.710363
2025-09-11 03:00:00+00:00,4382.194,4409.5,4374.847,4407.805,0.008778997,1.0,4403.81
2025-09-11 04:00:00+00:00,4408.165,4418.51,4398.1415,4412.098,9.543475231,4.0,4401.770317
2025-09-11 05:00:00+00:00,4413.343,4420.767,4399.765,4420.767,0.015546339,1.0,4414.38
2025-09-11 06:00:00+00:00,4422.8,4444.0,4409.0,4441.811,3.780430586,8.0,4424.411231
2025-09-11 07:00:00+00:00,4440.6795,4450.36,4428.35,4440.75,10.770366006,7.0,4441.47946
2025-09-11 08:00:00+00:00,4439.005,4440.435,4429.907,4432.85,0.0080236,2.0,4436.54459
2025-09-11 09:00:00+00:00,4434.9165,4434.9165,4407.7535,4418.475,0.395704905,4.0,4415.361869
2025-09-11 10:00:00+00:00,4417.39,4431.995,4417.39,4431.995,2.101140591,9.0,4420.844605
2025-09-11 11:00:00+00:00,4428.2555,4436.57775,4425.14,4432.0285,0.014388813,5.0,4431.877263
2025-09-11 12:00:00+00:00,4434.26825,4480.438,4378.3805,4426.936,2.76484747,15.0,4457.885827
2025-09-11 13:00:00+00:00,4424.03,4441.0175,4386.75,4438.55,0.227706144,11.0,4416.307749
2025-09-11 14:00:00+00:00,4433.017,4438.6,4398.35,4428.3745,0.219882066,8.0,4419.680191
2025-09-11 15:00:00+00:00,4431.44,4435.28,4403.038,4415.0,12.923759509,13.0,4431.192937
2025-09-11 16:00:00+00:00,4416.877,4428.9,4409.702,4419.1625,0.73425691,6.0,4414.652641
2025-09-11 17:00:00+00:00,4416.87,4444.55,4416.87,4433.144,0.818522456,11.0,4433.806919
2025-09-11 18:00:00+00:00,4435.39,4438.8725,4410.065,4422.5685,6.060326981,11.0,4415.416217
2025-09-11 19:00:00+00:00,4419.491,4435.68,4412.632,4423.3,6.239826604,73.0,4425.070355
2025-09-11 20:00:00+00:00,4426.1,4427.345,4416.777,4417.322,0.128483377,4.0,4423.316154
2025-09-11 21:00:00+00:00,4418.945,4433.5,4418.445,4428.935,1.005746914,4.0,4420.602685
2025-09-11 22:00:00+00:00,4431.555,4462.21,4427.18,4455.9,0.092630707,6.0,4450.827134
2025-09-11 23:00:00+00:00,4458.0685,4467.535,4453.31,4462.913,0.030996611,4.0,4458.45483
2025-09-12 00:00:00+00:00,4464.405,4536.8405329945,4453.215,4512.375,2.45951413,19.0,4515.324209
2025-09-12 01:00:00+00:00,4514.85,4532.4065,4498.2165,4498.2165,1.982047788,7.0,4521.772812
2025-09-12 02:00:00+00:00,4501.5,4525.627,4498.9925,4509.5,0.43192482,2.0,4514.587341
2025-09-12 03:00:00+00:00,4506.138,4511.5,4490.395,4506.42,2.67323368,9.0,4507.04432
2025-09-12 04:00:00+00:00,4509.1,4525.57,4503.318,4522.9885,0.0,0.0,4509.1
2025-09-12 05:00:00+00:00,4519.878,4557.2378172585,4516.7,4557.2378172585,1.291506597,11.0,4534.361594
2025-09-12 06:00:00+00:00,4555.3978172585,4562.11208122,4535.9,4539.155,0.234839779,5.0,4548.852009
2025-09-12 07:00:00+00:00,4541.495,4552.654,4526.849,4526.849,0.81260092,3.0,4539.939221
2025-09-12 08:00:00+00:00,4529.3755,4533.9135,4515.93,4517.81,0.004269628,1.0,4523.514
2025-09-12 09:00:00+00:00,4519.505,4529.175,4508.3365,4515.16,0.047905602,4.0,4521.118731
2025-09-12 10:00:00+00:00,4517.12,4525.8,4509.25,4517.061,0.092581347,5.0,4511.66021
2025-09-12 11:00:00+00:00,4515.9,4535.0735,4515.9,4520.98,0.8,1.0,4530.0
2025-09-12 12:00:00+00:00,4522.4755,4531.96,4507.15,4525.93,1.521096291,6.0,4520.798287
2025-09-12 13:00:00+00:00,4524.57,4546.29,4508.485,4541.4795,0.22955717,13.0,4523.868336
2025-09-12 14:00:00+00:00,4539.05,4568.3339593905,4528.1295,4548.27,1.593081965,23.0,4554.003252
2025-09-12 15:00:00+00:00,4551.84,4552.47,4531.124,4543.613,1.288645496,6.0,4548.480552
2025-09-12 16:00:00+00:00,4546.6,4577.897,4534.2135,4577.897,3.601741435,14.0,4567.454889
2025-09-12 17:00:00+00:00,4575.445,4629.441624365,4566.9655,4614.8755,3.554928578,22.0,4587.336043
2025-09-12 18:00:00+00:00,4612.39,4628.7308121825,4603.88,4624.855,6.125776134,12.0,4614.736473
2025-09-12 19:00:00+00:00,4623.37,4667.7,4619.165,4663.948,6.325883091,68.0,4651.555061
2025-09-12 20:00:00+00:00,4660.0,4694.582,4634.926,4675.803,2.368507659,15.0,4673.175059
2025-09-12 21:00:00+00:00,4671.135,4674.65,4648.24,4654.19,0.002267352,1.0,4660.627
2025-09-12 22:00:00+00:00,4657.198,4745.7,4657.198,4698.59,2.735428824,17.0,4714.268092
2025-09-12 23:00:00+00:00,4695.45,4715.48,4674.5,4713.855,2.16939956,5.0,4687.140693
2025-09-13 00:00:00+00:00,4711.55,4715.9865,4699.9825,4708.4335,0.863451458,5.0,4714.817949
2025-09-13 01:00:00+00:00,4705.05,4736.15,4704.397,4704.397,0.717004869,7.0,4720.423245
2025-09-13 02:00:00+00:00,4702.722,4716.345,4696.928,4703.4565,0.008610469,2.0,4708.85595
2025-09-13 03:00:00+00:00,4706.975,4762.879,4706.975,4758.575,0.476955601,9.0,4732.70911
2025-09-13 04:00:00+00:00,4761.8,4761.8,4737.152,4747.318,1.154941118,5.0,4738.212543
2025-09-13 05:00:00+00:00,4743.955,4743.955,4721.705,4725.875,0.838497439,5.0,4734.405649
2025-09-13 06:00:00+00:00,4729.375,4733.9,4704.94,4713.935,0.05411485,3.0,4713.004714
2025-09-13 07:00:00+00:00,4712.229,4724.325,4712.229,4714.08,0.00204,1.0,4718.7
2025-09-13 08:00:00+00:00,4716.011,4734.42,4716.011,4732.8455,1.107685699,4.0,4729.469173
2025-09-13 09:00:00+00:00,4731.4485,4737.033,4722.695,4737.033,0.112661482,5.0,4733.90337
2025-09-13 10:00:00+00:00,4732.5785,4741.27,4714.27,4721.55,0.245631534,7.0,4736.786491
2025-09-13 11:00:00+00:00,4719.335,4725.983,4714.226,4721.45,0.105018463,2.0,4724.934487
2025-09-13 12:00:00+00:00,4724.8,4729.508,4716.24,4724.2015,0.081002263,7.0,4720.602611
2025-09-13 13:00:00+00:00,4722.274,4727.1205,4654.44,4687.075,1.676675618,9.0,4703.788463
2025-09-13 14:00:00+00:00,4683.25,4710.2185,4669.86,4692.455,3.917223721,4.0,4704.032929
2025-09-13 15:00:00+00:00,4695.05,4705.927,4648.6217980295,4654.3405,0.951598883,7.0,4656.253969
2025-09-13 16:00:00+00:00,4657.3945,4668.495,4620.5355,4625.359,0.638991494,10.0,4645.824086
2025-09-13 17:00:00+00:00,4628.0815,4641.71,4609.135,4637.15,6.815556665,8.0,4624.381072
2025-09-13 18:00:00+00:00,4635.3,4654.6,4627.7905,4645.5505,1.260283869,5.0,4648.433209
2025-09-13 19:00:00+00:00,4642.3,4650.657,4636.99,4641.6625,0.326767638,32.0,4646.707701
2025-09-13 20:00:00+00:00,4643.33,4665.11,4643.33,4660.8635,1.133377804,2.0,4655.380998
2025-09-13 21:00:00+00:00,4663.827,4665.615,4659.9335,4663.0125,0.005329755,3.0,4663.388026
2025-09-13 22:00:00+00:00,4664.679,4665.0575,4650.488,4662.15,0.0,0.0,4664.45825
2025-09-13 23:00:00+00:00,4665.4,4675.216,4660.2745,4669.4255,0.042788588,3.0,4665.644679
2025-09-14 00:00:00+00:00,4672.651,4683.34,4663.7435,4674.5235,0.016658881,4.0,4678.422748
2025-09-14 01:00:00+00:00,4673.212,4681.869,4655.696,4677.415,1.724809929,2.0,4667.425759
2025-09-14 02:00:00+00:00,4674.307,4688.9825,4673.577,4686.5,0.758542754,5.0,4682.446101
2025-09-14 03:00:00+00:00,4687.167,4687.167,4663.99,4665.214,0.0,0.0,4687.167
2025-09-14 04:00:00+00:00,4665.488,4669.615,4639.2015,4661.09,0.101406908,3.0,4655.172695
2025-09-14 05:00:00+00:00,4664.1875,4682.171,4660.4915,4678.0885,2.0,1.0,4672.806
2025-09-14 06:00:00+00:00,4681.72,4682.7685,4664.781,4668.306,0.175412275,3.0,4670.749521
2025-09-14 07:00:00+00:00,4666.165,4669.1625,4645.554,4654.2955,0.054804156,5.0,4660.296043
2025-09-14 08:00:00+00:00,4651.05,4666.495,4649.59,4658.3,0.172612965,3.0,4661.835803
2025-09-14 09:00:00+00:00,4655.7,4677.614,4655.0,4668.1,0.001095869,1.0,4655.7
2025-09-14 10:00:00+00:00,4667.6885,4669.965,4658.511,4662.8,0.251290733,1.0,4659.77
2025-09-14 11:00:00+00:00,4664.869,4669.1,4632.985,4634.96,0.435000648,3.0,4638.476597
2025-09-14 12:00:00+00:00,4639.05,4646.6795,4618.5865,4636.52,3.0431888,2.0,4641.772469
2025-09-14 13:00:00+00:00,4633.247,4637.199,4611.25,4613.905,0.084474823,4.0,4620.437332
2025-09-14 14:00:00+00:00,4616.752,4646.775,4583.365,4604.5,0.529493147,9.0,4616.040429
2025-09-14 15:00:00+00:00,4607.7,4607.7,4582.625,4583.8485,0.321350443,4.0,4587.407499
2025-09-14 16:00:00+00:00,4585.8215,4614.878,4585.8215,4597.25,0.020140435,9.0,4600.000487
2025-09-14 17:00:00+00:00,4599.87,4630.1095,4596.175,4623.337,1.090316608,5.0,4624.542819
2025-09-14 18:00:00+00:00,4621.55,4621.55,4605.135,4605.8585,0.0194,2.0,4613.772165
2025-09-14 19:00:00+00:00,4608.617,4627.65,4596.7175,4617.493,0.619083714,39.0,4612.575886
2025-09-14 20:00:00+00:00,4620.02,4628.55,4617.5,4620.22,0.371007916,6.0,4624.930241
2025-09-14 21:00:00+00:00,4617.595,4641.09,4603.7955,4632.2,0.19011761,1.0,4641.09
2025-09-14 22:00:00+00:00,4634.4075,4638.945,4615.144,4631.37,0.5,1.0,4636.9
2025-09-14 23:00:00+00:00,4629.86,4631.89,4605.95,4609.2,0.0,0.0,4629.86
2025-09-15 00:00:00+00:00,4611.8,4617.398,4590.4595,4604.9275,0.0032,1.0,4611.8
2025-09-15 01:00:00+00:00,4602.81,4625.42,4583.64,4620.8345,0.004350614,2.0,4604.422739
2025-09-15 02:00:00+00:00,4623.6645,4630.9445,4614.575,4621.828,0.0,0.0,4623.6645
2025-09-15 03:00:00+00:00,4624.15,4643.675,4624.15,4639.6915,0.020818485,1.0,4638.6
2025-09-15 04:00:00+00:00,4643.005,4661.4885,4642.855,4643.65,0.065853012,5.0,4647.940108
2025-09-15 05:00:00+00:00,4647.005,4664.9,4647.005,4662.805,0.039123795,4.0,4654.783266
2025-09-15 06:00:00+00:00,4660.82,4671.65,4621.42,4634.24,0.224409461,3.0,4630.815351
2025-09-15 07:00:00+00:00,4631.935,4642.09,4590.4725,4600.404,0.05,1.0,4608.12
2025-09-15 08:00:00+00:00,4596.439,4596.439,4510.795,4511.1065,0.42737914,10.0,4559.675082
2025-09-15 09:00:00+00:00,4509.616,4537.25,4500.85,4528.19,0.133818568,3.0,4517.553079
2025-09-15 10:00:00+00:00,4525.511,4535.8615,4509.35,4531.42,0.019485201,5.0,4519.546078
2025-09-15 11:00:00+00:00,4532.25,4544.8,4525.1965,4533.008,1.132377669,11.0,4538.172291
2025-09-15 12:00:00+00:00,4536.2,4540.3,4511.861,4516.05,0.0147,5.0,4535.126531
2025-09-15 13:00:00+00:00,4513.0685,4544.1325,4496.59,4516.825,0.092184423,9.0,4521.871277
2025-09-15 14:00:00+00:00,4519.2295,4533.275,4499.879,4513.369,1.594440574,11.0,4518.759446
2025-09-15 15:00:00+00:00,4510.55,4522.638,4468.0,4501.5625,0.68284691,16.0,4499.108791
2025-09-15 16:00:00+00:00,4505.065,4511.1,4481.578,4494.685,0.596207947,17.0,4497.03133
2025-09-15 17:00:00+00:00,4499.1,4510.243,4477.3305,4510.243,0.106586972,6.0,4496.25567
2025-09-15 18:00:00+00:00,4513.336,4513.336,4487.75,4502.712,0.018722233,8.0,4502.586525
2025-09-15 19:00:00+00:00,4504.688,4515.068,4476.971,4496.4,2.742506253,55.0,4493.81671
2025-09-15 20:00:00+00:00,4494.1,4513.05,4487.0,4510.905,1.323156017,11.0,4501.803653
2025-09-15 21:00:00+00:00,4511.95,4527.415,4507.44,4525.5015,0.055356382,4.0,4520.463694
2025-09-15 22:00:00+00:00,4528.045,4530.375,4509.49,4514.1035,0.258531014,25.0,4517.392432
2025-09-15 23:00:00+00:00,4511.849,4528.65,4509.645,4525.7,0.0,0.0,4513.3065
2025-09-16 00:00:00+00:00,4523.025,4523.575,4506.7475,4515.15,0.0,0.0,4523.025
2025-09-16 01:00:00+00:00,4517.7115,4538.508,4517.7,4520.087,0.06810452,3.0,4529.039907
2025-09-16 02:00:00+00:00,4521.8475,4532.11,4515.44,4515.44,0.733057,2.0,4528.809404
2025-09-16 03:00:00+00:00,4518.9415,4533.14,4516.4895,4522.25,0.008337211,2.0,4519.072816
2025-09-16 04:00:00+00:00,4524.695,4525.68,4490.461,4519.3605,3.279003709,3.0,4510.296596
2025-09-16 05:00:00+00:00,4517.7835,4530.954,4514.5305,4530.59,0.781745596,2.0,4527.950765
2025-09-16 06:00:00+00:00,4530.69,4536.705,4497.675,4508.026,0.146691742,3.0,4517.915337
2025-09-16 07:00:00+00:00,4512.05,4516.237,4503.655,4512.496,0.0,0.0,4512.05
2025-09-16 08:00:00+00:00,4514.0315,4535.6,4501.995,4510.798,0.072669566,6.0,4512.251151
2025-09-16 09:00:00+00:00,4512.355,4516.387,4506.6535,4512.22,0.0,0.0,4512.355
2025-09-16 10:00:00+00:00,4511.461,4515.483,4496.766,4500.35,0.001780346,1.0,4512.89
2025-09-16 11:00:00+00:00,4502.57,4509.58,4497.44,4502.245,0.003426257,1.0,4509.58
2025-09-16 12:00:00+00:00,4501.4625,4507.6,4497.905,4499.45,0.113135974,2.0,4507.000324
2025-09-16 13:00:00+00:00,4501.999,4513.08,4433.27,4473.53,3.498950658,34.0,4452.710837
2025-09-16 14:00:00+00:00,4469.95,4477.11,4429.1315,4447.389,0.552786954,28.0,4440.658802
2025-09-16 15:00:00+00:00,4450.818,4473.8,4430.9415,4469.6095,0.54986807,43.0,4449.10825
2025-09-16 16:00:00+00:00,4473.0,4476.06,4449.5135,4464.556,1.290155607,24.0,4461.837012
2025-09-16 17:00:00+00:00,4467.812,4512.916,4461.2,4487.7,0.095778508,11.0,4494.168084
2025-09-16 18:00:00+00:00,4490.6,4498.48,4469.361,4475.2925,0.126645999,19.0,4492.639649
2025-09-16 19:00:00+00:00,4478.7,4494.8,4471.7,4491.7,0.472491054,46.0,4479.07923
2025-09-16 20:00:00+00:00,4495.7,4499.8,4485.4,4498.5305,0.017023631,4.0,4489.5125
2025-09-16 21:00:00+00:00,4500.0735,4511.1,4492.495,4508.0695,0.117317094,2.0,4501.617847
2025-09-16 22:00:00+00:00,4509.2,4526.2,4504.135,4523.475,0.065662289,15.0,4514.647585
2025-09-16 23:00:00+00:00,4521.4355,4523.7,4499.065,4502.865,1.985992058,2.0,4515.878193
2025-09-17 00:00:00+00:00,4505.13,4518.118,4495.479,4515.2745,0.008256306,1.0,4512.5
2025-09-17 01:00:00+00:00,4517.91,4519.75,4505.461,4515.337,0.068874674,8.0,4511.888298
2025-09-17 02:00:00+00:00,4518.054,4554.0,4506.49,4533.094,1.202825843,104.0,4513.133912
2025-09-17 03:00:00+00:00,4529.7,4536.1,4498.9345,4499.95,0.026317409,5.0,4528.789806
2025-09-17 04:00:00+00:00,4501.65,4504.7995,4468.27725,4478.315,0.311093899,12.0,4488.48226
2025-09-17 05:00:00+00:00,4481.33,4518.8995,4478.315,4515.374,0.32451313,5.0,4508.491647
2025-09-17 06:00:00+00:00,4513.9445,4549.9,4508.905,4549.9,0.046547273,3.0,4530.841925
2025-09-17 07:00:00+00:00,4546.15,4558.94,4539.0,4546.85,0.304358922,22.0,4547.152258
2025-09-17 08:00:00+00:00,4543.6795,4543.6795,4500.415,4513.82,0.01392809,1.0,4510.9
2025-09-17 09:00:00+00:00,4510.4,4514.31,4498.14,4498.8025,0.898368622,8.0,4504.916432
2025-09-17 10:00:00+00:00,4500.79,4503.58,4480.695,4484.1895,0.196033156,6.0,4491.88309
2025-09-17 11:00:00+00:00,4486.345,4498.475,4481.197,4494.295,0.015008383,1.0,4489.14
2025-09-17 12:00:00+00:00,4493.1145,4513.813,4485.45,4502.025,0.001505289,1.0,4490.7
2025-09-17 13:00:00+00:00,4505.3095,4517.103,4486.2425,4495.783,0.361184616,12.0,4509.130935
2025-09-17 14:00:00+00:00,4497.775,4504.31,4469.23,4491.65,0.057843641,5.0,4485.701212
2025-09-17 15:00:00+00:00,4489.1075,4500.0,4485.037,4492.771,0.573419304,4.0,4499.933374
2025-09-17 16:00:00+00:00,4489.7945,4493.8,4474.245,4488.4465,0.94492493,16.0,4484.622766
2025-09-17 17:00:00+00:00,4489.55,4532.38,4470.136,4496.18,0.053532588,4.0,4495.458441
2025-09-17 18:00:00+00:00,4459.98,4532.38,4428.0295,4456.936,6.448891761,17.0,4439.507004
2025-09-17 19:00:00+00:00,4458.325,4529.865,4458.1395,4519.5385,0.29429759,41.0,4509.013964
2025-09-17 20:00:00+00:00,4522.42,4543.145,4500.3545,4505.23,0.036770296,2.0,4532.140359
2025-09-17 21:00:00+00:00,4501.15,4540.1115,4489.61,4530.6,0.750707432,4.0,4528.415523
2025-09-17 22:00:00+00:00,4532.375,4601.0455,4530.14,4588.8685,1.220900141,8.0,4585.939299
2025-09-17 23:00:00+00:00,4592.0075,4617.46,4586.615,4592.16,0.22126162,4.0,4606.047483
2025-09-18 00:00:00+00:00,4596.1595,4610.948,4586.61,4586.65,0.0,0.0,4596.1595
2025-09-18 01:00:00+00:00,4589.225,4633.77,4580.314,4620.7035,0.91226074,5.0,4616.782898
2025-09-18 02:00:00+00:00,4618.3,4619.812,4608.7285,4615.29,0.680973165,4.0,4613.104478
2025-09-18 03:00:00+00:00,4613.855,4644.505,4613.855,4617.409,0.002196513,1.0,4635.4
2025-09-18 04:00:00+00:00,4619.9845,4620.05,4602.28,4611.145,0.0,0.0,4619.9845
2025-09-18 05:00:00+00:00,4608.288,4608.33,4590.445,4591.27,0.0477,1.0,4590.78
2025-09-18 06:00:00+00:00,4591.5,4591.5,4555.66,4571.7245,0.13737906,3.0,4574.820242
2025-09-18 07:00:00+00:00,4574.52,4586.241,4571.14,4578.2685,0.091896986,5.0,4581.725724
2025-09-18 08:00:00+00:00,4575.655,4606.72,4573.25,4602.25,1.133870277,3.0,4590.637065
2025-09-18 09:00:00+00:00,4606.1,4606.1,4592.1135,4599.69,0.024179752,2.0,4603.361672
2025-09-18 10:00:00+00:00,4601.754,4601.82,4575.0615,4576.242,0.210771678,1.0,4581.67
2025-09-18 11:00:00+00:00,4577.532,4590.137,4572.066,4577.551,0.002177587,1.0,4573.8
2025-09-18 12:00:00+00:00,4579.4945,4589.5,4572.071,4574.3065,0.011087008,3.0,4581.181163
2025-09-18 13:00:00+00:00,4572.48,4605.6815,4564.6915,4589.8945,0.972335181,8.0,4588.033468
2025-09-18 14:00:00+00:00,4592.257,4624.2825,4592.257,4600.71,1.020396473,11.0,4605.100212
2025-09-18 15:00:00+00:00,4598.0,4609.0475,4590.3185,4602.6665,0.523545612,7.0,4607.50088
2025-09-18 16:00:00+00:00,4604.145,4639.31,4593.897,4624.184,0.528878298,11.0,4616.564587
2025-09-18 17:00:00+00:00,4625.337,4632.155,4601.8175,4611.969,0.835941551,6.0,4604.643483
2025-09-18 18:00:00+00:00,4608.4365,4627.1,4605.1,4622.3015,1.878145932,9.0,4607.971656
2025-09-18 19:00:00+00:00,4619.788,4619.788,4585.6205,4590.2105,0.860812088,41.0,4596.537252
2025-09-18 20:00:00+00:00,4593.468,4609.2,4591.773,4606.5,4.239216144,3.0,4598.898695
2025-09-18 21:00:00+00:00,4605.695,4605.695,4592.51,4595.054,0.075262634,1.0,4592.51
2025-09-18 22:00:00+00:00,4593.7065,4604.535,4590.89,4593.9745,0.053298055,1.0,4598.63
2025-09-18 23:00:00+00:00,4590.9205,4595.7065,4573.7875,4589.83,0.049829162,2.0,4585.70214
2025-09-19 00:00:00+00:00,4592.173,4613.41625,4590.1035,4611.46,0.004265541,1.0,4596.8
2025-09-19 01:00:00+00:00,4607.995,4622.25,4600.681,4609.534,0.436597775,2.0,4610.440126
2025-09-19 02:00:00+00:00,4611.2665,4615.205,4592.2705,4592.3535,0.0,0.0,4611.2665
2025-09-19 03:00:00+00:00,4591.99,4603.085,4547.359,4551.025,0.138064306,4.0,4566.825701
2025-09-19 04:00:00+00:00,4547.53,4560.07,4535.2935,4560.07,0.0,0.0,4547.53
2025-09-19 05:00:00+00:00,4558.9645,4558.9645,4533.855,4542.27,0.006739559,1.0,4537.313
2025-09-19 06:00:00+00:00,4539.567,4544.08,4524.5,4525.803,0.156333996,5.0,4532.346835
2025-09-19 07:00:00+00:00,4527.8595,4545.5,4520.45,4542.15,0.0033,1.0,4545.5
2025-09-19 08:00:00+00:00,4544.735,4548.843,4533.26,4536.756,0.525562433,2.0,4540.387014
2025-09-19 09:00:00+00:00,4538.94,4545.7,4518.1,4525.0,0.042089146,1.0,4518.1
2025-09-19 10:00:00+00:00,4521.1,4534.792,4521.1,4531.88,0.11499589,2.0,4534.68886
2025-09-19 11:00:00+00:00,4530.487,4530.487,4510.365,4515.907,0.0,0.0,4530.487
2025-09-19 12:00:00+00:00,4517.458,4523.5475,4511.42,4518.3135,0.009549556,1.0,4517.2
2025-09-19 13:00:00+00:00,4520.1,4537.615,4513.899,4528.6,0.027823265,3.0,4525.06416
2025-09-19 14:00:00+00:00,4529.935,4547.119,4488.465,4496.1985,0.483933321,13.0,4524.285579
2025-09-19 15:00:00+00:00,4500.025,4503.3,4447.6,4474.204,2.511632372,11.0,4472.885478
2025-09-19 16:00:00+00:00,4476.6025,4490.2625,4474.65,4484.113,0.099783308,8.0,4487.81275
2025-09-19 17:00:00+00:00,4481.33,4484.0,4459.61,4462.921,0.103289281,6.0,4472.080603
2025-09-19 18:00:00+00:00,4459.6245,4465.05,4438.9525,4450.65,0.526905926,5.0,4454.533619
2025-09-19 19:00:00+00:00,4454.235,4468.354,4444.7675,4445.391,0.086579147,4.0,4458.925048
2025-09-19 20:00:00+00:00,4442.195,4468.893,4442.195,4460.45,0.29396566,8.0,4451.836267
2025-09-19 21:00:00+00:00,4463.8,4473.905,4452.7425,4472.365,0.184927877,5.0,4469.59973
2025-09-19 22:00:00+00:00,4473.452,4480.9,4471.9025,4471.9025,0.083431073,5.0,4474.999477
2025-09-19 23:00:00+00:00,4474.905,4474.905,4450.975,4471.1,0.0033,1.0,4474.905
2025-09-20 00:00:00+00:00,4472.836,4476.965,4465.0745,4476.55,0.0,0.0,4472.836
2025-09-20 01:00:00+00:00,4478.5,4478.5,4459.94,4468.5,0.006041135,1.0,4475.85
2025-09-20 02:00:00+00:00,4466.35,4470.305,4456.85,4469.8625,0.0,0.0,4466.35
2025-09-20 03:00:00+00:00,4467.667,4470.76,4461.531,4467.911,0.002160004,1.0,4470.76
2025-09-20 04:00:00+00:00,4468.325,4477.8,4465.83,4476.187,0.021566087,1.0,4477.8
2025-09-20 05:00:00+00:00,4477.175,4485.595,4469.2785,4481.7745,0.016246966,2.0,4480.474447
2025-09-20 06:00:00+00:00,4479.4,4479.4,4473.485,4476.162,0.09322604,1.0,4473.678
2025-09-20 07:00:00+00:00,4476.0135,4486.863,4471.71,4484.12,1.050218502,4.0,4478.662088
2025-09-20 08:00:00+00:00,4484.065,4484.854,4467.679,4467.679,0.0,0.0,4484.4595
2025-09-20 09:00:00+00:00,4469.145,4474.627,4458.612,4468.55,0.004325698,1.0,4464.88
2025-09-20 10:00:00+00:00,4470.55,4477.255,4465.0325,4465.0325,0.291473434,2.0,4471.859392
2025-09-20 11:00:00+00:00,4468.03,4473.6155,4466.65,4473.2,0.15215971,2.0,4472.385366
2025-09-20 12:00:00+00:00,4470.6175,4473.3,4466.75,4467.595,0.09262408,3.0,4472.85533
2025-09-20 13:00:00+00:00,4467.15,4473.79,4466.515,4470.4485,0.0,0.0,4467.525
2025-09-20 14:00:00+00:00,4473.197,4494.635,4467.05,4490.8255,0.006862223,1.0,4473.197
2025-09-20 15:00:00+00:00,4493.02,4510.9,4491.137,4500.55,0.073319472,6.0,4495.013931
2025-09-20 16:00:00+00:00,4502.4575,4510.104,4493.69,4506.315,0.018077537,6.0,4503.303357
2025-09-20 17:00:00+00:00,4503.083,4503.083,4472.945,4490.45,0.0,0.0,4503.083
2025-09-20 18:00:00+00:00,4487.2175,4490.493,4478.45,4478.901,0.022043137,4.0,4483.514614
2025-09-20 19:00:00+00:00,4482.512,4487.3285,4475.875,4483.3115,1.430364667,34.0,4479.601599
2025-09-20 20:00:00+00:00,4485.2755,4489.2,4484.7345,4486.195,0.00329175,1.0,4485.2
2025-09-20 21:00:00+00:00,4489.073,4504.15,4489.073,4494.5305,0.016919675,3.0,4493.801308
2025-09-20 22:00:00+00:00,4494.8965,4497.455,4491.7495,4497.01,0.008648325,1.0,4492.41
2025-09-20 23:00:00+00:00,4495.424,4495.424,4482.35,4483.655,0.0,0.0,4495.424
2025-09-21 00:00:00+00:00,4482.636,4491.428,4476.515,4489.3505,0.0,0.0,4482.636
2025-09-21 01:00:00+00:00,4491.847,4491.847,4482.245,4483.085,0.0,0.0,4491.53725
2025-09-21 02:00:00+00:00,4486.37,4490.365,4460.9635,4482.314,0.005586134,2.0,4470.13246
2025-09-21 03:00:00+00:00,4480.7025,4482.3585,4476.2215,4480.93,0.084155524,1.0,4477.73
2025-09-21 04:00:00+00:00,4484.66,4484.66,4472.75,4473.55,0.078670976,2.0,4484.425256
2025-09-21 05:00:00+00:00,4472.9485,4482.065,4470.114,4481.1155,0.087499549,3.0,4471.783738
2025-09-21 06:00:00+00:00,4482.4,4497.012,4479.905,4487.8325,0.519552043,4.0,4494.408853
2025-09-21 07:00:00+00:00,4488.2345,4488.774,4479.5,4479.5,0.118366342,3.0,4487.149278
2025-09-21 08:00:00+00:00,4481.15,4482.082,4469.207,4471.2575,0.00111619,1.0,4479.5
2025-09-21 09:00:00+00:00,4473.7275,4476.18,4448.517,4470.014,0.171777449,5.0,4455.318025
2025-09-21 10:00:00+00:00,4471.461,4472.1695,4460.472,4460.472,0.0,0.0,4471.461
2025-09-21 11:00:00+00:00,4460.85,4468.21,4460.85,4462.683,2.1,1.0,4467.96
2025-09-21 12:00:00+00:00,4465.6315,4474.2165,4465.295,4470.5965,0.0,0.0,4465.6315
2025-09-21 13:00:00+00:00,4469.4665,4483.259,4469.4665,4479.215,0.0,0.0,4469.4665
2025-09-21 14:00:00+00:00,4481.8,4485.7015,4474.943,4475.0495,0.737929059,6.0,4480.454516
2025-09-21 15:00:00+00:00,4471.809,4488.115,4471.809,4485.1325,0.039098837,2.0,4477.107802
2025-09-21 16:00:00+00:00,4486.9,4490.885,4468.035,4476.905,0.182450524,5.0,4474.259905
2025-09-21 17:00:00+00:00,4477.2005,4495.18,4470.0665,4493.5385,0.761915238,4.0,4471.998058
2025-09-21 18:00:00+00:00,4495.18,4498.8645,4486.9005,4498.8645,0.070140734,2.0,4495.264517
2025-09-21 19:00:00+00:00,4496.68,4498.445,4481.345,4495.5795,1.478675495,20.0,4494.10967
2025-09-21 20:00:00+00:00,4493.155,4493.3475,4479.242,4479.85,0.196849865,5.0,4485.961786
2025-09-21 21:00:00+00:00,4477.0,4479.8,4471.51,4474.815,0.003283002,1.0,4479.4
2025-09-21 22:00:00+00:00,4477.1645,4479.5625,4448.3885,4470.186,0.165856,2.0,4452.809845
2025-09-21 23:00:00+00:00,4467.774,4467.774,4446.3,4448.6485,0.006304523,3.0,4454.796803
2025-09-22 00:00:00+00:00,4446.062,4458.001,4328.314058,4339.55,3.162569186,17.0,4397.47602
2025-09-22 01:00:00+00:00,4336.845,4355.1,4330.695,4331.2095,1.058171879,4.0,4336.359396
2025-09-22 02:00:00+00:00,4333.572,4343.45,4267.9435,4291.5415,0.472972412,21.0,4297.776576
2025-09-22 03:00:00+00:00,4293.266,4312.3,4293.266,4307.995,0.380895453,7.0,4307.157754
2025-09-22 04:00:00+00:00,4310.42,4312.065,4292.105,4292.105,0.568979517,5.0,4306.339727
2025-09-22 05:00:00+00:00,4289.51,4302.8,4227.8705,4227.9,1.26000721,9.0,4244.357964
2025-09-22 06:00:00+00:00,4228.5455,4228.5455,4075.295,4195.465,44.205864693,60.0,4103.612351
2025-09-22 07:00:00+00:00,4195.1935,4226.7915,4188.29,4196.515,0.870041046,14.0,4198.653413
2025-09-22 08:00:00+00:00,4193.13,4210.829,4190.315,4198.5445,0.477060874,18.0,4200.47493
2025-09-22 09:00:00+00:00,4200.615,4200.615,4140.594517241,4152.165,14.017675003,22.0,4186.066298
2025-09-22 10:00:00+00:00,4154.5925,4192.206,4142.005,4186.8515,0.639824082,11.0,4170.55528
2025-09-22 11:00:00+00:00,4186.255,4194.4,4178.2905,4183.056,5.95546108,16.0,4187.67994
2025-09-22 12:00:00+00:00,4185.2,4200.7,4175.195,4194.665,1.109387631,13.0,4180.879368
2025-09-22 13:00:00+00:00,4192.46,4217.895,4176.99,4210.8555,2.191252037,21.0,4196.924532
2025-09-22 14:00:00+00:00,4213.62,4223.3,4187.495,4195.105,2.506925312,26.0,4209.565501
2025-09-22 15:00:00+00:00,4193.6255,4199.345,4163.423,4171.855,4.414728631,14.0,4177.248664
2025-09-22 16:00:00+00:00,4169.975,4187.076,4165.4515,4168.2965,1.52478484,22.0,4180.808708
2025-09-22 17:00:00+00:00,4166.825,4183.109,4152.9546798025,4168.865,1.61976177,13.0,4164.834505
2025-09-22 18:00:00+00:00,4169.0255,4180.022,4158.6145,4159.3095,4.138658673,18.0,4176.020881
2025-09-22 19:00:00+00:00,4161.2,4169.5985,4128.3894088665,4137.4815,3.824886302,116.0,4142.367421
2025-09-22 20:00:00+00:00,4139.495,4191.842,4139.495,4182.8145,1.404561806,13.0,4173.336328
2025-09-22 21:00:00+00:00,4185.8675,4200.8695,4179.93,4200.8695,0.520187356,10.0,4193.006302
2025-09-22 22:00:00+00:00,4204.82,4204.82,4188.945,4194.7505,0.092262978,10.0,4193.494589
2025-09-22 23:00:00+00:00,4197.601,4211.475,4193.735,4203.955,0.07225874,7.0,4206.324284
2025-09-23 00:00:00+00:00,4206.4,4214.655,4193.2,4195.8605,1.185676382,6.0,4206.456308
2025-09-23 01:00:00+00:00,4193.5085,4204.195,4167.467,4167.467,0.1114423,3.0,4173.353282
2025-09-23 02:00:00+00:00,4169.366,4186.641,4145.738,4148.245,0.032915219,3.0,4166.447242
2025-09-23 03:00:00+00:00,4145.462,4199.01,4119.8735,4191.915,5.120540538,13.0,4192.837574
2025-09-23 04:00:00+00:00,4194.1,4195.985,4158.2385,4181.05,15.090417233,10.0,4182.777998
2025-09-23 05:00:00+00:00,4184.9,4197.0,4169.55,4188.162,15.042343478,12.0,4184.854497
2025-09-23 06:00:00+00:00,4186.09,4218.73,4182.715,4206.69,3.341031867,7.0,4208.599277
2025-09-23 07:00:00+00:00,4209.38,4215.47,4201.049,4207.2715,7.109214279,12.0,4207.278278
2025-09-23 08:00:00+00:00,4210.39,4218.33,4197.09,4210.9775,7.231818625,10.0,4208.762814
2025-09-23 09:00:00+00:00,4214.46,4231.4525,4188.2285,4195.265,2.143154193,6.0,4216.811941
2025-09-23 10:00:00+00:00,4193.215,4200.217,4187.7415,4196.715,1.827877609,5.0,4197.769819
2025-09-23 11:00:00+00:00,4194.052,4198.865,4182.305,4197.035,1.193295711,4.0,4189.418159
2025-09-23 12:00:00+00:00,4194.54,4205.9,4188.7935,4199.281,0.488480965,4.0,4199.584321
2025-09-23 13:00:00+00:00,4197.136,4211.44,4184.8515,4189.025,2.656724883,10.0,4194.178189
2025-09-23 14:00:00+00:00,4192.2,4213.71,4165.658,4177.756,1.628820457,16.0,4183.68741
2025-09-23 15:00:00+00:00,4174.6585,4205.24,4173.635,4183.793,1.271257432,6.0,4189.180663
2025-09-23 16:00:00+00:00,4185.5795,4207.03,4166.71,4195.765,2.435481838,15.0,4185.289708
2025-09-23 17:00:00+00:00,4198.6,4198.6,4140.475,4151.767,0.446175654,18.0,4161.633279
2025-09-23 18:00:00+00:00,4150.59,4168.05,4148.3,4159.345,0.028625504,4.0,4159.537692
2025-09-23 19:00:00+00:00,4160.163,4183.7445,4140.99,4154.38,0.525268463,26.0,4150.527843
2025-09-23 20:00:00+00:00,4151.902,4177.825,4141.31,4177.825,0.039810449,9.0,4156.365495
2025-09-23 21:00:00+00:00,4181.14,4190.8215,4165.37,4185.919,0.077187344,14.0,4174.768879
2025-09-23 22:00:00+00:00,4183.279,4189.215,4171.383,4183.2765,0.026094608,10.0,4180.052247
2025-09-23 23:00:00+00:00,4186.801,4186.801,4163.73,4166.625,0.0105,3.0,4184.760333
2025-09-24 00:00:00+00:00,4165.09,4195.325,4161.105,4176.65,0.01971011,4.0,4184.044067
2025-09-24 01:00:00+00:00,4174.72,4195.206,4171.85,4191.5495,1.229709632,5.0,4194.32783
2025-09-24 02:00:00+00:00,4189.548,4192.316,4162.33,4171.6415,0.225604896,3.0,4164.689044
2025-09-24 03:00:00+00:00,4168.1565,4174.696,4132.385,4148.065,0.869942438,3.0,4138.432836
2025-09-24 04:00:00+00:00,4146.9615,4161.1195,4077.65875,4141.39,0.779218797,15.0,4112.889995
2025-09-24 05:00:00+00:00,4143.69,4177.174,4140.735,4174.05,5.127800615,10.0,4164.086025
2025-09-24 06:00:00+00:00,4176.1,4182.555,4168.8,4181.53,0.061196552,9.0,4175.425396
2025-09-24 07:00:00+00:00,4184.68,4185.1,4167.13,4174.7285,0.066141861,10.0,4180.821987
2025-09-24 08:00:00+00:00,4177.167,4180.78,4169.2205,4176.493,0.47723571,4.0,4180.699411
2025-09-24 09:00:00+00:00,4179.1,4185.511,4169.9,4182.329,1.349379819,9.0,4170.73931
2025-09-24 10:00:00+00:00,4185.238,4186.0,4167.87,4180.0245,0.198105692,7.0,4176.409418
2025-09-24 11:00:00+00:00,4179.615,4197.69575,4177.7925,4184.806,0.69934395,6.0,4187.229637
2025-09-24 12:00:00+00:00,4187.512,4187.512,4173.0765,4182.603,0.193014748,2.0,4183.415657
2025-09-24 13:00:00+00:00,4185.3,4186.069,4151.6455,4151.9455,0.075948227,7.0,4167.349925
2025-09-24 14:00:00+00:00,4153.56,4206.685,4153.56,4194.0555,2.357453694,9.0,4180.196212
2025-09-24 15:00:00+00:00,4196.41,4199.96,4163.766,4165.885,1.793458594,11.0,4194.494132
2025-09-24 16:00:00+00:00,4168.49,4182.405,4158.975,4173.8275,1.823767967,14.0,4174.08135
2025-09-24 17:00:00+00:00,4176.2425,4194.7785,4169.052,4185.4195,0.226050987,6.0,4183.77064
2025-09-24 18:00:00+00:00,4188.639,4188.639,4168.8,4174.5145,0.014950416,3.0,4179.052509
2025-09-24 19:00:00+00:00,4178.31,4178.31,4158.173,4165.115,1.830261398,35.0,4168.710984
2025-09-24 20:00:00+00:00,4162.48,4169.6305,4152.35,4168.08,0.248877441,1.0,4162.48
2025-09-24 21:00:00+00:00,4165.2195,4174.85,4134.7295,4147.464,0.205448285,3.0,4156.788619
2025-09-24 22:00:00+00:00,4148.85,4165.1,4148.85,4156.319,0.12,1.0,4162.1
2025-09-24 23:00:00+00:00,4158.673,4163.395,4148.0,4155.109,0.0,0.0,4158.673
2025-09-25 00:00:00+00:00,4152.8125,4161.6585,4124.7585,4130.323,0.07441069,2.0,4129.699125
2025-09-25 01:00:00+00:00,4128.1565,4136.155,4084.76,4104.0425,1.651194811,6.0,4108.736477
2025-09-25 02:00:00+00:00,4103.0385,4137.2685,4068.887,4102.985,0.097920931,4.0,4084.087378
2025-09-25 03:00:00+00:00,4104.72,4104.72,4024.8455,4065.48,5.674245148,19.0,4041.376657
2025-09-25 04:00:00+00:00,4064.117,4067.59,3971.0,4004.072,8.778616917,15.0,4014.855193
2025-09-25 05:00:00+00:00,4000.124,4039.75,3980.578,4028.1075,9.456499851,10.0,4023.081445
2025-09-25 06:00:00+00:00,4027.014,4028.9115,3995.905,3999.824,4.094479289,13.0,4010.926081
2025-09-25 07:00:00+00:00,4001.946,4022.5,3989.1675,4009.66,0.944685608,19.0,4010.73834
2025-09-25 08:00:00+00:00,4011.9715,4035.905,4004.9055,4015.405,1.305222207,16.0,4031.899297
2025-09-25 09:00:00+00:00,4018.21,4055.5,4015.405,4026.7005,0.085356063,9.0,4033.932681
2025-09-25 10:00:00+00:00,4029.26,4045.794,4012.852,4014.674,0.147423699,8.0,4024.652865
2025-09-25 11:00:00+00:00,4017.455,4020.25,3992.875,4002.5,0.0036,3.0,4013.681667
2025-09-25 12:00:00+00:00,4003.936,4018.23,3936.9865,3979.512,8.089897082,26.0,3965.656009
2025-09-25 13:00:00+00:00,3982.125,4009.9,3947.1715,3971.285,15.978002079,23.0,3970.603102
2025-09-25 14:00:00+00:00,3973.6175,4024.255,3971.545,4016.4,2.461752597,26.0,4015.130021
2025-09-25 15:00:00+00:00,4018.9,4019.62,3984.36,4005.84,0.884239295,17.0,4005.145875
2025-09-25 16:00:00+00:00,4003.47,4018.23,3931.025,3943.845,5.477287545,27.0,3947.304927
2025-09-25 17:00:00+00:00,3941.4265,3943.925,3825.776,3840.814,22.115633147,56.0,3874.34477
2025-09-25 18:00:00+00:00,3838.814,3925.915,3826.59,3925.915,3.599804675,21.0,3864.269594
2025-09-25 19:00:00+00:00,3928.009,3947.376,3909.277,3910.789,3.615946082,67.0,3930.489111
2025-09-25 20:00:00+00:00,3912.377,3919.655,3880.362,3887.25,0.279246518,7.0,3901.338624
2025-09-25 21:00:00+00:00,3889.6995,3919.271,3883.393,3905.832,0.963424757,9.0,3905.242836
2025-09-25 22:00:00+00:00,3908.8045,3937.0,3884.4795,3896.1415,0.338100561,7.0,3896.155527
2025-09-25 23:00:00+00:00,3894.4,3908.72,3853.794,3874.635,1.445413904,7.0,3875.38841
2025-09-26 00:00:00+00:00,3876.403,3939.55,3869.99,3932.576,1.451554252,8.0,3893.976964
2025-09-26 01:00:00+00:00,3935.552,3958.8305,3924.5095,3951.95,1.554872341,15.0,3944.94556
2025-09-26 02:00:00+00:00,3949.5365,3968.78,3944.4415,3959.63,0.028659783,8.0,3957.565309
2025-09-26 03:00:00+00:00,3961.9,3968.78,3946.695,3967.031,0.029387942,8.0,3961.66429
2025-09-26 04:00:00+00:00,3968.78,3977.185,3942.83,3947.638,0.623399728,15.0,3954.888686
2025-09-26 05:00:00+00:00,3945.3085,3966.2,3922.191,3924.0045,5.409221356,8.0,3931.31771
2025-09-26 06:00:00+00:00,3928.0795,3951.5,3915.235,3923.15,0.597942085,9.0,3935.002007
2025-09-26 07:00:00+00:00,3923.9225,3950.162,3910.984,3940.1285,1.01272882,3.0,3921.940893
2025-09-26 08:00:00+00:00,3942.577,3946.6,3929.075,3937.1795,0.296038346,2.0,3941.207662
2025-09-26 09:00:00+00:00,3934.472,3941.9,3903.628,3918.355,1.306771541,5.0,3936.846705
2025-09-26 10:00:00+00:00,3921.03,3921.03,3879.188,3890.8255,0.40941884,9.0,3901.406917
2025-09-26 11:00:00+00:00,3887.955,3918.645,3875.875,3908.8485,2.856975653,8.0,3913.210161
2025-09-26 12:00:00+00:00,3911.9,3963.9145,3878.5255,3940.4975,1.807291622,11.0,3925.678381
2025-09-26 13:00:00+00:00,3942.255,3984.917,3907.98,3973.85,12.555270492,25.0,3924.787169
2025-09-26 14:00:00+00:00,3976.0,3980.597,3926.272,3930.8,13.124506805,22.0,3932.00114
2025-09-26 15:00:00+00:00,3933.676,3966.44,3930.665,3948.087,2.352053703,13.0,3958.25808
2025-09-26 16:00:00+00:00,3950.3,3996.3705,3946.8535,3992.8685,0.524588706,21.0,3980.655803
2025-09-26 17:00:00+00:00,3995.344,4047.741,3981.1045,4047.741,12.090211141,18.0,4012.717251
2025-09-26 18:00:00+00:00,4050.7,4067.39,4039.39,4047.474,6.957326853,21.0,4049.7499
2025-09-26 19:00:00+00:00,4050.095,4050.095,4010.9805,4028.028,4.628369746,40.0,4027.330814
2025-09-26 20:00:00+00:00,4030.866,4032.121,4012.26,4014.4225,1.682653113,10.0,4021.83242
2025-09-26 21:00:00+00:00,4017.515,4027.873,4007.92,4025.8185,1.039762194,8.0,4018.578005
2025-09-26 22:00:00+00:00,4028.873,4041.64,4021.9,4027.7405,0.207944057,26.0,4033.317597
2025-09-26 23:00:00+00:00,4030.031,4038.172,4018.705,4035.311,0.0024,1.0,4030.031
2025-09-27 00:00:00+00:00,4037.97,4037.97,4021.4,4030.572,0.010754381,3.0,4034.91508
2025-09-27 01:00:00+00:00,4033.384,4033.384,4010.2815,4020.049,2.5424,3.0,4019.415797
2025-09-27 02:00:00+00:00,4022.598,4025.6985,4012.7,4016.6305,0.004804799,2.0,4019.126536
2025-09-27 03:00:00+00:00,4018.9,4031.7,4014.1835,4021.3235,0.177491566,2.0,4031.526921
2025-09-27 04:00:00+00:00,4024.594,4029.45,4018.135,4025.05,0.033188,3.0,4022.945665
2025-09-27 05:00:00+00:00,4027.8,4027.8,4015.5785,4023.0165,0.259807074,4.0,4021.995291
2025-09-27 06:00:00+00:00,4025.2,4034.39,4015.4,4021.92,0.01462431,3.0,4019.917539
2025-09-27 07:00:00+00:00,4023.8,4023.885,4008.922,4011.2,0.013793034,2.0,4019.422205
2025-09-27 08:00:00+00:00,4014.3,4014.3,3987.043,3987.043,0.175481554,5.0,3996.497659
2025-09-27 09:00:00+00:00,3988.36,4000.7,3974.9975,3997.347,3.992230901,8.0,3984.193778
2025-09-27 10:00:00+00:00,3997.09,4018.28,3992.15,4012.25,0.837476238,6.0,4011.530862
2025-09-27 11:00:00+00:00,4015.2,4018.28,4002.2215,4002.932,0.033112016,6.0,4007.952505
2025-09-27 12:00:00+00:00,4001.815,4041.3035,3996.847,4031.405,0.35635907,5.0,4006.258808
2025-09-27 13:00:00+00:00,4034.61,4034.61,4017.5,4022.004,0.191920697,4.0,4023.068061
2025-09-27 14:00:00+00:00,4023.724,4027.164,4013.605,4017.261,0.010718981,3.0,4025.027138
2025-09-27 15:00:00+00:00,4015.395,4023.607,4003.3615,4021.388,0.604547895,4.0,4015.471039
2025-09-27 16:00:00+00:00,4023.8,4023.8,4007.0845,4010.115,0.130452384,6.0,4019.611421
2025-09-27 17:00:00+00:00,4007.493,4007.493,3983.485,4004.435,0.317489429,3.0,3997.243774
2025-09-27 18:00:00+00:00,4002.8,4004.125,3989.625,3998.71,0.151088698,3.0,3994.699272
2025-09-27 19:00:00+00:00,3999.249,4008.41,3993.284,4004.2915,0.043938442,14.0,4006.252335
2025-09-27 20:00:00+00:00,4005.8535,4012.375,4002.37,4008.2,0.099383112,4.0,4007.753457
2025-09-27 21:00:00+00:00,4009.285,4022.08525,4008.8215,4016.8085,0.122633864,10.0,4015.83628
2025-09-27 22:00:00+00:00,4019.0,4031.91,4016.4,4024.6275,0.05211079,2.0,4023.074773
2025-09-27 23:00:00+00:00,4027.5,4028.625,4015.65,4019.85,0.0024,1.0,4027.5
2025-09-28 00:00:00+00:00,4021.779,4032.295,4010.1295,4019.1865,0.241663305,4.0,4017.372164
2025-09-28 01:00:00+00:00,4022.61,4022.61,3997.7,3999.07,0.0032,2.0,4016.9075
2025-09-28 02:00:00+00:00,4000.395,4012.0,3998.5505,4002.535,0.003617796,1.0,4003.9
2025-09-28 03:00:00+00:00,4004.2745,4011.744,3999.2795,4006.2495,0.0,0.0,4004.2745
2025-09-28 04:00:00+00:00,4003.4615,4007.4185,3998.1,4005.1505,0.0,0.0,4003.4615
2025-09-28 05:00:00+00:00,4005.8915,4019.85,4005.0545,4012.095,0.590935714,4.0,4015.938694
2025-09-28 06:00:00+00:00,4015.11,4017.9,3999.408,4005.375,0.483877615,3.0,4013.430688
2025-09-28 07:00:00+00:00,4008.28,4017.44,4004.065,4017.44,0.051930673,1.0,4012.2
2025-09-28 08:00:00+00:00,4020.2,4020.2,4002.0075,4003.9,0.597479806,5.0,4007.231201
2025-09-28 09:00:00+00:00,4005.745,4007.6185,3991.16,3998.8155,0.024155859,1.0,3997.731
2025-09-28 10:00:00+00:00,3996.5,4002.0955,3987.6025,3997.49,0.012100785,1.0,3990.18
2025-09-28 11:00:00+00:00,3998.08,3998.08,3987.398,3993.889,0.0,0.0,3998.08
2025-09-28 12:00:00+00:00,3992.585,3995.332,3968.2525,3980.85,0.096898833,4.0,3979.043807
2025-09-28 13:00:00+00:00,3982.425,4023.0925,3980.4505,4014.9585,7.061522495,14.0,3982.589139
2025-09-28 14:00:00+00:00,4017.086,4030.16,4009.883,4026.8,2.141690628,12.0,4020.379154
2025-09-28 15:00:00+00:00,4029.2,4029.2,4019.9,4023.2,0.036023636,3.0,4023.168947
2025-09-28 16:00:00+00:00,4025.63,4055.0765,4023.2,4034.213,0.313551667,11.0,4033.043764
2025-09-28 17:00:00+00:00,4036.873,4051.124,4028.7765,4041.801,0.020289563,2.0,4047.152887
2025-09-28 18:00:00+00:00,4043.822,4044.7505,4039.015,4044.665,0.103875603,4.0,4044.470679
2025-09-28 19:00:00+00:00,4047.13,4047.13,4036.62,4040.665,0.265437522,10.0,4041.208435
2025-09-28 20:00:00+00:00,4043.1,4066.09,4038.865,4054.945,0.00858337,2.0,4051.173406
2025-09-28 21:00:00+00:00,4057.26,4063.438,4045.0415,4051.6,0.0024,1.0,4057.26
2025-09-28 22:00:00+00:00,4052.583,4142.467,4052.583,4132.7095,0.208526797,11.0,4101.666898
2025-09-28 23:00:00+00:00,4135.0885,4147.3,4123.9,4144.86,0.005554147,10.0,4141.448186
2025-09-29 00:00:00+00:00,4147.115,4149.63,4127.223,4128.3305,0.008668799,7.0,4145.29527
2025-09-29 01:00:00+00:00,4126.419,4139.517,4115.1115,4115.1115,1.30350987,5.0,4134.701994
2025-09-29 02:00:00+00:00,4116.95,4130.325,4109.8925,4114.57,0.0013308,2.0,4121.713669
2025-09-29 03:00:00+00:00,4112.335,4123.31,4106.1735,4123.31,2.00132869,3.0,4115.113701
2025-09-29 04:00:00+00:00,4125.5,4125.9,4116.05,4121.585,0.115693205,8.0,4125.076323
2025-09-29 05:00:00+00:00,4119.8685,4119.8685,4106.805,4115.71,0.300828503,8.0,4111.661947
2025-09-29 06:00:00+00:00,4116.345,4118.79,4097.64,4099.62,0.313264124,6.0,4109.871119
2025-09-29 07:00:00+00:00,4100.8515,4115.85,4090.9135,4109.265,0.214511168,2.0,4106.594538
2025-09-29 08:00:00+00:00,4111.5965,4135.9,4111.545,4125.05,0.002732793,1.0,4120.6
2025-09-29 09:00:00+00:00,4126.665,4138.603,4120.2855,4134.9175,0.91282335,4.0,4135.415132
2025-09-29 10:00:00+00:00,4138.12,4138.7,4117.8705,4117.8705,0.018940321,4.0,4135.148167
2025-09-29 11:00:00+00:00,4114.5455,4117.7525,4098.207,4104.8805,0.074259482,2.0,4108.377438
2025-09-29 12:00:00+00:00,4107.061,4129.6659847888,4095.23,4099.74,0.062026675,3.0,4108.042606
2025-09-29 13:00:00+00:00,4102.12,4188.045,4085.925,4169.935,3.932280677,17.0,4152.678816
2025-09-29 14:00:00+00:00,4172.1985,4209.5,4163.2575,4191.445,1.454773992,15.0,4193.599828
2025-09-29 15:00:00+00:00,4188.67,4201.2935,4155.55,4167.235,2.516598709,16.0,4178.89869
2025-09-29 16:00:00+00:00,4170.5,4177.17,4143.25,4146.3,0.13550421,9.0,4165.930839
2025-09-29 17:00:00+00:00,4147.616,4160.8895,4131.564,4158.3,1.686900351,9.0,4152.995857
2025-09-29 18:00:00+00:00,4161.2,4166.493,4145.403,4164.88,0.310710691,5.0,4160.086189
2025-09-29 19:00:00+00:00,4166.049,4198.0,4163.68,4191.72,1.172988428,38.0,4189.344922
2025-09-29 20:00:00+00:00,4189.669,4237.8645,4185.827,4229.28,0.278022151,10.0,4201.656483
2025-09-29 21:00:00+00:00,4231.9,4238.2,4214.3585,4227.7005,0.101644544,3.0,4220.375228
2025-09-29 22:00:00+00:00,4229.539,4233.43,4217.012,4229.8305,0.121064187,4.0,4228.445098
2025-09-29 23:00:00+00:00,4229.47,4231.16,4215.0,4217.556,0.52368814,10.0,4224.902579
2025-09-30 00:00:00+00:00,4220.862,4242.31,4199.32,4207.695,0.056319,4.0,4217.243669
2025-09-30 01:00:00+00:00,4205.635,4229.709,4195.395,4206.281,0.0,0.0,4206.8675
2025-09-30 02:00:00+00:00,4203.47,4214.25,4201.03,4202.435,0.003900103,1.0,4209.29
2025-09-30 03:00:00+00:00,4205.7,4210.4,4193.609,4201.805,0.0023,1.0,4205.7
2025-09-30 04:00:00+00:00,4199.52,4203.095,4191.57,4191.57,0.19786948,2.0,4197.438132
2025-09-30 05:00:00+00:00,4189.95,4197.275,4174.19,4187.75,0.055699898,2.0,4180.836777
2025-09-30 06:00:00+00:00,4190.7,4203.9465,4182.419,4193.38,1.065911292,13.0,4191.939847
2025-09-30 07:00:00+00:00,4194.387,4207.7775,4177.93,4182.685,0.0,0.0,4194.387
2025-09-30 08:00:00+00:00,4184.815,4185.097,4172.884,4173.515,1.838283592,5.0,4181.080841
2025-09-30 09:00:00+00:00,4172.605,4178.24,4139.170017241,4143.342,1.257690412,7.0,4172.825971
2025-09-30 10:00:00+00:00,4140.494,4166.395,4140.010017241,4160.7615,3.5,1.0,4140.494
2025-09-30 11:00:00+00:00,4162.4035,4170.735,4151.6495,4168.554,0.023216603,1.0,4159.464
2025-09-30 12:00:00+00:00,4166.175,4179.73,4158.535,4160.015,0.005351,3.0,4171.73772
2025-09-30 13:00:00+00:00,4158.0,4178.0755,4142.487,4155.675,0.834663806,6.0,4161.325706
2025-09-30 14:00:00+00:00,4158.765,4165.0,4119.7325,4151.2075,2.679050335,12.0,4142.74456
2025-09-30 15:00:00+00:00,4147.3505,4150.511,4097.85,4121.2,2.644971016,11.0,4121.860426
2025-09-30 16:00:00+00:00,4119.02,4128.245,4093.4655,4100.2355,1.204294123,12.0,4119.625381
2025-09-30 17:00:00+00:00,4097.903,4111.73,4095.8,4100.3125,1.137688549,16.0,4100.312745
2025-09-30 18:00:00+00:00,4098.523,4119.149,4094.385,4116.38,0.23581435,3.0,4116.48398
2025-09-30 19:00:00+00:00,4113.66,4168.506,4111.5995,4162.125,1.922498115,58.0,4157.508612
2025-09-30 20:00:00+00:00,4164.835,4197.5855,4150.961,4195.261,0.586639948,22.0,4174.100412
2025-09-30 21:00:00+00:00,4198.385,4202.0215,4154.094,4154.094,0.121308344,2.0,4167.769891
2025-09-30 22:00:00+00:00,4156.58,4170.9585,4133.009,4142.59,0.06,1.0,4137.13
2025-09-30 23:00:00+00:00,4139.95,4146.85,4120.39,4146.85,0.017581385,9.0,4123.266038
2025-10-01 00:00:00+00:00,4149.16,4152.61,4126.7,4147.98,0.062427006,2.0,4135.790104
2025-10-01 01:00:00+00:00,4149.8035,4172.415,4143.2055,4171.8655,0.240611282,3.0,4149.556042
2025-10-01 02:00:00+00:00,4169.78,4173.0,4154.98,4156.095,0.202956058,3.0,4172.831491
2025-10-01 03:00:00+00:00,4154.114,4154.114,4129.83,4129.83,0.120307,3.0,4136.89344
2025-10-01 04:00:00+00:00,4128.82,4156.6,4126.6,4140.731,0.008074857,7.0,4136.277405
2025-10-01 05:00:00+00:00,4142.7,4157.72,4141.542,4144.3345,0.023226342,1.0,4157.72
2025-10-01 06:00:00+00:00,4142.38,4146.4135,4124.39,4128.215,0.002337117,1.0,4131.954
2025-10-01 07:00:00+00:00,4126.395,4148.506,4126.1115,4148.506,0.221190773,5.0,4139.786926
2025-10-01 08:00:00+00:00,4147.15,4329.513,4144.4305,4291.6555,0.973297504,25.0,4241.843046
2025-10-01 09:00:00+00:00,4294.542,4320.674,4281.5695,4312.8445,3.36847723,13.0,4297.671204
2025-10-01 10:00:00+00:00,4309.589,4314.63,4281.7695,4282.7385,2.003349219,12.0,4294.761401
2025-10-01 11:00:00+00:00,4285.087,4306.341,4282.7385,4299.9115,0.981961727,5.0,4298.648209
2025-10-01 12:00:00+00:00,4302.001,4314.285,4282.0585,4286.812,0.024787747,3.0,4302.726297
2025-10-01 13:00:00+00:00,4284.077,4303.662,4282.66,4296.0,1.42151797,5.0,4296.409154
2025-10-01 14:00:00+00:00,4298.517,4340.0,4293.565,4325.3225,0.464418101,11.0,4326.219437
2025-10-01 15:00:00+00:00,4327.385,4345.42,4318.718,4331.0905,14.910843064,10.0,4339.142825
2025-10-01 16:00:00+00:00,4332.505,4346.197,4322.824,4327.1375,2.402401208,15.0,4335.437742
2025-10-01 17:00:00+00:00,4330.76,4335.464,4290.925,4295.625,0.737079984,8.0,4321.520279
2025-10-01 18:00:00+00:00,4297.545,4320.3085,4297.545,4310.7435,0.362108573,3.0,4311.189747
2025-10-01 19:00:00+00:00,4308.812,4343.836,4305.924,4336.239,1.659193707,78.0,4332.889984
2025-10-01 20:00:00+00:00,4334.7365,4340.085,4320.045,4335.812,0.110146385,8.0,4335.004029
2025-10-01 21:00:00+00:00,4334.31,4336.0275,4293.696,4308.105,0.087326933,4.0,4308.008261
2025-10-01 22:00:00+00:00,4310.05,4330.7015,4310.05,4313.745,0.0,0.0,4310.05
2025-10-01 23:00:00+00:00,4316.85,4357.217,4316.85,4350.17,0.10615628,3.0,4341.659369
2025-10-02 00:00:00+00:00,4352.04,4382.2965,4335.4605,4337.306,2.108924769,6.0,4362.313771
2025-10-02 01:00:00+00:00,4335.561,4402.146,4335.561,4396.591,0.1933955,5.0,4367.622244
2025-10-02 02:00:00+00:00,4399.634,4400.97,4369.2275,4389.6205,1.217114862,7.0,4380.581216
2025-10-02 03:00:00+00:00,4392.9,4401.59,4372.3625,4380.275,0.409928498,8.0,4395.31576
2025-10-02 04:00:00+00:00,4376.95,4387.051,4362.524,4376.8285,0.04674176,2.0,4367.273505
2025-10-02 05:00:00+00:00,4379.163,4399.1885,4372.88,4387.5055,8.179831818,4.0,4388.814203
2025-10-02 06:00:00+00:00,4388.44,4422.651,4376.92,4404.835,9.795922482,10.0,4403.121057
2025-10-02 07:00:00+00:00,4407.11,4411.35,4374.635,4377.1875,1.423947643,6.0,4383.64652
2025-10-02 08:00:00+00:00,4380.499,4395.73,4373.4165,4388.677,0.058985389,2.0,4387.838586
2025-10-02 09:00:00+00:00,4386.745,4398.1815,4382.5155,4392.8145,0.78951168,2.0,4395.874354
2025-10-02 10:00:00+00:00,4396.5215,4397.5985,4380.65,4382.935,0.006909701,1.0,4389.8
2025-10-02 11:00:00+00:00,4384.3545,4394.5905,4376.095,4383.5,0.668690142,3.0,4384.134799
2025-10-02 12:00:00+00:00,4381.115,4408.716,4381.115,4408.716,0.341954883,2.0,4399.391743
2025-10-02 13:00:00+00:00,4411.332,4420.81,4381.3935,4420.295,1.52581297,10.0,4404.709593
2025-10-02 14:00:00+00:00,4421.641,4423.97,4371.5615,4377.35,4.321511602,16.0,4392.775164
2025-10-02 15:00:00+00:00,4375.3655,4444.0,4341.343,4441.15,1.499595325,17.0,4374.300991
2025-10-02 16:00:00+00:00,4439.939,4473.56,4430.122,4452.85,5.302420765,28.0,4460.979485
2025-10-02 17:00:00+00:00,4456.0,4480.953,4443.4625,4470.05,1.148376882,10.0,4469.642738
2025-10-02 18:00:00+00:00,4471.715,4499.56,4469.4545,4491.734,0.583230244,6.0,4488.134638
2025-10-02 19:00:00+00:00,4488.6,4519.6095,4486.333,4499.35,2.091520323,51.0,4496.56799
2025-10-02 20:00:00+00:00,4501.3475,4503.306,4473.46,4494.18,2.268354456,11.0,4489.572624
2025-10-02 21:00:00+00:00,4492.0025,4499.115,4474.26,4474.26,1.510531947,2.0,4482.547122
2025-10-02 22:00:00+00:00,4473.46,4487.629,4460.9345,4466.6035,0.254026673,3.0,4482.540725
2025-10-02 23:00:00+00:00,4467.711,4490.5865,4467.711,4488.005,0.00178816,2.0,4484.227197
2025-10-03 00:00:00+00:00,4490.71,4490.71,4470.7,4472.937,0.20492475,4.0,4471.076994
2025-10-03 01:00:00+00:00,4473.9475,4481.345,4465.1185,4476.019,0.00345894,4.0,4473.962505
2025-10-03 02:00:00+00:00,4477.835,4517.1965,4477.835,4511.615,0.38456722,7.0,4485.01905
2025-10-03 03:00:00+00:00,4514.905,4562.14949,4497.245,4502.6,0.523812836,7.0,4540.987129
2025-10-03 04:00:00+00:00,4499.8,4511.026,4487.13,4499.777,0.11678452,5.0,4495.791719
2025-10-03 05:00:00+00:00,4501.438,4501.438,4472.758,4480.228,0.154926585,7.0,4489.349428
2025-10-03 06:00:00+00:00,4479.3815,4486.516,4463.0545,4475.139,0.04725853,3.0,4472.014477
2025-10-03 07:00:00+00:00,4472.73,4480.42,4459.7305,4464.8,0.109010374,5.0,4473.084297
2025-10-03 08:00:00+00:00,4466.92,4469.35,4431.036,4469.35,0.666005163,9.0,4445.76859
2025-10-03 09:00:00+00:00,4472.405,4482.355,4461.425,4476.0105,0.477873506,3.0,4476.069635
2025-10-03 10:00:00+00:00,4473.65,4497.915,4471.12,4492.55,0.386732756,11.0,4479.403102
2025-10-03 11:00:00+00:00,4491.5195,4493.445,4470.6745,4480.72,0.505378189,2.0,4490.443399
2025-10-03 12:00:00+00:00,4484.77,4495.8745,4476.7,4486.6365,1.195942917,5.0,4481.303672
2025-10-03 13:00:00+00:00,4484.608,4507.45,4459.029,4476.361,0.788677898,9.0,4490.968656
2025-10-03 14:00:00+00:00,4474.52,4492.37,4441.49,4486.315,3.49762764,12.0,4478.260645
2025-10-03 15:00:00+00:00,4482.7945,4544.745,4462.8495,4538.625,4.895668801,16.0,4500.205202
2025-10-03 16:00:00+00:00,4542.158,4594.47,4527.505,4527.505,1.706216687,30.0,4558.846606
2025-10-03 17:00:00+00:00,4524.034,4529.1855,4459.525,4474.2165,0.216248085,7.0,4494.532206
2025-10-03 18:00:00+00:00,4477.07,4515.345,4454.4395,4515.345,11.694354622,4.0,4495.667981
2025-10-03 19:00:00+00:00,4517.2,4545.22925,4507.335,4522.853,19.421930432,53.0,4533.520919
2025-10-03 20:00:00+00:00,4519.85,4545.982,4498.14,4536.76,0.355503386,9.0,4518.142983
2025-10-03 21:00:00+00:00,4538.745,4542.684,4520.165,4526.6275,0.245847055,5.0,4537.397546
2025-10-03 22:00:00+00:00,4529.31,4537.6,4527.2595,4532.1175,2.211165436,3.0,4532.306619
2025-10-03 23:00:00+00:00,4528.9,4532.1175,4510.581,4516.243,0.027086057,8.0,4523.137818
2025-10-04 00:00:00+00:00,4514.601,4519.88,4499.293,4503.52,0.015262075,3.0,4504.779329
2025-10-04 01:00:00+00:00,4503.955,4503.955,4473.624,4483.45,0.12477892,5.0,4493.207552
2025-10-04 02:00:00+00:00,4483.89,4493.546,4469.4355,4488.04,0.00821769,17.0,4485.181665
2025-10-04 03:00:00+00:00,4490.283,4492.0555,4473.16,4492.0555,0.124335815,13.0,4484.507419
2025-10-04 04:00:00+00:00,4489.697,4502.055,4484.87,4495.0645,0.357619344,2.0,4486.678492
2025-10-04 05:00:00+00:00,4498.764,4514.04,4498.764,4505.3725,1.37025597,3.0,4504.759972
2025-10-04 06:00:00+00:00,4508.823,4521.01,4505.6,4511.315,0.006751445,13.0,4515.167218
2025-10-04 07:00:00+00:00,4512.612,4517.3945,4498.8015,4501.299,0.002872512,2.0,4510.877843
2025-10-04 08:00:00+00:00,4503.519,4505.61,4488.925,4491.679,3.435716719,5.0,4496.279061
2025-10-04 09:00:00+00:00,4488.668,4505.6565,4487.015,4492.7465,1.788652382,3.0,4494.129068
2025-10-04 10:00:00+00:00,4494.085,4509.48,4486.0535,4489.605,0.482530156,2.0,4502.918807
2025-10-04 11:00:00+00:00,4491.25,4499.1,4484.775,4487.233,0.334933742,5.0,4494.886914
2025-10-04 12:00:00+00:00,4484.269,4490.8,4480.165,4483.228,0.007550374,2.0,4483.733953
2025-10-04 13:00:00+00:00,4484.9005,4510.875,4484.9005,4503.295,1.122229693,4.0,4505.714659
2025-10-04 14:00:00+00:00,4500.04,4513.579,4473.66,4473.66,0.007989815,4.0,4502.898849
2025-10-04 15:00:00+00:00,4471.45,4485.7625,4444.96,4456.4885,1.230172313,12.0,4455.15089
2025-10-04 16:00:00+00:00,4459.58,4471.4,4442.685,4468.0525,1.12752434,7.0,4459.964882
2025-10-04 17:00:00+00:00,4466.552,4479.35,4456.21,4466.871,0.084966093,3.0,4476.435611
2025-10-04 18:00:00+00:00,4464.982,4470.45,4453.5295,4456.464,0.013869591,2.0,4459.595512
2025-10-04 19:00:00+00:00,4458.319,4474.34,4458.319,4469.0895,0.196336484,30.0,4469.96924
2025-10-04 20:00:00+00:00,4472.05,4487.4905,4472.05,4478.02,0.0037,3.0,4480.292595
2025-10-04 21:00:00+00:00,4480.3155,4494.285,4480.3155,4488.085,0.0,0.0,4480.3155
2025-10-04 22:00:00+00:00,4490.155,4493.975,4484.195,4491.84,0.0023,1.0,4492.563
2025-10-04 23:00:00+00:00,4492.2195,4492.2195,4484.935,4489.5885,0.0,0.0,4492.2195
2025-10-05 00:00:00+00:00,4490.026,4495.28,4469.5355,4474.44,0.034583711,4.0,4495.011926
2025-10-05 01:00:00+00:00,4476.8,4491.625,4476.2075,4491.625,0.001772692,1.0,4482.9
2025-10-05 02:00:00+00:00,4487.935,4549.4960803468,4480.91,4549.4960803468,0.900449376,7.0,4486.303362
2025-10-05 03:00:00+00:00,4550.079160693605,4576.08,4533.465,4535.055,0.108089867,9.0,4566.595337
2025-10-05 04:00:00+00:00,4535.9745,4588.9565,4534.442,4576.2,0.168927905,5.0,4541.409945
2025-10-05 05:00:00+00:00,4579.25,4586.597,4558.0635,4567.985,4.123312146,3.0,4563.877759
2025-10-05 06:00:00+00:00,4569.32,4574.29,4554.693,4560.8715,0.304628758,3.0,4567.190055
2025-10-05 07:00:00+00:00,4559.25,4614.62,4559.25,4607.369,1.011710884,8.0,4586.327732
2025-10-05 08:00:00+00:00,4603.99,4618.2431700505,4586.73,4589.33,0.018887056,5.0,4602.245204
2025-10-05 09:00:00+00:00,4592.16,4592.16,4539.413,4548.1935,0.343373002,7.0,4585.038724
2025-10-05 10:00:00+00:00,4550.5505,4551.07,4524.6,4544.0315,2.359288131,4.0,4530.123862
2025-10-05 11:00:00+00:00,4542.665,4556.2065,4536.275,4550.59,0.325800846,2.0,4551.616131
2025-10-05 12:00:00+00:00,4547.965,4551.95,4530.9235,4530.9235,0.219746343,3.0,4535.720411
2025-10-05 13:00:00+00:00,4534.82,4544.465,4534.39,4540.49,0.00261801,1.0,4540.7
2025-10-05 14:00:00+00:00,4542.765,4550.65,4532.55,4538.02925,10.028261451,3.0,4548.28254
2025-10-05 15:00:00+00:00,4536.71975,4543.743,4528.875,4535.0,0.220495521,1.0,4535.2395
2025-10-05 16:00:00+00:00,4531.74,4541.99,4492.8165,4530.7565,0.47572926,10.0,4528.955525
2025-10-05 17:00:00+00:00,4531.799,4538.968,4504.472,4512.511,0.26704993,2.0,4535.009765
2025-10-05 18:00:00+00:00,4509.48,4525.78,4499.06,4520.215,1.035195868,5.0,4516.659624
2025-10-05 19:00:00+00:00,4518.2495,4518.2495,4484.8,4487.68,0.546668528,24.0,4497.178777
2025-10-05 20:00:00+00:00,4483.904,4510.745,4476.5555,4500.5435,1.167636763,1.0,4494.1
2025-10-05 21:00:00+00:00,4502.495,4509.6,4492.637,4506.9,0.221749157,1.0,4509.6
2025-10-05 22:00:00+00:00,4508.315,4520.73,4503.97,4511.417,0.0011,1.0,4520.73
2025-10-05 23:00:00+00:00,4514.362,4524.782,4511.417,4515.068,4.27274528,3.0,4524.769809
2025-10-06 00:00:00+00:00,4513.7435,4553.636,4491.2755,4500.697,0.202807093,4.0,4522.418963
2025-10-06 01:00:00+00:00,4498.205,4541.5,4492.8375,4529.815,0.654422798,6.0,4518.635307
2025-10-06 02:00:00+00:00,4532.1625,4551.648,4508.742,4541.305,0.764113,2.0,4520.719048
2025-10-06 03:00:00+00:00,4538.745,4544.132,4528.975,4539.415,0.085207547,4.0,4537.736755
2025-10-06 04:00:00+00:00,4538.79,4541.474,4521.26,4528.1225,0.047027751,4.0,4531.233623
2025-10-06 05:00:00+00:00,4530.52,4530.52,4510.75,4527.2845,0.247278918,4.0,4523.280652
2025-10-06 06:00:00+00:00,4529.39,4576.14,4529.39,4560.785,2.492195512,8.0,4562.639836
2025-10-06 07:00:00+00:00,4562.465,4578.4615,4532.505,4533.495,0.029698752,1.0,4575.3
2025-10-06 08:00:00+00:00,4535.43,4567.705,4535.43,4560.964,0.258350181,3.0,4542.778823
2025-10-06 09:00:00+00:00,4565.4085,4578.3,4564.7015,4575.528,0.221068557,3.0,4570.826475
2025-10-06 10:00:00+00:00,4578.49,4581.4,4557.389,4573.3735,5.800563687,7.0,4578.85336
2025-10-06 11:00:00+00:00,4570.95,4592.8545,4566.73,4574.9285,0.011227552,1.0,4566.73
2025-10-06 12:00:00+00:00,4572.7,4596.5,4572.7,4582.48,0.105223818,5.0,4588.098078
2025-10-06 13:00:00+00:00,4584.975,4641.874,4579.505,4638.868,5.031376314,45.0,4616.077145
2025-10-06 14:00:00+00:00,4635.336,4678.491,4632.8,4639.605,39.666175785,36.0,4651.212262
2025-10-06 15:00:00+00:00,4641.68,4696.33,4641.68,4676.0185,0.931840135,10.0,4682.040683
2025-10-06 16:00:00+00:00,4673.349,4686.158,4662.525,4682.459,1.588534134,11.0,4675.859104
2025-10-06 17:00:00+00:00,4685.118,4719.9560913705,4677.85,4696.9895,3.78530758,17.0,4693.900419
2025-10-06 18:00:00+00:00,4694.651,4717.744,4680.77,4715.96,4.02366444,8.0,4691.161695
2025-10-06 19:00:00+00:00,4714.005,4734.7375,4697.33,4725.418,4.368939844,77.0,4710.836991
2025-10-06 20:00:00+00:00,4723.3515,4740.5,4688.53,4693.0,0.345483516,9.0,4706.520208
2025-10-06 21:00:00+00:00,4695.29,4699.52,4675.585,4693.9145,6.299960998,4.0,4690.095388
2025-10-06 22:00:00+00:00,4696.8345,4708.2325,4684.3995,4700.379,0.456698369,4.0,4697.009002
2025-10-06 23:00:00+00:00,4702.8,4707.6,4685.297,4685.297,2.187175507,4.0,4703.658425
2025-10-07 00:00:00+00:00,4689.194,4695.048,4673.56375,4681.313,0.341160337,3.0,4689.302564
2025-10-07 01:00:00+00:00,4682.752,4702.1305,4666.985,4677.295,0.533394295,6.0,4684.693999
2025-10-07 02:00:00+00:00,4680.449,4692.812,4672.1495,4687.95,0.010052585,3.0,4679.27252
2025-10-07 03:00:00+00:00,4690.55,4699.7,4679.3,4692.85,0.023267167,44.0,4684.364239
2025-10-07 04:00:00+00:00,4690.335,4719.081,4682.485,4716.5705,0.041605054,2.0,4696.115872
2025-10-07 05:00:00+00:00,4718.0145,4732.758,4707.71,4714.3505,0.110808605,2.0,4727.048516
2025-10-07 06:00:00+00:00,4715.289,4721.285,4669.539,4671.94,1.700124718,11.0,4675.706745
2025-10-07 07:00:00+00:00,4670.8185,4685.065,4667.897,4680.28,0.414066249,6.0,4684.494101
2025-10-07 08:00:00+00:00,4677.57,4681.3745,4641.4365,4673.27,0.118306227,8.0,4650.730069
2025-10-07 09:00:00+00:00,4673.965,4684.9,4671.969,4682.9175,0.902472798,4.0,4678.779137
2025-10-07 10:00:00+00:00,4680.17,4699.8995,4678.116,4695.5665,0.203250419,4.0,4689.291064
2025-10-07 11:00:00+00:00,4697.55,4716.5785,4692.1,4712.899,0.260370182,5.0,4708.390945
2025-10-07 12:00:00+00:00,4709.3505,4749.565,4698.84,4749.565,1.0073974,8.0,4736.436448
2025-10-07 13:00:00+00:00,4751.6685,4757.935,4667.725,4707.778,6.141203858,16.0,4734.362481
2025-10-07 14:00:00+00:00,4710.5,4712.439,4593.9302379411,4597.185,0.470828152,15.0,4620.592295
2025-10-07 15:00:00+00:00,4598.6025,4607.774,4482.025,4515.6235,5.833752031,25.0,4566.094206
2025-10-07 16:00:00+00:00,4512.285,4526.1,4458.635,4502.138,1.55619009,13.0,4505.52382
2025-10-07 17:00:00+00:00,4500.0465,4509.081,4473.285,4476.045,0.923703292,10.0,4497.05077
2025-10-07 18:00:00+00:00,4474.35,4484.57,4451.0,4467.49,1.32269341,11.0,4472.90925
2025-10-07 19:00:00+00:00,4465.6,4497.6,4463.725,4479.255,6.554225481,53.0,4480.994532
2025-10-07 20:00:00+00:00,4483.49,4519.8,4483.49,4509.6635,0.36183552,10.0,4512.285543
2025-10-07 21:00:00+00:00,4507.745,4516.989,4483.75,4494.1,0.231960206,3.0,4488.28649
2025-10-07 22:00:00+00:00,4497.7,4511.3,4485.9645,4498.15,0.128962699,4.0,4499.354597
2025-10-07 23:00:00+00:00,4502.0075,4502.0075,4434.74,4449.89,0.198235898,4.0,4467.915404
2025-10-08 00:00:00+00:00,4447.7,4481.46,4439.014,4474.65,0.0,0.0,4450.2995
2025-10-08 01:00:00+00:00,4472.3,4492.084,4460.269,4485.795,0.089605076,3.0,4486.79214
2025-10-08 02:00:00+00:00,4482.953,4497.541,4476.725,4482.6,0.12675692,4.0,4494.928059
2025-10-08 03:00:00+00:00,4480.0085,4480.0085,4437.781,4446.585,0.530448092,6.0,4447.325716
2025-10-08 04:00:00+00:00,4444.095,4468.024,4416.9804988396,4463.89,0.623806027,6.0,4459.526038
2025-10-08 05:00:00+00:00,4462.2585,4462.2585,4423.9,4437.89,0.225428226,2.0,4430.439061
2025-10-08 06:00:00+00:00,4440.232,4458.5875,4427.2535,4457.56,1.216118389,4.0,4439.681184
2025-10-08 07:00:00+00:00,4455.205,4465.0685,4444.3875,4465.0685,0.215741836,5.0,4451.307526
2025-10-08 08:00:00+00:00,4468.54,4494.474,4461.045,4477.351,0.007012164,7.0,4469.65051
2025-10-08 09:00:00+00:00,4479.65,4486.36,4474.054,4485.6345,0.090426854,2.0,4485.263089
2025-10-08 10:00:00+00:00,4487.3675,4507.4,4482.5395,4502.595,2.905245786,4.0,4500.146899
2025-10-08 11:00:00+00:00,4506.29,4508.385,4483.476,4488.595,3.0797627,4.0,4492.414225
2025-10-08 12:00:00+00:00,4491.6165,4497.8195,4469.818,4477.0,0.04963262,4.0,4484.437716
2025-10-08 13:00:00+00:00,4480.3165,4489.14,4443.82,4479.6465,1.069400839,13.0,4473.535011
2025-10-08 14:00:00+00:00,4481.771,4523.4045,4440.1995,4450.02,1.112553354,16.0,4473.985306
2025-10-08 15:00:00+00:00,4447.88,4468.4,4438.635,4446.542,0.493973867,10.0,4453.694351
2025-10-08 16:00:00+00:00,4450.112,4499.196,4440.3,4496.45,0.6571222,16.0,4451.075277
2025-10-08 17:00:00+00:00,4499.59,4558.63,4493.255,4538.8045,0.315303701,10.0,4534.669692
2025-10-08 18:00:00+00:00,4541.3,4546.3,4513.896,4524.09,2.312402653,5.0,4528.060281
2025-10-08 19:00:00+00:00,4527.974,4527.987,4501.035,4516.07,1.632660393,38.0,4517.587632
2025-10-08 20:00:00+00:00,4519.34,4526.7,4501.411,4505.2515,0.966447625,7.0,4516.521651
2025-10-08 21:00:00+00:00,4508.163,4528.01,4503.6505,4526.36,0.082517879,4.0,4521.371833
2025-10-08 22:00:00+00:00,4524.9695,4538.605,4522.505,4525.106,0.017747058,2.0,4530.438603
2025-10-08 23:00:00+00:00,4523.18,4538.285,4510.454,4525.59,0.007565288,1.0,4529.2
2025-10-09 00:00:00+00:00,4528.28,4534.4,4509.616,4511.0,0.141890215,5.0,4519.804571
2025-10-09 01:00:00+00:00,4513.9,4513.984,4463.9,4479.7315,0.473220292,7.0,4482.088955
2025-10-09 02:00:00+00:00,4481.2975,4481.2975,4405.125,4416.534,2.834514392,11.0,4433.343721
2025-10-09 03:00:00+00:00,4417.4285,4455.213,4417.4285,4451.666,0.348205527,6.0,4446.317887
2025-10-09 04:00:00+00:00,4450.1,4459.7,4440.7,4454.859,0.030079283,5.0,4449.480691
2025-10-09 05:00:00+00:00,4457.8285,4459.7,4439.09475,4455.1355,0.341717974,4.0,4449.014564
2025-10-09 06:00:00+00:00,4454.0165,4454.0165,4424.7425,4429.39,0.333610557,4.0,4447.81719
2025-10-09 07:00:00+00:00,4431.6685,4437.7195,4411.55,4427.5245,0.109983069,3.0,4426.113107
2025-10-09 08:00:00+00:00,4424.5025,4425.8325,4322.71,4327.895,0.634547908,20.0,4349.411947
2025-10-09 09:00:00+00:00,4330.149,4356.113,4328.56,4335.072,1.149477842,5.0,4344.003561
2025-10-09 10:00:00+00:00,4332.75,4360.3,4326.11,4358.2575,1.67405422,7.0,4350.497973
2025-10-09 11:00:00+00:00,4360.515,4386.2,4356.417,4374.152,0.219218018,6.0,4374.949724
2025-10-09 12:00:00+00:00,4373.0,4411.9634,4373.0,4406.1755,1.425985843,23.0,4394.212582
2025-10-09 13:00:00+00:00,4409.051,4409.051,4350.5775,4352.12,1.463696471,18.0,4380.149594
2025-10-09 14:00:00+00:00,4350.117,4375.3465,4309.155,4345.925,38.13629719,16.0,4359.120883
2025-10-09 15:00:00+00:00,4349.21,4363.4835,4294.35,4319.70375,0.1777784,9.0,4314.871761
2025-10-09 16:00:00+00:00,4317.89075,4328.76,4267.401,4278.7035,2.582334746,16.0,4304.265649
2025-10-09 17:00:00+00:00,4276.425,4338.495,4273.149,4337.96,7.079017444,16.0,4298.246298
2025-10-09 18:00:00+00:00,4339.1355,4342.33,4303.9165,4311.9085,0.713952656,8.0,4322.857414
2025-10-09 19:00:00+00:00,4313.301,4345.83,4313.301,4342.6395,2.418808334,64.0,4331.973108
2025-10-09 20:00:00+00:00,4339.18,4347.5,4332.364,4338.303,0.389819789,15.0,4341.607699
2025-10-09 21:00:00+00:00,4340.78,4361.8,4338.0895,4358.3025,0.181778112,16.0,4355.874069
2025-10-09 22:00:00+00:00,4361.215,4383.91,4355.788,4380.9075,0.745573224,5.0,4372.032605
2025-10-09 23:00:00+00:00,4383.625,4383.625,4361.153,4368.1675,0.009268443,2.0,4374.622089
2025-10-10 00:00:00+00:00,4370.815,4385.8,4365.95,4381.295,0.077882257,3.0,4385.303779
2025-10-10 01:00:00+00:00,4383.19,4395.658,4374.765,4377.439,0.184542709,6.0,4389.941698
2025-10-10 02:00:00+00:00,4379.964,4382.844,4353.285,4360.297,0.330674762,3.0,4381.020537
2025-10-10 03:00:00+00:00,4363.094,4394.5,4346.175,4351.547,0.345009684,9.0,4372.987933
2025-10-10 04:00:00+00:00,4349.81,4362.18,4335.4,4345.033,0.016261704,4.0,4347.884334
2025-10-10 05:00:00+00:00,4343.44,4374.365,4330.076,4369.495,0.245463901,5.0,4339.156577
2025-10-10 06:00:00+00:00,4372.49,4377.265,4324.96,4331.245,0.021751725,5.0,4365.681463
2025-10-10 07:00:00+00:00,4328.65,4337.81,4316.914,4324.651,0.295183101,8.0,4335.81979
2025-10-10 08:00:00+00:00,4327.315,4350.745,4316.005,4348.185,0.53974929,5.0,4343.758442
2025-10-10 09:00:00+00:00,4349.8,4356.37,4320.5,4323.325,0.489768797,8.0,4340.557882
2025-10-10 10:00:00+00:00,4324.955,4345.75,4324.955,4342.896,0.332486486,3.0,4327.316443
2025-10-10 11:00:00+00:00,4345.106,4351.0,4331.99,4345.661,0.020285218,6.0,4343.612186
2025-10-10 12:00:00+00:00,4348.82,4354.71,4336.926,4350.03,0.877240108,8.0,4350.534463
2025-10-10 13:00:00+00:00,4353.19,4390.395,4350.03,4357.382,4.383666127,7.0,4358.541788
2025-10-10 14:00:00+00:00,4360.33,4375.39,4279.723,4280.93,1.22830476,17.0,4344.373704
2025-10-10 15:00:00+00:00,4280.78,4283.587,4075.0365,4103.755,15.359587015,47.0,4210.685946
2025-10-10 16:00:00+00:00,4101.98,4141.22,4089.3575,4111.195,2.368904794,29.0,4119.441423
2025-10-10 17:00:00+00:00,4108.745,4112.275,4081.66,4096.6815,9.004781159,19.0,4104.170613
2025-10-10 18:00:00+00:00,4094.35,4102.48,4055.121,4055.121,10.999844341,15.0,4094.868074
2025-10-10 19:00:00+00:00,4053.8855,4065.0,3953.6985,3998.105,18.771824895,122.0,3997.097818
2025-10-10 20:00:00+00:00,3999.597,4025.4385,3852.65,3868.35,2.979786011,25.0,3978.128836
2025-10-10 21:00:00+00:00,3869.3865,3955.4183497535,3505.525,3955.4183497535,58.24257383,115.0,3774.872701
2025-10-10 22:00:00+00:00,3943.2082497535,4060.3945,3858.744,3873.35,18.594694743,44.0,3920.53289
2025-10-10 23:00:00+00:00,3874.74,3925.31,3818.002,3834.675,0.705752484,14.0,3853.974413
2025-10-11 00:00:00+00:00,3833.235,3886.9635,3814.131,3844.79,0.905600752,17.0,3853.146086
2025-10-11 01:00:00+00:00,3842.7955,3843.775,3735.64,3739.4855,5.253787267,16.0,3782.932225
2025-10-11 02:00:00+00:00,3739.255,3865.77,3733.98,3847.79,4.683162496,19.0,3828.707824
2025-10-11 03:00:00+00:00,3848.972,3852.2185,3762.44,3798.454,16.258605788,20.0,3799.130784
2025-10-11 04:00:00+00:00,3796.18,3824.7865,3787.5335,3824.22,4.067260089,9.0,3811.79056
2025-10-11 05:00:00+00:00,3826.55,3836.44,3771.52,3794.754,14.174917661,22.0,3785.778188
2025-10-11 06:00:00+00:00,3796.5095,3817.765,3779.96,3785.98,2.05222191,14.0,3802.580269
2025-10-11 07:00:00+00:00,3789.625,3789.625,3735.04,3762.547,9.734676679,26.0,3761.445087
2025-10-11 08:00:00+00:00,3764.72,3829.056,3754.725,3818.8,2.17110625,26.0,3808.250836
2025-10-11 09:00:00+00:00,3822.3,3852.3,3818.8,3834.7565,8.589804195,45.0,3829.274469
2025-10-11 10:00:00+00:00,3839.113,3862.4,3822.6,3836.7605,6.055369744,29.0,3831.052847
2025-10-11 11:00:00+00:00,3840.29,3845.251,3793.1935,3842.65,9.371504103,21.0,3814.204166
2025-10-11 12:00:00+00:00,3837.8,3852.3,3811.005,3827.9755,2.22409833,18.0,3833.222366
2025-10-11 13:00:00+00:00,3826.28,3837.32,3792.5305,3835.37,0.59492694,6.0,3812.619224
2025-10-11 14:00:00+00:00,3839.24,3839.24,3803.251,3819.46,0.637775199,11.0,3814.008827
2025-10-11 15:00:00+00:00,3822.0155,3857.6195,3820.8035,3830.89,1.97580917,14.0,3843.654792
2025-10-11 16:00:00+00:00,3829.9345,3851.895,3815.09,3823.737,0.221709182,15.0,3839.213934
2025-10-11 17:00:00+00:00,3824.414,3844.151,3818.195,3829.62,6.089326791,8.0,3828.536991
2025-10-11 18:00:00+00:00,3827.255,3830.6,3816.012,3820.622,5.863617998,12.0,3818.915337
2025-10-11 19:00:00+00:00,3824.443,3824.443,3737.67,3765.7095,15.720618228,94.0,3765.621515
2025-10-11 20:00:00+00:00,3763.1375,3769.7035,3667.66,3701.09,1.379969854,14.0,3742.098512
2025-10-11 21:00:00+00:00,3699.555,3744.825,3651.691,3742.016,0.770555806,11.0,3713.986075
2025-10-11 22:00:00+00:00,3742.765,3765.49,3730.136,3747.738,0.5788237,5.0,3744.473364
2025-10-11 23:00:00+00:00,3750.0515,3756.0,3737.42,3751.2355,0.014053657,1.0,3746.3
2025-10-12 00:00:00+00:00,3749.229,3766.1915,3701.431,3704.6225,0.614965308,4.0,3738.556409
2025-10-12 01:00:00+00:00,3703.795,3742.065,3700.4985,3722.406,0.035428477,5.0,3731.443954
2025-10-12 02:00:00+00:00,3721.0795,3751.745,3712.9105,3737.3,0.321791281,6.0,3733.235497
2025-10-12 03:00:00+00:00,3740.088,3821.215,3732.07,3785.6795,1.470692229,30.0,3786.395933
2025-10-12 04:00:00+00:00,3788.959,3827.12,3780.995,3805.215,2.914242016,30.0,3809.352635
2025-10-12 05:00:00+00:00,3808.03,3824.074,3800.8705,3811.12,0.41207349,24.0,3817.952362
2025-10-12 06:00:00+00:00,3815.04,3840.5,3808.5785,3837.145,0.618046844,25.0,3838.025385
2025-10-12 07:00:00+00:00,3840.09,3848.5355,3822.4535,3831.59,0.083414628,17.0,3839.913286
2025-10-12 08:00:00+00:00,3834.87,3852.1,3825.293,3825.293,2.259897944,21.0,3838.530757
2025-10-12 09:00:00+00:00,3828.451,3849.096,3809.20875,3844.9055,1.774089764,16.0,3828.140283
2025-10-12 10:00:00+00:00,3848.491,3867.675,3815.40675,3822.822,1.840482737,10.0,3828.902488
2025-10-12 11:00:00+00:00,3827.2,3834.4115,3817.65,3822.45,0.002670629,2.0,3827.021486
2025-10-12 12:00:00+00:00,3826.0,3850.55,3821.93,3834.755,0.816251256,14.0,3841.948706
2025-10-12 13:00:00+00:00,3838.46,3838.46,3797.57,3811.5075,0.106885812,5.0,3813.037524
2025-10-12 14:00:00+00:00,3814.656,4026.404,3811.5075,3977.073,2.585065058,27.0,3899.04017
2025-10-12 15:00:00+00:00,3979.0,4081.695,3971.54,4038.74,5.79066962,27.0,4004.785664
2025-10-12 16:00:00+00:00,4043.26,4169.6545,4038.6215,4109.462,4.076959593,29.0,4098.219508
2025-10-12 17:00:00+00:00,4113.7,4161.5165,4101.866,4130.223,25.660944367,17.0,4149.642977
2025-10-12 18:00:00+00:00,4134.505,4149.5525,4104.335,4114.32,0.695381264,8.0,4135.887026
2025-10-12 19:00:00+00:00,4118.7,4146.9,4109.83,4139.8075,7.011537395,76.0,4138.549156
2025-10-12 20:00:00+00:00,4144.315,4200.32,4130.25,4139.79,1.723039704,11.0,4150.213531
2025-10-12 21:00:00+00:00,4142.32,4167.21,4086.0415,4137.371,1.082352696,7.0,4137.134241
2025-10-12 22:00:00+00:00,4137.945,4156.975,4115.7715,4137.9745,0.391292801,7.0,4139.818932
2025-10-12 23:00:00+00:00,4141.759,4164.679,4115.009,4157.349,0.032970508,5.0,4140.650147
2025-10-13 00:00:00+00:00,4156.46,4190.805,4129.588,4143.71,1.137808938,6.0,4168.85821
2025-10-13 01:00:00+00:00,4141.325,4202.144,4131.272,4202.144,1.059457575,5.0,4161.359494
2025-10-13 02:00:00+00:00,4206.79,4223.932,4160.005,4161.9465,0.760389958,7.0,4193.978648
2025-10-13 03:00:00+00:00,4163.57,4173.265,4140.165,4143.252,0.083818886,5.0,4159.562038
2025-10-13 04:00:00+00:00,4146.238,4150.11,4118.27,4147.86,0.36029166,5.0,4129.600905
2025-10-13 05:00:00+00:00,4145.71,4145.71,4127.8825,4134.0125,3.737067332,5.0,4130.267411
2025-10-13 06:00:00+00:00,4137.9,4182.85,4121.9,4172.72,0.457770616,10.0,4165.127137
2025-10-13 07:00:00+00:00,4175.825,4201.1,4161.9,4180.054,0.236420587,3.0,4164.927392
2025-10-13 08:00:00+00:00,4177.5525,4197.6955,4170.1985,4178.455,1.193423422,5.0,4180.177058
2025-10-13 09:00:00+00:00,4175.765,4178.875,4147.555,4166.595,0.135643148,3.0,4170.354229
2025-10-13 10:00:00+00:00,4165.316,4170.3645,4143.334,4154.7175,0.127016458,3.0,4152.605213
2025-10-13 11:00:00+00:00,4153.6895,4157.2975,4048.9755,4085.2455,6.57241673,19.0,4095.51377
2025-10-13 12:00:00+00:00,4083.128,4135.615,4060.6845,4100.37,0.652011895,8.0,4119.140398
2025-10-13 13:00:00+00:00,4102.2525,4181.835,4098.633,4169.905,2.232387987,13.0,4135.39493
2025-10-13 14:00:00+00:00,4168.1495,4174.06,4085.95,4099.8115,0.92005101,9.0,4109.402348
2025-10-13 15:00:00+00:00,4101.975,4150.483,4097.465,4138.7925,0.37358898,5.0,4124.782668
2025-10-13 16:00:00+00:00,4142.32,4177.9445,4134.601,4170.61,0.280298764,16.0,4155.672406
2025-10-13 17:00:00+00:00,4169.297,4240.763,4161.817,4240.61,3.637460224,16.0,4196.559666
2025-10-13 18:00:00+00:00,4239.3255,4241.19,4204.075,4232.434,4.576073254,14.0,4224.278339
2025-10-13 19:00:00+00:00,4230.765,4278.86,4223.718,4254.909,1.511600543,74.0,4268.952314
2025-10-13 20:00:00+00:00,4258.0455,4294.275,4247.8,4292.063,0.891553485,12.0,4271.494638
2025-10-13 21:00:00+00:00,4289.455,4294.16,4258.298,4260.9965,2.94583659,29.0,4271.608825
2025-10-13 22:00:00+00:00,4265.273,4281.762,4253.225,4271.3305,0.818992484,30.0,4265.065856
2025-10-13 23:00:00+00:00,4271.3305,4273.137,4242.84,4244.9045,0.011335058,24.0,4251.343025
2025-10-14 00:00:00+00:00,4246.969,4266.813,4233.3,4246.005,0.82147319,21.0,4240.430475
2025-10-14 01:00:00+00:00,4250.21,4250.21,4209.02,4215.2,0.039569928,21.0,4221.570179
2025-10-14 02:00:00+00:00,4220.0,4220.0,4174.09,4177.9135,0.194732868,23.0,4205.363819
2025-10-14 03:00:00+00:00,4176.35,4176.35,4142.455,4157.325,0.097720786,26.0,4171.446956
2025-10-14 04:00:00+00:00,4160.3785,4164.27,4090.2515,4104.178,0.0895563,23.0,4123.467419
2025-10-14 05:00:00+00:00,4102.739,4129.427,4059.2,4072.602,1.379400274,23.0,4081.083188
2025-10-14 06:00:00+00:00,4068.2,4093.133,3972.13,4007.061,1.004513379,21.0,4002.304661
2025-10-14 07:00:00+00:00,4009.1225,4027.36,3973.08,3982.445,2.002903025,22.0,3997.38536
2025-10-14 08:00:00+00:00,3982.178,4014.189,3955.145,4000.3575,1.684724439,27.0,3972.875707
2025-10-14 09:00:00+00:00,3997.78,4017.025,3975.092,3989.2725,1.283170687,12.0,3999.682166
2025-10-14 10:00:00+00:00,3987.845,3987.845,3893.3,3945.3,22.440221347,23.0,3904.17444
2025-10-14 11:00:00+00:00,3949.189,3988.4165,3949.189,3974.7,2.149504604,10.0,3977.21003
2025-10-14 12:00:00+00:00,3976.754,3976.754,3934.17,3944.413,4.802591074,12.0,3956.429883
2025-10-14 13:00:00+00:00,3942.3715,3982.36,3900.05,3959.44,5.39004578,23.0,3954.005378
2025-10-14 14:00:00+00:00,3955.5,4019.37,3945.43,3972.23,8.38035708,41.0,3984.34512
2025-10-14 15:00:00+00:00,3973.03,4090.704,3953.645,4090.704,0.956775079,21.0,4000.88037
2025-10-14 16:00:00+00:00,4096.413,4158.941,4060.55,4099.395,1.76877333,27.0,4124.932642
2025-10-14 17:00:00+00:00,4097.1615,4143.25,4053.772,4105.231,1.128412282,18.0,4105.078175
2025-10-14 18:00:00+00:00,4109.262,4139.16,4097.0125,4122.89,22.143518789,10.0,4125.47834
2025-10-14 19:00:00+00:00,4126.81,4149.299,4048.0822032496,4104.798,3.923744088,49.0,4103.961781
2025-10-14 20:00:00+00:00,4107.03,4127.18,4077.135,4120.7385,0.150751646,12.0,4121.990364
2025-10-14 21:00:00+00:00,4124.46,4124.6,4095.1,4121.394,0.213087523,9.0,4118.226333
2025-10-14 22:00:00+00:00,4125.388,4138.05,4105.735,4121.25,0.030974,11.0,4124.198886
2025-10-14 23:00:00+00:00,4125.1,4144.653,4117.4,4125.8,0.6626403,15.0,4132.787129
2025-10-15 00:00:00+00:00,4130.5,4134.734,4096.16,4121.566,0.177544506,12.0,4102.61983
2025-10-15 01:00:00+00:00,4118.54,4121.877,4085.74,4115.318,0.367363334,14.0,4110.848368
2025-10-15 02:00:00+00:00,4118.736,4145.969,4109.36,4118.855,0.057094,7.0,4137.271878
2025-10-15 03:00:00+00:00,4121.904,4124.424,4063.173,4083.5055,0.201651368,11.0,4088.383733
2025-10-15 04:00:00+00:00,4085.3985,4124.896,4075.755,4118.7315,0.104412389,7.0,4099.760631
2025-10-15 05:00:00+00:00,4120.5345,4126.465,4096.775,4112.6855,0.088913433,2.0,4121.098978
2025-10-15 06:00:00+00:00,4117.141,4124.8965,4077.53,4121.251,0.020390458,3.0,4110.510267
2025-10-15 07:00:00+00:00,4119.115,4130.45,4107.025,4125.979,2.454508607,6.0,4129.534086
2025-10-15 08:00:00+00:00,4123.275,4216.92,4121.03,4182.545,0.912615641,17.0,4175.918414
2025-10-15 09:00:00+00:00,4178.29,4186.544,4142.83,4158.135,2.762387725,10.0,4163.90366
2025-10-15 10:00:00+00:00,4156.0125,4159.6845,4117.1735,4120.602,0.085304165,5.0,4136.484776
2025-10-15 11:00:00+00:00,4126.55,4134.502,4093.38,4104.168,1.204913049,5.0,4129.984687
2025-10-15 12:00:00+00:00,4101.695,4109.5265,4076.9775,4099.325,0.045588519,5.0,4082.372207
2025-10-15 13:00:00+00:00,4097.155,4105.32,4022.55,4058.035,0.185961927,11.0,4056.958534
2025-10-15 14:00:00+00:00,4056.4215,4103.969,4000.355,4012.95,5.05274474,12.0,4074.522738
2025-10-15 15:00:00+00:00,4010.597,4036.752,3963.5,3985.086,13.773197023,18.0,4000.549595
2025-10-15 16:00:00+00:00,3988.8,4006.7,3970.63,3977.44,12.525034108,28.0,3994.397017
2025-10-15 17:00:00+00:00,3977.2275,3999.6,3933.075,3995.3515,5.672565317,19.0,3952.222264
2025-10-15 18:00:00+00:00,3995.025,4013.16325,3972.7135,4011.60975,0.507214449,11.0,3997.957262
2025-10-15 19:00:00+00:00,4014.9495,4014.9495,3973.83,3985.24,5.253367371,36.0,3993.473517
2025-10-15 20:00:00+00:00,3986.99,3998.354,3939.815,3962.9225,0.125635274,7.0,3960.724956
2025-10-15 21:00:00+00:00,3963.835,3987.477,3932.25,3956.05,4.656740916,6.0,3943.821508
2025-10-15 22:00:00+00:00,3957.6185,3982.777,3955.418,3964.965,5.021806175,4.0,3977.597602
2025-10-15 23:00:00+00:00,3966.562,3994.935,3955.605,3986.805,0.039877647,2.0,3990.637868
2025-10-16 00:00:00+00:00,3988.983,3998.25,3979.5,3983.265,0.24928487,3.0,3987.324456
2025-10-16 01:00:00+00:00,3985.35,4012.36,3985.35,4010.439,0.180501621,4.0,4002.892588
2025-10-16 02:00:00+00:00,4012.47,4034.6,4001.5925,4033.6,0.12527216,7.0,4015.993065
2025-10-16 03:00:00+00:00,4032.13,4036.2645,4013.596,4015.34,0.0,0.0,4032.13
2025-10-16 04:00:00+00:00,4018.639,4033.6,3995.72,4001.769,0.306090459,4.0,4029.149749
2025-10-16 05:00:00+00:00,4002.95,4021.485,3985.375,3998.2395,0.012046413,1.0,4008.19
2025-10-16 06:00:00+00:00,4002.053,4048.2605,3992.29,4044.152,0.183559364,7.0,4031.116475
2025-10-16 07:00:00+00:00,4048.6,4048.6,3996.025,4004.968,0.0524,2.0,4005.928244
2025-10-16 08:00:00+00:00,4008.236,4008.236,3986.414,3996.34,0.288992047,4.0,3997.958063
2025-10-16 09:00:00+00:00,3997.95,4049.73,3944.8548497535,4032.069,0.460785888,11.0,4000.682571
2025-10-16 10:00:00+00:00,4036.038,4079.41,4031.825,4050.02,1.110081474,7.0,4071.219129
2025-10-16 11:00:00+00:00,4053.86,4064.195,4038.335,4064.136,0.002686,2.0,4052.597171
2025-10-16 12:00:00+00:00,4067.26,4085.819,4041.8,4056.495,0.006,2.0,4067.26
2025-10-16 13:00:00+00:00,4054.36,4069.783,4012.5875,4024.55,4.288236876,13.0,4033.615619
2025-10-16 14:00:00+00:00,4028.6,4059.84,3969.7,4016.82,4.921493675,26.0,4027.37049
2025-10-16 15:00:00+00:00,4019.8,4025.63,3895.1465,3909.6,1.240247255,22.0,3973.138468
2025-10-16 16:00:00+00:00,3907.955,3967.9075,3857.45,3965.9905,2.971725027,38.0,3896.692708
2025-10-16 17:00:00+00:00,3969.9,3969.9,3919.012,3922.825,0.65305464,5.0,3963.890316
2025-10-16 18:00:00+00:00,3923.6495,3923.6495,3880.477,3908.769,4.763745947,12.0,3888.268239
2025-10-16 19:00:00+00:00,3905.555,3914.26,3856.4075,3868.985,1.77429133,24.0,3884.195717
2025-10-16 20:00:00+00:00,3870.1815,3882.35,3827.6005,3852.2,2.413179577,16.0,3866.167052
2025-10-16 21:00:00+00:00,3854.225,3886.5,3842.385,3884.328,0.108671467,6.0,3877.80073
2025-10-16 22:00:00+00:00,3887.35,3889.055,3865.551,3866.75,0.052848371,1.0,3874.25
2025-10-16 23:00:00+00:00,3863.925,3898.185,3861.559,3895.95,0.423679274,5.0,3887.666347
2025-10-17 00:00:00+00:00,3899.9,3927.55,3890.3,3927.55,0.069112897,16.0,3908.388984
2025-10-17 01:00:00+00:00,3925.225,3948.75,3908.449,3920.725,0.26456953,5.0,3928.536671
2025-10-17 02:00:00+00:00,3919.424,3930.68,3905.875,3922.885,0.001683,1.0,3906.7
2025-10-17 03:00:00+00:00,3927.0055,3934.993,3920.4525,3934.993,0.036907458,2.0,3927.358803
2025-10-17 04:00:00+00:00,3932.46,3936.6885,3911.9205,3914.0,0.069541353,3.0,3929.860662
2025-10-17 05:00:00+00:00,3911.7915,3922.5925,3896.225,3896.225,0.112363699,3.0,3906.39087
2025-10-17 06:00:00+00:00,3897.5365,3905.345,3808.9,3820.2995,0.776204749,14.0,3848.188866
2025-10-17 07:00:00+00:00,3814.7055,3823.475,3758.02675,3758.83725,7.84900258,25.0,3778.7118
2025-10-17 08:00:00+00:00,3760.12,3763.393,3708.2125,3710.3875,7.059446711,42.0,3742.492456
2025-10-17 09:00:00+00:00,3709.448,3770.48,3699.435,3724.7375,2.259453126,21.0,3748.753609
2025-10-17 10:00:00+00:00,3726.275,3739.711,3677.2810344825,3723.5635,9.199710908,32.0,3712.995444
2025-10-17 11:00:00+00:00,3725.6855,3818.6,3719.751,3779.12,5.198732207,35.0,3770.423651
2025-10-17 12:00:00+00:00,3777.3635,3807.56,3771.222,3776.3025,0.524120654,9.0,3788.71425
2025-10-17 13:00:00+00:00,3777.255,3807.945,3741.7765,3789.367,1.54768104,15.0,3773.991661
2025-10-17 14:00:00+00:00,3786.9465,3799.127,3717.545,3750.15,1.661537728,18.0,3766.963559
2025-10-17 15:00:00+00:00,3751.22,3800.785,3747.92,3797.5655,2.544500121,9.0,3767.45691
2025-10-17 16:00:00+00:00,3801.8,3845.035,3781.97,3788.8,1.834230955,30.0,3822.806163
2025-10-17 17:00:00+00:00,3791.7175,3829.63,3781.37,3821.099,1.307934769,9.0,3792.024537
2025-10-17 18:00:00+00:00,3824.744,3848.85,3814.59,3835.6195,0.802494824,10.0,3828.826558
2025-10-17 19:00:00+00:00,3837.5,3851.9455,3815.857,3828.875,11.967600088,50.0,3827.921394
2025-10-17 20:00:00+00:00,3832.7,3863.995,3820.535,3858.255,0.156421882,10.0,3856.493211
2025-10-17 21:00:00+00:00,3861.3,3881.874365482,3855.85,3877.524,0.124031931,7.0,3868.439901
2025-10-17 22:00:00+00:00,3881.378,3881.674365482,3850.855,3856.8565,0.0025,1.0,3881.378
2025-10-17 23:00:00+00:00,3861.023,3861.023,3830.5725,3834.054,0.620493596,6.0,3844.293081
2025-10-18 00:00:00+00:00,3837.8,3847.73,3820.7115,3841.205,0.0052,2.0,3842.765
2025-10-18 01:00:00+00:00,3845.67,3879.281365482,3841.205,3871.454,0.09864823,4.0,3872.764103
2025-10-18 02:00:00+00:00,3874.808,3881.623,3848.45,3851.8605,0.010634469,3.0,3879.695393
2025-10-18 03:00:00+00:00,3855.471,3879.149865482,3851.8605,3871.79,0.0033,2.0,3860.372091
2025-10-18 04:00:00+00:00,3875.88,3875.88,3845.8,3847.229,0.190797857,2.0,3856.02659
2025-10-18 05:00:00+00:00,3848.858,3871.6,3844.91,3868.27,1.210916145,5.0,3854.370176
2025-10-18 06:00:00+00:00,3871.16,3877.506,3863.2,3874.303,0.511040879,6.0,3867.28361
2025-10-18 07:00:00+00:00,3877.506,3926.083,3874.303,3893.65,7.137868359,12.0,3897.292954
2025-10-18 08:00:00+00:00,3897.8,3905.023,3879.14,3879.14,1.003214,4.0,3886.435914
2025-10-18 09:00:00+00:00,3882.98,3888.593,3867.804,3878.859,0.051034051,7.0,3874.789194
2025-10-18 10:00:00+00:00,3881.9,3893.4,3863.765,3875.5525,2.125122919,8.0,3880.657916
2025-10-18 11:00:00+00:00,3878.414,3885.6,3870.296,3884.38,0.572111454,7.0,3882.132571
2025-10-18 12:00:00+00:00,3887.92,3893.7,3877.195,3884.73,0.575968547,5.0,3885.710303
2025-10-18 13:00:00+00:00,3887.96,3887.96,3858.5705,3866.411,0.123215,7.0,3877.914146
2025-10-18 14:00:00+00:00,3870.57,3882.045,3852.5,3875.73,0.129066124,4.0,3865.241453
2025-10-18 15:00:00+00:00,3879.66,3882.684,3866.5405,3879.85,0.00578,2.0,3874.966422
2025-10-18 16:00:00+00:00,3883.6,3884.845,3855.6175,3868.75,0.017634347,8.0,3883.18374
2025-10-18 17:00:00+00:00,3865.275,3895.475,3862.541,3894.0,0.026057244,5.0,3888.809838
2025-10-18 18:00:00+00:00,3896.45,3896.45,3885.55,3889.349,0.004856,3.0,3895.482125
2025-10-18 19:00:00+00:00,3893.0,3899.682,3884.297,3894.809,0.538031969,33.0,3896.936561
2025-10-18 20:00:00+00:00,3898.4,3911.2955,3888.7055,3888.9595,0.670228011,5.0,3892.773677
2025-10-18 21:00:00+00:00,3893.109,3897.105,3873.04,3895.996,0.003854,3.0,3888.27497
2025-10-18 22:00:00+00:00,3892.954,3897.7,3884.7,3887.5,0.002855,2.0,3896.083538
2025-10-18 23:00:00+00:00,3891.9,3891.9,3883.572,3888.895,0.002855,2.0,3891.76086
2025-10-19 00:00:00+00:00,3892.6,3893.273,3867.5785,3870.21925,0.047208242,3.0,3873.531142
2025-10-19 01:00:00+00:00,3869.48925,3877.2045,3858.9315,3874.824,0.051331418,4.0,3868.031178
2025-10-19 02:00:00+00:00,3876.549,3876.549,3868.9,3874.255,0.000258,1.0,3873.646
2025-10-19 03:00:00+00:00,3876.18,3905.75,3870.61,3905.225,0.05692941,5.0,3892.511349
2025-10-19 04:00:00+00:00,3905.75,3905.75,3894.8505,3902.6445,0.1014458,2.0,3903.945591
2025-10-19 05:00:00+00:00,3905.75,3922.945,3896.8745,3897.532,0.087948451,4.0,3912.662955
2025-10-19 06:00:00+00:00,3902.3,3904.44,3877.205,3882.77,0.099257134,3.0,3900.503591
2025-10-19 07:00:00+00:00,3881.28,3894.34,3879.3,3888.99,0.065684078,3.0,3889.346264
2025-10-19 08:00:00+00:00,3892.95,3955.145431472,3835.5195,3863.025,0.852615923,16.0,3917.705975
2025-10-19 09:00:00+00:00,3861.793,3928.725,3852.7,3914.8795,0.25331459,13.0,3892.662558
2025-10-19 10:00:00+00:00,3917.35,3950.505,3900.83,3930.8,0.379254814,9.0,3933.682465
2025-10-19 11:00:00+00:00,3935.0125,3952.95,3917.67,3925.835,0.671409742,7.0,3944.201687
2025-10-19 12:00:00+00:00,3929.27,3931.15,3910.243,3923.958,0.008258,4.0,3928.995067
2025-10-19 13:00:00+00:00,3928.0,3986.62225,3917.1295,3972.734,0.631614201,6.0,3968.756421
2025-10-19 14:00:00+00:00,3977.168,4000.4955,3958.225,3991.565,0.065768494,6.0,3988.082746
2025-10-19 15:00:00+00:00,3992.985,3994.745,3976.8495,3979.9205,0.114053094,2.0,3984.212471
2025-10-19 16:00:00+00:00,3978.167,3988.54,3960.407,3980.425,0.063056893,7.0,3973.107398
2025-10-19 17:00:00+00:00,3982.65,4028.54,3980.425,3994.522,1.619432087,9.0,4006.693162
2025-10-19 18:00:00+00:00,3998.81,4007.6335,3989.148,4003.5515,0.440225908,5.0,4003.209251
2025-10-19 19:00:00+00:00,3999.11,4005.56,3979.0,3988.736,0.923157045,49.0,3990.807827
2025-10-19 20:00:00+00:00,3987.413,4004.9,3980.06,4002.77,0.0,0.0,3987.413
2025-10-19 21:00:00+00:00,4000.517,4005.6065,3989.155,3999.485,0.0,0.0,4000.517
2025-10-19 22:00:00+00:00,4000.9465,4030.7845,3991.359,4024.05,0.050129111,2.0,4018.667651
2025-10-19 23:00:00+00:00,4021.83,4021.83,3973.83,3984.71,0.063473396,3.0,3987.427394
2025-10-20 00:00:00+00:00,3987.93,3987.93,3912.7155,3943.895,1.222962185,10.0,3929.180091
2025-10-20 01:00:00+00:00,3946.066,3954.628,3932.735,3940.037,0.354661912,3.0,3946.820313
2025-10-20 02:00:00+00:00,3938.4,3967.6655,3923.0175,3958.6895,0.00760379,1.0,3965.184
2025-10-20 03:00:00+00:00,3956.712,4036.5595,3950.704,4030.575,0.490385616,9.0,3977.632568
2025-10-20 04:00:00+00:00,4032.31,4056.025,4024.0,4056.025,3.456691367,18.0,4036.772907
2025-10-20 05:00:00+00:00,4047.22,4077.277,4044.911,4063.6,0.322938458,10.0,4070.370517
2025-10-20 06:00:00+00:00,4067.4,4084.4,4060.84,4076.7065,0.038779781,7.0,4078.844512
2025-10-20 07:00:00+00:00,4074.545,4078.3,4053.3,4057.293,0.089103053,5.0,4074.21451
2025-10-20 08:00:00+00:00,4061.469,4068.33438,4036.6075,4048.294,0.140771537,7.0,4047.431785
2025-10-20 09:00:00+00:00,4045.1735,4052.982,4037.1,4045.9995,0.079960449,3.0,4045.811387
2025-10-20 10:00:00+00:00,4047.93,4053.353,4022.8725,4027.8505,1.030372024,3.0,4049.561128
2025-10-20 11:00:00+00:00,4031.771,4041.61,4013.55,4037.9345,0.085304648,5.0,4026.547581
2025-10-20 12:00:00+00:00,4042.0,4043.969,4026.46,4039.6935,0.075189439,3.0,4036.375317
2025-10-20 13:00:00+00:00,4040.142,4045.05,4020.646,4039.6895,2.505045491,6.0,4033.008159
2025-10-20 14:00:00+00:00,4042.679,4047.565,4014.9,4038.595,1.176346782,11.0,4026.362515
2025-10-20 15:00:00+00:00,4040.445,4049.7795,4004.686,4004.686,4.567282692,8.0,4039.800428
2025-10-20 16:00:00+00:00,4002.908,4015.23,3923.6,3951.73,1.876708406,19.0,3978.690686
2025-10-20 17:00:00+00:00,3957.53,3966.625,3923.34,3951.38,0.047166886,5.0,3959.23344
2025-10-20 18:00:00+00:00,3948.73,3976.524,3947.4215,3976.524,4.661306225,4.0,3961.734342
2025-10-20 19:00:00+00:00,3980.35,3991.865,3961.33,3982.55,1.942186834,43.0,3979.18411
2025-10-20 20:00:00+00:00,3980.95,3998.92,3976.282,3998.67,0.062080963,2.0,3998.143451
2025-10-20 21:00:00+00:00,4002.23,4002.2655,3973.68,3977.245,0.000558,1.0,4002.23
2025-10-20 22:00:00+00:00,3979.2,3992.35,3971.1585,3990.35,0.004215273,1.0,3990.07
2025-10-20 23:00:00+00:00,3992.028,3993.89,3978.031,3981.085,0.0,0.0,3992.028
2025-10-21 00:00:00+00:00,3979.1755,3987.2195,3967.144,3974.506,1.012464736,4.0,3975.346233
2025-10-21 01:00:00+00:00,3972.15,3972.5055,3939.3755,3949.1695,0.05045727,1.0,3963.75
2025-10-21 02:00:00+00:00,3950.6505,3950.6505,3928.1415,3933.005,0.051149899,2.0,3938.769292
2025-10-21 03:00:00+00:00,3935.2105,3943.961,3925.2915,3926.7515,0.0,0.0,3935.2105
2025-10-21 04:00:00+00:00,3925.2215,3925.2215,3846.9225,3852.131,1.709007511,14.0,3875.503898
2025-10-21 05:00:00+00:00,3854.8685,3877.8,3843.454,3865.0865,0.458831182,8.0,3867.921887
2025-10-21 06:00:00+00:00,3865.1015,3893.498,3856.695,3889.4,0.469090543,5.0,3883.620273
2025-10-21 07:00:00+00:00,3887.137,3896.12,3876.922,3893.054,2.5,3.0,3893.568928
2025-10-21 08:00:00+00:00,3892.4225,3892.4225,3854.2,3869.28,0.131740332,3.0,3863.2444
2025-10-21 09:00:00+00:00,3868.115,3875.76,3859.0215,3864.97,0.067399527,2.0,3868.503265
2025-10-21 10:00:00+00:00,3867.2255,3894.213,3861.565,3884.755,0.266987924,6.0,3877.454758
2025-10-21 11:00:00+00:00,3885.7235,3897.67,3871.685,3892.15,4.048574356,6.0,3897.445786
2025-10-21 12:00:00+00:00,3896.5,3919.831,3879.1,3880.975,0.632629928,7.0,3909.148934
2025-10-21 13:00:00+00:00,3882.57,3900.085,3854.55,3868.15,0.939474744,11.0,3870.426108
2025-10-21 14:00:00+00:00,3870.79,4024.6,3866.955,4021.265,4.696188921,23.0,3968.595064
2025-10-21 15:00:00+00:00,4023.905,4086.35,3999.5,4083.235,0.919180416,24.0,4043.56269
2025-10-21 16:00:00+00:00,4084.21875,4111.01,4021.5945,4030.4445,3.408837925,20.0,4072.421968
2025-10-21 17:00:00+00:00,4035.5,4041.205,3967.775,4018.3605,0.386991201,15.0,4007.006798
2025-10-21 18:00:00+00:00,4016.4405,4024.9285,3979.4,4016.6915,2.803489345,16.0,3998.867148
2025-10-21 19:00:00+00:00,4014.099,4023.526,3996.2,3998.48,0.664901094,26.0,4011.951276
2025-10-21 20:00:00+00:00,4003.26,4003.26,3944.7955,3955.46,0.113109468,5.0,3975.333978
2025-10-21 21:00:00+00:00,3959.633,3969.04,3899.13,3947.968,0.307534217,9.0,3925.251473
2025-10-21 22:00:00+00:00,3951.336,3951.336,3895.4475,3902.854,0.0525,2.0,3914.626476
2025-10-21 23:00:00+00:00,3899.755,3912.415,3859.695,3874.195,4.942022812,6.0,3872.846129
2025-10-22 00:00:00+00:00,3871.78,3890.96,3825.6288121168,3844.7525,0.167787034,6.0,3841.760901
2025-10-22 01:00:00+00:00,3848.1,3875.87,3845.0485,3871.11,0.042536474,2.0,3857.911264
2025-10-22 02:00:00+00:00,3872.991,3878.7,3861.479,3865.902,0.004895,9.0,3875.075145
2025-10-22 03:00:00+00:00,3864.1525,3867.333,3844.154,3860.4885,0.137387255,2.0,3865.914975
2025-10-22 04:00:00+00:00,3864.677,3886.376,3859.95,3879.686,0.137890378,8.0,3874.874609
2025-10-22 05:00:00+00:00,3877.853,3883.395,3841.5915,3864.7,0.196827902,16.0,3858.281018
2025-10-22 06:00:00+00:00,3863.205,3871.65,3855.2,3855.2,0.295673952,5.0,3860.168454
2025-10-22 07:00:00+00:00,3854.19,3876.066,3844.5245,3870.183,1.030717136,7.0,3862.109021
2025-10-22 08:00:00+00:00,3869.4215,3869.4215,3847.9,3855.95,0.752515743,6.0,3865.228906
2025-10-22 09:00:00+00:00,3856.995,3860.89,3830.185,3837.482,0.27527379,5.0,3839.594477
2025-10-22 10:00:00+00:00,3835.425,3850.46,3825.1288121168,3825.1288121168,0.05037817,2.0,3833.748808
2025-10-22 11:00:00+00:00,3826.2823121168,3840.502,3777.0635,3830.095,0.776542517,10.0,3802.749688
2025-10-22 12:00:00+00:00,3828.65,3861.6,3824.345,3847.1615,0.073125225,6.0,3847.901885
2025-10-22 13:00:00+00:00,3849.975,3877.2405,3827.907,3876.28,0.463512366,10.0,3852.821066
2025-10-22 14:00:00+00:00,3874.2,3876.4405,3782.9975,3849.8405,0.255846918,9.0,3816.600688
2025-10-22 15:00:00+00:00,3851.811,3863.71,3792.4965,3842.8535,0.12472529,7.0,3835.790271
2025-10-22 16:00:00+00:00,3840.6825,3859.677,3816.742,3836.428,0.344298379,14.0,3832.902476
2025-10-22 17:00:00+00:00,3832.56,3843.1095,3796.63,3807.113,2.815349431,9.0,3824.427798
2025-10-22 18:00:00+00:00,3809.0705,3823.944,3793.7195,3801.988,0.49860096,14.0,3807.270817
2025-10-22 19:00:00+00:00,3804.68,3827.67,3785.9256157635,3805.125,2.996289528,62.0,3806.486834
2025-10-22 20:00:00+00:00,3806.178,3810.4505,3772.1855,3781.35,0.216704735,3.0,3797.956791
2025-10-22 21:00:00+00:00,3785.2,3785.2,3717.1,3745.8635,14.336723284,15.0,3745.913992
2025-10-22 22:00:00+00:00,3743.495,3763.52,3736.595,3751.785,0.005347361,1.0,3763.52
2025-10-22 23:00:00+00:00,3755.38,3814.81,3751.785,3806.45,0.237732844,19.0,3794.685413
2025-10-23 00:00:00+00:00,3804.76,3822.4335,3797.08,3815.925,0.547938591,5.0,3816.512051
2025-10-23 01:00:00+00:00,3818.19,3836.557,3813.69,3822.905,0.207150139,3.0,3830.318342
2025-10-23 02:00:00+00:00,3821.075,3834.808,3816.7405,3825.003,0.0,0.0,3821.075
2025-10-23 03:00:00+00:00,3829.0,3835.8605,3824.1935,3826.859,0.0026,1.0,3829.0
2025-10-23 04:00:00+00:00,3830.08,3853.3,3824.005,3836.47,0.09846697,5.0,3845.572182
2025-10-23 05:00:00+00:00,3840.5,3852.6,3836.35,3849.246,0.01041148,2.0,3849.578335
2025-10-23 06:00:00+00:00,3853.1,3897.29,3844.026,3894.055,25.004463629,11.0,3886.794628
2025-10-23 07:00:00+00:00,3898.589,3898.589,3872.7,3882.045,0.609919602,7.0,3880.925125
2025-10-23 08:00:00+00:00,3885.8,3908.45,3882.045,3887.566,1.347182911,7.0,3900.384992
2025-10-23 09:00:00+00:00,3892.0,3892.0855,3875.7345,3889.615,2.488562904,2.0,3884.407635
2025-10-23 10:00:00+00:00,3894.23,3906.463,3879.5565,3880.041,0.250672289,2.0,3891.223289
2025-10-23 11:00:00+00:00,3884.2,3888.233,3863.195,3863.4975,0.294238639,4.0,3871.232246
2025-10-23 12:00:00+00:00,3867.295,3867.295,3839.2,3854.6185,0.096692753,5.0,3855.458323
2025-10-23 13:00:00+00:00,3857.93,3867.7,3835.8975,3851.6175,0.067668788,6.0,3850.039518
2025-10-23 14:00:00+00:00,3854.103,3859.217,3810.41,3847.985,0.621699668,13.0,3831.607867
2025-10-23 15:00:00+00:00,3849.415,3887.13,3845.06,3876.6565,4.122446911,9.0,3855.044008
2025-10-23 16:00:00+00:00,3880.181,3935.891,3867.573,3920.21,0.219557651,15.0,3895.39844
2025-10-23 17:00:00+00:00,3919.9655,3927.62,3878.05,3922.55,0.516860952,20.0,3914.210743
2025-10-23 18:00:00+00:00,3926.4,3926.4,3862.2695,3871.181,0.141287587,7.0,3891.82647
2025-10-23 19:00:00+00:00,3875.472,3875.472,3849.614,3861.965,0.858850713,55.0,3866.89575
2025-10-23 20:00:00+00:00,3860.061,3860.061,3823.5135,3829.55,0.09198113,2.0,3838.669483
2025-10-23 21:00:00+00:00,3827.5,3837.895,3824.8935,3830.052,0.006482295,2.0,3837.124873
2025-10-23 22:00:00+00:00,3827.89,3855.0435,3827.89,3853.9,0.0,0.0,3830.4275
2025-10-23 23:00:00+00:00,3851.689,3858.5195,3847.706,3856.6895,0.0,0.0,3851.689
2025-10-24 00:00:00+00:00,3857.684,3877.879,3848.0135,3870.3325,0.67174362,6.0,3867.669281
2025-10-24 01:00:00+00:00,3872.031,3884.0,3859.49,3884.0,0.0,0.0,3872.031
2025-10-24 02:00:00+00:00,3887.7,3892.549,3874.1,3890.0945,0.053765863,3.0,3890.825141
2025-10-24 03:00:00+00:00,3890.7345,3892.549,3881.225,3890.0045,0.027291845,2.0,3892.206062
2025-10-24 04:00:00+00:00,3888.8245,3976.2505,3888.8245,3973.9955,0.310181263,15.0,3938.718319
2025-10-24 05:00:00+00:00,3975.0755,3988.96,3959.5065,3974.241,0.1,2.0,3977.656
2025-10-24 06:00:00+00:00,3978.498,3987.75,3965.97,3985.0475,0.165534612,5.0,3968.506288
2025-10-24 07:00:00+00:00,3983.58,3988.13,3936.625,3951.165,0.339896524,6.0,3969.13104
2025-10-24 08:00:00+00:00,3948.5055,3967.67,3933.486,3955.74,0.065420186,5.0,3965.741187
2025-10-24 09:00:00+00:00,3953.174,3967.5525,3951.0435,3959.195,0.265065594,3.0,3966.276224
2025-10-24 10:00:00+00:00,3955.75,3966.387,3950.0545,3958.61,0.010696446,4.0,3958.692807
2025-10-24 11:00:00+00:00,3962.8,3964.164,3929.4705,3946.805,0.331274482,6.0,3954.079404
2025-10-24 12:00:00+00:00,3948.47,4015.6265,3943.4245,3964.5565,0.173675307,8.0,3975.61835
2025-10-24 13:00:00+00:00,3962.597,3978.55,3919.8580788175,3947.975,0.154201105,6.0,3944.848415
2025-10-24 14:00:00+00:00,3946.49,3947.7,3894.6245,3903.939,0.82557674,10.0,3925.444795
2025-10-24 15:00:00+00:00,3908.6345,3931.198,3875.96,3889.5705,0.793982667,10.0,3894.175721
2025-10-24 16:00:00+00:00,3893.4,3893.8,3867.6,3890.377,0.060086448,15.0,3889.712361
2025-10-24 17:00:00+00:00,3891.25,3905.422,3877.594,3889.72,0.574836085,2.0,3887.475458
2025-10-24 18:00:00+00:00,3887.2735,3916.95,3885.932,3913.642,0.74980437,3.0,3916.781918
2025-10-24 19:00:00+00:00,3915.6485,3935.6,3915.6485,3926.3,1.185043586,28.0,3931.521968
2025-10-24 20:00:00+00:00,3928.675,3942.9945,3924.408,3938.265,0.14327649,3.0,3933.891696
2025-10-24 21:00:00+00:00,3939.4375,3946.5,3926.6915,3944.805,0.551961712,3.0,3941.499901
2025-10-24 22:00:00+00:00,3943.165,3943.9975,3932.55,3937.364,0.006268666,3.0,3941.938296
2025-10-24 23:00:00+00:00,3936.6165,3936.6165,3928.385,3935.2395,0.001598,1.0,3931.7
2025-10-25 00:00:00+00:00,3939.569,3939.569,3915.6825,3919.89,0.0058,2.0,3936.372793
2025-10-25 01:00:00+00:00,3921.05,3939.6855,3918.0745,3933.01,0.0,0.0,3921.05
2025-10-25 02:00:00+00:00,3935.085,3938.429,3927.15,3934.5185,0.046719694,3.0,3933.733098
2025-10-25 03:00:00+00:00,3935.66,3935.66,3922.35,3922.85,0.0,0.0,3935.66
2025-10-25 04:00:00+00:00,3923.726,3935.05,3922.181,3924.8595,0.093909633,3.0,3929.081382
2025-10-25 05:00:00+00:00,3928.719,3936.76,3922.545,3932.144,0.259865246,4.0,3928.692538
2025-10-25 06:00:00+00:00,3933.5315,3939.4,3928.113,3929.6225,0.108733467,6.0,3937.288789
2025-10-25 07:00:00+00:00,3929.78,3956.0345,3925.4,3928.75,0.320763085,4.0,3936.045188
2025-10-25 09:00:00+00:00,3955.2755,3955.2755,3941.81,3942.864,0.122495133,1.0,3948.04
2025-10-25 10:00:00+00:00,3944.609,3947.955,3933.865,3943.515,0.385710072,2.0,3937.648039
2025-10-25 11:00:00+00:00,3942.265,3947.03,3939.8695,3942.035,1.115810839,4.0,3945.459405
2025-10-25 12:00:00+00:00,3945.76,3956.0,3941.545,3953.8345,0.05981523,7.0,3951.965067
2025-10-25 13:00:00+00:00,3954.6345,3956.0365,3936.655,3944.107,0.05310886,2.0,3938.368162
2025-10-25 14:00:00+00:00,3943.8955,3948.56,3936.06,3940.105,0.003726848,1.0,3948.56
2025-10-25 15:00:00+00:00,3937.2275,3939.45,3928.015,3934.25,0.459596858,23.0,3935.970629
2025-10-25 16:00:00+00:00,3935.0225,3939.6,3928.203,3933.9905,0.015841792,8.0,3938.210023
2025-10-25 17:00:00+00:00,3934.235,3940.2405,3931.74,3935.65,0.354339935,3.0,3936.328453
2025-10-25 18:00:00+00:00,3935.253,3968.696,3929.46,3961.565,0.584133145,13.0,3938.6472
2025-10-25 19:00:00+00:00,3959.2,3965.45,3952.481,3957.61,0.708045068,31.0,3961.640517
2025-10-25 20:00:00+00:00,3959.01,3964.787,3943.9945,3943.9945,0.045337272,3.0,3961.602247
2025-10-25 21:00:00+00:00,3944.135,3952.709,3938.89,3952.709,0.389001135,5.0,3952.237266
2025-10-25 22:00:00+00:00,3952.55,3970.2,3949.461,3961.878,0.042686602,4.0,3963.974372
2025-10-25 23:00:00+00:00,3961.0,3965.5585,3950.925,3954.9325,0.0,0.0,3961.0
2025-10-26 00:00:00+00:00,3959.665,3965.785,3948.535,3951.5195,0.165885347,6.0,3959.105714
2025-10-26 01:00:00+00:00,3951.312,3956.115,3921.5135,3935.6165,0.139806574,4.0,3938.371932
2025-10-26 02:00:00+00:00,3933.3375,3940.8,3925.59,3931.1735,0.019603862,1.0,3940.8
2025-10-26 03:00:00+00:00,3928.8,3936.8815,3925.555,3931.51,0.001508,2.0,3928.067759
2025-10-26 04:00:00+00:00,3930.67,3940.425,3930.67,3940.425,0.010056961,3.0,3936.952816
2025-10-26 05:00:00+00:00,3939.7985,3950.9,3938.9985,3943.7005,0.007188758,4.0,3946.001221
2025-10-26 06:00:00+00:00,3944.245,3950.46,3936.9,3945.625,0.070757912,6.0,3946.76313
2025-10-26 07:00:00+00:00,3944.6505,3960.055,3942.253,3952.3375,0.044311312,6.0,3955.69456
2025-10-26 08:00:00+00:00,3952.8325,3962.3145,3948.22,3959.915,0.458181003,6.0,3949.478441
2025-10-26 09:00:00+00:00,3960.2045,4009.805,3956.5925,3988.82,0.3629688,19.0,3982.26949
2025-10-26 10:00:00+00:00,3985.9515,3990.9,3972.3,3983.809,0.252102742,18.0,3984.480552
2025-10-26 11:00:00+00:00,3987.8,4050.945969335,3975.247,4045.727,0.144026939,13.0,4013.948232
2025-10-26 12:00:00+00:00,4047.285969335,4077.6,4043.19,4072.04,0.943052707,21.0,4061.361952
2025-10-26 13:00:00+00:00,4073.631,4098.991,4063.205,4083.675,0.811844399,20.0,4094.705891
2025-10-26 14:00:00+00:00,4081.8775,4093.08,4064.595,4069.3475,1.701847241,11.0,4071.187007
2025-10-26 15:00:00+00:00,4066.956,4079.398,4060.1015,4075.075,0.846270697,12.0,4068.395998
2025-10-26 16:00:00+00:00,4072.915,4077.4,4049.06,4056.55,6.17829056,9.0,4066.923227
2025-10-26 17:00:00+00:00,4057.7445,4071.065989847,4053.54,4060.467,0.008302252,1.0,4071.06599
2025-10-26 18:00:00+00:00,4063.93,4080.1,4058.18,4072.619,0.330170053,9.0,4072.663679
2025-10-26 19:00:00+00:00,4076.688,4076.688,4061.4,4066.35,0.464122826,35.0,4063.569769
2025-10-26 20:00:00+00:00,4067.8,4072.7,4056.3,4062.888,0.035096422,6.0,4068.975167
2025-10-26 21:00:00+00:00,4063.704,4093.295,4055.025,4079.184,0.044614761,5.0,4079.769395
2025-10-26 22:00:00+00:00,4082.057,4171.635,4082.057,4158.9685,1.417187199,31.0,4139.992543
2025-10-26 23:00:00+00:00,4162.7245,4173.957,4149.259,4159.398125,0.032728486,5.0,4163.815769
2025-10-27 00:00:00+00:00,4160.401125,4188.832487309,4149.296,4170.62,0.130605492,8.0,4176.547044
2025-10-27 01:00:00+00:00,4169.3,4205.19,4168.9945,4193.185,0.869993883,10.0,4197.294389
2025-10-27 02:00:00+00:00,4195.39,4217.38,4184.1435,4204.2885,0.200737525,17.0,4204.762801
2025-10-27 03:00:00+00:00,4207.67,4221.9301269035,4196.526,4204.6385,0.411919146,13.0,4210.841624
2025-10-27 04:00:00+00:00,4206.815,4220.3,4193.7,4213.5115,1.174080994,9.0,4204.605414
2025-10-27 05:00:00+00:00,4213.25,4254.9175,4206.07,4234.49375,3.572117386,15.0,4229.745537
2025-10-27 06:00:00+00:00,4233.575,4245.756315,4223.3975,4233.359,0.258932813,3.0,4231.182286
2025-10-27 07:00:00+00:00,4234.51625,4246.97,4199.149,4201.0595,0.139133736,3.0,4221.321256
2025-10-27 08:00:00+00:00,4200.1,4201.91,4157.3225,4167.3315,0.166504047,8.0,4186.380269
2025-10-27 09:00:00+00:00,4171.063,4171.4705,4154.36,4159.84,0.927762988,14.0,4156.193142
2025-10-27 10:00:00+00:00,4164.81,4175.1,4156.8305,4167.655,0.016214678,4.0,4168.147296
2025-10-27 11:00:00+00:00,4169.7865,4174.89,4133.4,4160.309,0.320934801,7.0,4147.299504
2025-10-27 12:00:00+00:00,4158.0655,4165.085,4140.1895,4146.092,4.260309146,11.0,4144.56064
2025-10-27 13:00:00+00:00,4144.3215,4186.159375,4128.2945,4178.056,0.37877562,10.0,4151.113488
2025-10-27 14:00:00+00:00,4180.67,4182.6,4125.54,4148.0665,0.961914169,15.0,4151.825476
2025-10-27 15:00:00+00:00,4150.375,4176.355,4150.375,4173.0855,0.055443199,4.0,4170.969852
2025-10-27 16:00:00+00:00,4177.36,4216.785,4170.461,4214.175,1.578022773,22.0,4193.592944
2025-10-27 17:00:00+00:00,4212.211,4225.9,4200.3745,4222.75,17.959535603,10.0,4211.557026
2025-10-27 18:00:00+00:00,4220.9205,4233.902,4209.317,4216.8,0.238492515,12.0,4225.320247
2025-10-27 19:00:00+00:00,4215.58,4219.79,4185.9825,4193.762,2.277187802,80.0,4203.230433
2025-10-27 20:00:00+00:00,4187.9865,4187.9865,4129.325,4129.325,0.174716446,9.0,4150.912396
2025-10-27 21:00:00+00:00,4126.65675,4139.4,4098.28075,4115.529,0.067954538,6.0,4122.868269
2025-10-27 22:00:00+00:00,4112.535,4146.482,4110.78,4122.87,0.007549925,3.0,4140.552901
2025-10-27 23:00:00+00:00,4121.25,4128.1,4103.7555,4121.525,0.373863087,7.0,4115.707399
2025-10-28 00:00:00+00:00,4117.535,4134.2945,4107.0825,4115.25,0.061772,3.0,4119.237284
2025-10-28 01:00:00+00:00,4117.855,4140.8375,4117.855,4135.8,0.00870782,3.0,4132.238274
2025-10-28 02:00:00+00:00,4138.499,4143.37,4077.255,4095.333,0.066722671,4.0,4097.179951
2025-10-28 03:00:00+00:00,4093.9025,4101.0,4072.325,4094.492,0.007764599,3.0,4091.774749
2025-10-28 04:00:00+00:00,4092.365,4106.7075,4089.655,4099.61,0.117694853,1.0,4102.5
2025-10-28 05:00:00+00:00,4103.3,4105.005,4067.589,4067.69,0.245007352,8.0,4093.38678
2025-10-28 06:00:00+00:00,4069.55,4115.9,4069.55,4112.978,0.576632672,13.0,4105.119071
2025-10-28 07:00:00+00:00,4117.356,4127.894,4112.0345,4118.935,0.012506755,6.0,4121.307684
2025-10-28 08:00:00+00:00,4120.924,4136.72,4111.0335,4124.2995,0.676009718,4.0,4119.108892
2025-10-28 09:00:00+00:00,4126.7295,4128.15,4105.845,4124.9365,1.472630955,5.0,4121.472758
2025-10-28 10:00:00+00:00,4122.0825,4127.3,4108.9,4116.775,0.337266772,7.0,4115.968917
2025-10-28 11:00:00+00:00,4115.5215,4126.065,4110.3695,4113.115,0.237106465,7.0,4121.099889
2025-10-28 12:00:00+00:00,4110.839,4125.96969,4098.352,4120.0305,0.184106368,6.0,4107.126275
2025-10-28 13:00:00+00:00,4123.065,4166.8975,4123.065,4158.368,1.256834773,12.0,4154.906923
2025-10-28 14:00:00+00:00,4156.12,4174.521,4073.86,4117.6,1.243778966,19.0,4135.831177
2025-10-28 15:00:00+00:00,4119.9,4139.675,4087.094,4097.468,0.515356616,7.0,4127.951803
2025-10-28 16:00:00+00:00,4094.85,4143.397,4094.85,4136.523,0.152697639,14.0,4115.84863
2025-10-28 17:00:00+00:00,4140.72,4144.417,4124.31,4140.9225,1.488008987,8.0,4138.367476
2025-10-28 18:00:00+00:00,4145.09,4145.987,4105.705,4114.998,0.097573237,5.0,4111.169537
2025-10-28 19:00:00+00:00,4117.689,4122.4,4026.106,4040.0505,5.418522815,87.0,4048.729762
2025-10-28 20:00:00+00:00,4041.058125,4043.42,3962.4715,3980.405,1.211413988,15.0,4015.28069
2025-10-28 21:00:00+00:00,3977.76,4052.8435,3935.436,3983.2095,3.503897492,16.0,3950.553066
2025-10-28 22:00:00+00:00,3980.795,3999.484,3974.0535,3995.8,0.010931,2.0,3994.213066
2025-10-28 23:00:00+00:00,3993.104,3993.104,3978.705,3980.7895,0.176380719,3.0,3987.81214
2025-10-29 00:00:00+00:00,3978.6905,3992.355,3970.795,3973.098,0.000319,1.0,3988.7
2025-10-29 01:00:00+00:00,3975.668,4008.761,3967.3955,3984.645,0.033354864,1.0,3972.778
2025-10-29 02:00:00+00:00,3986.3685,4009.96,3981.45,4004.1705,1.045249562,6.0,4002.381139
2025-10-29 03:00:00+00:00,4008.241,4008.241,3986.9,3997.8585,0.014465878,5.0,3998.967658
2025-10-29 04:00:00+00:00,3999.165,4024.561,3996.5755,4016.353,0.018116168,9.0,4011.684023
2025-10-29 05:00:00+00:00,4014.805,4036.1415,4014.2,4028.385,0.05110578,7.0,4031.090407
2025-10-29 06:00:00+00:00,4025.85,4036.759,4018.892,4024.56,0.000723658,2.0,4030.417201
2025-10-29 07:00:00+00:00,4025.4985,4036.009,4014.4205,4026.624,0.538166191,9.0,4027.795901
2025-10-29 08:00:00+00:00,4024.66,4027.134,4004.915,4007.2925,0.143453384,5.0,4019.819796
2025-10-29 09:00:00+00:00,4010.582,4010.582,3993.2315,3998.845,0.036896529,4.0,4007.173395
2025-10-29 10:00:00+00:00,4000.7,4008.4,3993.88,3993.88,0.060659445,4.0,4004.31937
2025-10-29 11:00:00+00:00,3993.16,4020.6,3986.128,4013.15,0.591920888,8.0,4011.583944
2025-10-29 12:00:00+00:00,4015.694,4023.4,4003.39,4015.255,0.135271364,5.0,4017.723606
2025-10-29 13:00:00+00:00,4017.4305,4030.65,3986.76,3995.2935,1.186997801,7.0,3994.072469
2025-10-29 14:00:00+00:00,3997.1355,4001.41,3974.77,3988.9935,1.123233451,15.0,3994.434975
2025-10-29 15:00:00+00:00,3991.645,3992.8705,3945.1825,3951.316,0.59833182,13.0,3970.380158
2025-10-29 16:00:00+00:00,3948.36,3977.4,3926.4175,3962.5765,0.703824852,26.0,3956.101093
2025-10-29 17:00:00+00:00,3963.853,4015.0925,3957.43,4015.0925,3.390984905,16.0,3975.076573
2025-10-29 18:00:00+00:00,4012.069,4016.2,3845.1322660095,3919.0435,2.068791198,27.0,3923.842566
2025-10-29 19:00:00+00:00,3923.05,3960.82,3889.633,3904.169,5.360710518,60.0,3918.361161
2025-10-29 20:00:00+00:00,3906.747,3957.294,3890.57,3950.7745,5.291209158,14.0,3906.312235
2025-10-29 21:00:00+00:00,3953.395,3962.628,3932.075,3956.066,0.006112866,1.0,3949.4
2025-10-29 22:00:00+00:00,3958.221,3958.221,3934.2,3940.785,0.75237989,7.0,3949.45422
2025-10-29 23:00:00+00:00,3938.6275,3940.6,3875.48,3903.595,0.10067704,6.0,3912.030543
2025-10-30 00:00:00+00:00,3901.964,3923.037,3887.1275,3921.8,0.010975918,4.0,3905.115232
2025-10-30 01:00:00+00:00,3919.9645,3935.82,3907.27,3926.575,0.460373905,3.0,3935.724558
2025-10-30 02:00:00+00:00,3928.08,3944.265,3924.9115,3942.6575,0.04067834,11.0,3941.68972
2025-10-30 03:00:00+00:00,3941.4325,3949.418,3928.506,3935.0385,0.042746152,7.0,3943.682814
2025-10-30 04:00:00+00:00,3933.716,3933.716,3844.3822660095,3874.3925,0.117543959,10.0,3892.476599
2025-10-30 05:00:00+00:00,3873.6125,3923.585,3856.8745,3917.545,0.190529722,10.0,3879.636928
2025-10-30 06:00:00+00:00,3915.346,3926.0845,3898.2255,3915.306,1.12407238,3.0,3911.47562
2025-10-30 07:00:00+00:00,3913.31,3944.265,3909.19,3940.7705,2.571517446,14.0,3940.448725
2025-10-30 08:00:00+00:00,3938.53,3939.8205,3917.3435,3921.55,0.84945649,2.0,3928.331583
2025-10-30 09:00:00+00:00,3923.45,3923.45,3889.637,3899.4915,0.094052086,8.0,3903.191037
2025-10-30 10:00:00+00:00,3897.357,3906.141,3885.258,3892.7335,0.002463493,2.0,3896.380266
2025-10-30 11:00:00+00:00,3892.0165,3898.27,3879.1055,3881.915,0.446374265,5.0,3886.9671
2025-10-30 12:00:00+00:00,3883.3105,3883.915,3800.5,3819.795,3.561785417,13.0,3861.135396
2025-10-30 13:00:00+00:00,3817.8525,3839.8,3761.9575,3765.315,2.406292539,23.0,3801.559397
2025-10-30 14:00:00+00:00,3767.5745,3807.77,3767.5745,3803.715,7.712461603,25.0,3784.744751
2025-10-30 15:00:00+00:00,3801.45,3806.532,3757.219,3773.519,16.887413401,18.0,3789.749235
2025-10-30 16:00:00+00:00,3776.5,3803.237,3762.461,3781.0525,7.738279204,20.0,3780.473575
2025-10-30 17:00:00+00:00,3777.485,3781.4,3725.174,3769.7425,4.798075372,37.0,3741.234592
2025-10-30 18:00:00+00:00,3772.985,3772.985,3722.7355,3722.7355,1.7513593,19.0,3748.327199
2025-10-30 19:00:00+00:00,3724.106,3737.76,3684.8995320195,3689.455,15.693142518,80.0,3703.921311
2025-10-30 20:00:00+00:00,3687.9645320195,3757.71,3679.543,3755.0075,1.170261019,23.0,3712.94542
2025-10-30 21:00:00+00:00,3758.515,3785.0,3743.4,3772.9415,0.642841451,26.0,3762.587841
2025-10-30 22:00:00+00:00,3775.5275,3784.0015,3762.7,3784.0015,0.128877842,12.0,3777.002769
2025-10-30 23:00:00+00:00,3785.072,3806.8,3774.4925,3805.2105,0.124294178,18.0,3783.95286
2025-10-31 00:00:00+00:00,3801.85,3840.05,3797.277,3832.135,0.33159867,25.0,3806.034646
2025-10-31 01:00:00+00:00,3835.24,3860.115,3827.69,3846.01,0.033215918,11.0,3850.585693
2025-10-31 02:00:00+00:00,3849.92,3850.32,3807.2595,3820.365,0.310449696,15.0,3824.259475
2025-10-31 03:00:00+00:00,3823.93,3836.955,3812.59,3828.085,0.591509816,11.0,3833.65632
2025-10-31 04:00:00+00:00,3831.53,3868.854,3824.91,3862.865,0.077276716,6.0,3856.41742
2025-10-31 05:00:00+00:00,3866.23,3866.23,3845.845,3849.45,0.039133593,7.0,3860.442805
2025-10-31 06:00:00+00:00,3853.0,3853.0,3822.834,3830.88,0.68005851,6.0,3831.469681
2025-10-31 07:00:00+00:00,3834.3,3840.13,3822.5,3830.995,0.246794395,5.0,3833.468523
2025-10-31 08:00:00+00:00,3834.37,3853.487,3818.0,3850.856,0.606344802,9.0,3823.911846
2025-10-31 09:00:00+00:00,3854.165,3862.073,3840.105,3844.35,0.347706277,5.0,3846.505282
2025-10-31 10:00:00+00:00,3848.1,3851.8215,3832.7975,3834.9785,0.01835377,3.0,3843.467517
2025-10-31 11:00:00+00:00,3839.227,3879.917,3827.2715,3873.5755,0.343277119,7.0,3843.101941
2025-10-31 12:00:00+00:00,3877.8,3887.061,3834.5,3834.5,1.564322695,10.0,3862.641152
2025-10-31 13:00:00+00:00,3838.2,3871.155,3830.9665,3857.795,0.250404117,11.0,3850.688464
2025-10-31 14:00:00+00:00,3862.09,3870.8555,3839.025,3865.116,1.620014223,12.0,3859.684928
2025-10-31 15:00:00+00:00,3868.602,3881.77,3852.49,3860.179,0.425882779,12.0,3867.398437
2025-10-31 16:00:00+00:00,3858.787,3869.171,3814.7125,3821.3605,0.165848966,26.0,3855.399971
2025-10-31 17:00:00+00:00,3818.69,3833.642,3802.19,3826.1785,1.147464203,19.0,3825.246977
2025-10-31 18:00:00+00:00,3828.0,3865.376,3807.6725,3851.55,2.126513577,23.0,3849.819637
2025-10-31 19:00:00+00:00,3850.555,3903.6695,3835.581,3884.86,1.176369152,75.0,3888.752963
2025-10-31 20:00:00+00:00,3883.0,3890.2765,3853.5,3860.111,1.640988025,38.0,3871.25781
2025-10-31 21:00:00+00:00,3865.0,3865.0,3839.475,3860.44,0.040589145,16.0,3852.428276
2025-10-31 22:00:00+00:00,3864.52,3866.49,3850.7,3853.375,0.085964037,33.0,3860.490089
2025-10-31 23:00:00+00:00,3857.15,3859.205,3846.29,3846.29,0.042466064,29.0,3852.422022
2025-11-01 00:00:00+00:00,3849.349,3849.349,3829.3,3845.69,0.475510841,34.0,3842.238784
2025-11-01 01:00:00+00:00,3847.8775,3859.3425,3840.1,3843.136,0.073917315,31.0,3847.469879
2025-11-01 02:00:00+00:00,3840.2,3852.59,3831.24,3851.0735,4.066014425,25.0,3841.014365
2025-11-01 03:00:00+00:00,3854.477,3863.66,3845.7,3859.85,0.026492061,28.0,3856.154038
2025-11-01 04:00:00+00:00,3864.2,3869.93,3850.083,3863.575,0.126023235,21.0,3855.75421
2025-11-01 05:00:00+00:00,3866.88,3867.9,3852.53,3853.666,0.037292,18.0,3863.245063
2025-11-01 06:00:00+00:00,3857.3,3862.55,3848.2,3856.319,0.037713036,17.0,3857.238527
2025-11-01 07:00:00+00:00,3859.8,3866.5,3853.179,3860.12,1.07741159,23.0,3863.26126
2025-11-01 08:00:00+00:00,3863.583,3882.2945,3858.35,3882.2945,0.0525,3.0,3873.889667
2025-11-01 09:00:00+00:00,3886.1,3886.1,3871.1245,3872.616,0.274456806,6.0,3880.380033
2025-11-01 10:00:00+00:00,3876.032,3878.63,3867.95,3874.0385,0.039336524,5.0,3872.498416
2025-11-01 11:00:00+00:00,3877.777,3880.555,3868.235,3875.568,0.01791623,2.0,3880.167363
2025-11-01 12:00:00+00:00,3879.69,3882.1,3872.6,3874.519,0.010922297,5.0,3879.530228
2025-11-01 13:00:00+00:00,3878.238,3881.05,3857.3235,3869.2485,0.034287131,5.0,3876.799087
2025-11-01 14:00:00+00:00,3872.44,3875.775,3858.3465,3870.9385,0.029241112,6.0,3867.793738
2025-11-01 15:00:00+00:00,3874.0,3898.347,3870.9385,3892.9,0.0025,1.0,3874.0
2025-11-01 16:00:00+00:00,3891.45,3905.8625,3885.209,3891.32,0.054747474,6.0,3888.716818
2025-11-01 17:00:00+00:00,3890.1,3891.801,3863.28,3865.575,0.01245404,1.0,3877.0
2025-11-01 18:00:00+00:00,3862.643,3878.86,3862.643,3878.86,0.125070432,2.0,3868.560768
2025-11-01 19:00:00+00:00,3882.32,3882.32,3869.53,3879.125,0.658249853,29.0,3874.591879
2025-11-01 20:00:00+00:00,3881.8645,3890.7045,3878.839,3882.2475,0.011301,1.0,3882.9
2025-11-01 21:00:00+00:00,3879.4315,3883.967,3864.3,3866.279,0.093319454,17.0,3871.531724
2025-11-01 22:00:00+00:00,3869.9,3878.9,3858.79,3873.586,0.763838543,82.0,3867.836601
2025-11-01 23:00:00+00:00,3877.9,3877.9,3868.2265,3872.315,0.002758,2.0,3877.610007
2025-11-02 00:00:00+00:00,3876.63,3876.63,3861.551,3864.917,0.462411444,29.0,3870.197734
2025-11-02 01:00:00+00:00,3862.174,3876.46,3857.93,3872.0,0.030691643,25.0,3864.605544
2025-11-02 02:00:00+00:00,3870.01,3884.8615,3868.15,3879.5905,0.000257,1.0,3884.363
2025-11-02 03:00:00+00:00,3881.1315,3882.3,3876.187,3879.25,0.373111148,1.0,3882.3
2025-11-02 04:00:00+00:00,3877.195,3912.3385,3875.4275,3907.38,0.02,1.0,3908.225
2025-11-02 05:00:00+00:00,3905.439,3908.693,3895.046,3901.178,0.375014241,3.0,3905.942607
2025-11-02 06:00:00+00:00,3898.7835,3906.965,3890.359,3901.2375,0.332099206,4.0,3898.50351
2025-11-02 07:00:00+00:00,3899.3325,3914.59,3891.7065,3906.536,0.247346063,1.0,3904.191
2025-11-02 08:00:00+00:00,3908.253,3908.253,3891.68,3891.715,0.02339471,2.0,3897.73025
2025-11-02 09:00:00+00:00,3893.776,3905.845,3869.1,3872.1165,0.004120518,2.0,3901.206813
2025-11-02 10:00:00+00:00,3873.35,3873.35,3852.7305,3861.346,0.021787988,28.0,3861.417415
2025-11-02 11:00:00+00:00,3863.363,3895.75,3862.988,3891.8885,0.05357417,3.0,3890.325171
2025-11-02 12:00:00+00:00,3895.5,3895.5,3871.005,3876.658,0.008136,3.0,3890.913808
2025-11-02 13:00:00+00:00,3874.822,3880.14,3855.2145,3868.78,0.422196128,5.0,3870.233475
2025-11-02 14:00:00+00:00,3867.047,3871.285,3839.255,3851.432,0.004214497,2.0,3868.445719
2025-11-02 15:00:00+00:00,3849.1965,3870.4075,3845.694,3852.821,0.032605097,8.0,3860.003486
2025-11-02 16:00:00+00:00,3856.6,3866.636,3841.181,3862.7095,0.017819365,7.0,3862.111137
2025-11-02 17:00:00+00:00,3862.5,3862.5,3847.8,3859.3115,0.048716979,1.0,3847.8
2025-11-02 18:00:00+00:00,3856.111,3870.09,3856.111,3863.9,0.02264621,2.0,3868.456554
2025-11-02 19:00:00+00:00,3868.6,3868.6,3843.8165,3855.026,0.17571477,4.0,3856.883612
2025-11-02 20:00:00+00:00,3855.8445,3863.27,3849.425,3857.21,0.529023806,19.0,3857.188555
2025-11-02 21:00:00+00:00,3859.789,3866.045,3847.9,3861.08,0.000283,1.0,3847.9
2025-11-02 22:00:00+00:00,3858.78,3862.696,3844.014,3853.145,0.001088,1.0,3861.9
2025-11-02 23:00:00+00:00,3855.019,3917.456,3855.019,3906.564,0.025085584,4.0,3908.613355
2025-11-03 00:00:00+00:00,3904.033,3913.445,3865.8855,3866.1445,0.028599683,8.0,3902.360921
2025-11-03 01:00:00+00:00,3864.1105,3864.1105,3831.6805,3837.6105,0.313353569,4.0,3845.441495
2025-11-03 02:00:00+00:00,3840.67,3840.67,3790.15,3797.55,0.820212257,15.0,3809.275116
2025-11-03 03:00:00+00:00,3794.0,3808.1,3729.208,3735.5575,3.996153335,20.0,3788.535243
2025-11-03 04:00:00+00:00,3734.3915,3750.945,3716.302,3745.6355,8.715484709,22.0,3737.849381
2025-11-03 05:00:00+00:00,3747.587,3763.9515,3729.8,3731.535,0.074718043,6.0,3753.611788
2025-11-03 06:00:00+00:00,3729.893,3741.8,3684.36,3718.15,0.713042546,13.0,3719.518247
2025-11-03 07:00:00+00:00,3715.4665,3735.72,3699.301,3712.4825,1.13841468,9.0,3728.523895
2025-11-03 08:00:00+00:00,3711.35,3720.0535,3687.7765,3715.544,0.178571311,4.0,3713.773533
2025-11-03 09:00:00+00:00,3714.8455,3735.2665,3696.745140394,3704.348,0.392425166,5.0,3724.376857
2025-11-03 10:00:00+00:00,3706.0115,3717.0215,3665.9123152705,3674.54,1.749194321,9.0,3678.922934
2025-11-03 11:00:00+00:00,3675.62,3721.3425,3674.091,3711.654,3.739674236,14.0,3711.771082
2025-11-03 12:00:00+00:00,3710.0825,3730.8,3705.3485,3709.45,0.27236379,7.0,3713.762012
2025-11-03 13:00:00+00:00,3707.39,3727.1735,3692.1,3719.515,1.402971694,10.0,3711.845766
2025-11-03 14:00:00+00:00,3720.1715,3747.625,3706.9755,3732.9775,12.777574816,19.0,3723.927651
2025-11-03 15:00:00+00:00,3736.775,3737.3845,3580.5555,3588.55,17.484946738,50.0,3626.31069
2025-11-03 16:00:00+00:00,3589.77,3625.4,3564.075,3617.695,14.851188509,28.0,3586.306662
2025-11-03 17:00:00+00:00,3615.65,3680.0005,3612.02,3666.805,1.593446382,12.0,3655.100769
2025-11-03 18:00:00+00:00,3665.97,3670.7,3630.7955,3631.706,1.442348858,9.0,3661.725653
2025-11-03 19:00:00+00:00,3633.654,3647.464,3620.425,3629.85,5.461447731,14.0,3626.930955
2025-11-03 20:00:00+00:00,3633.1305,3636.96,3562.039,3587.885,12.476890434,104.0,3578.02464
2025-11-03 21:00:00+00:00,3586.068,3614.342,3558.65,3600.945,1.020854093,5.0,3594.881589
2025-11-03 22:00:00+00:00,3598.81,3605.3,3559.731,3590.557,0.640980286,3.0,3586.055552
2025-11-03 23:00:00+00:00,3587.9245,3604.858,3565.95,3603.165,1.793592591,1.0,3575.28
2025-11-04 00:00:00+00:00,3601.83,3631.29,3567.5,3616.62,0.230183708,7.0,3608.340324
2025-11-04 01:00:00+00:00,3618.205,3653.399,3606.35,3643.7895,0.154544234,3.0,3635.119509
2025-11-04 02:00:00+00:00,3641.7175,3647.508,3620.5155,3625.475,1.5008,2.0,3638.802452
2025-11-04 03:00:00+00:00,3628.0065,3649.7345,3621.4655,3642.013,0.315950322,6.0,3645.487603
2025-11-04 04:00:00+00:00,3644.847,3646.7,3621.185,3624.7785,0.11931912,3.0,3643.587756
2025-11-04 05:00:00+00:00,3622.175,3630.85,3485.986,3493.29,10.964578393,29.0,3521.618674
2025-11-04 06:00:00+00:00,3491.6795,3555.519,3481.0305,3512.9765,5.316452724,17.0,3525.32394
2025-11-04 07:00:00+00:00,3511.7945,3518.511,3472.7625,3493.04,5.702529465,13.0,3494.08978
2025-11-04 08:00:00+00:00,3490.549,3509.185,3460.295,3493.925,12.231031124,9.0,3467.942524
2025-11-04 09:00:00+00:00,3496.81,3502.15,3474.782,3490.532,1.144926963,8.0,3495.727439
2025-11-04 10:00:00+00:00,3488.4,3499.35,3471.12,3483.7445,0.707147443,8.0,3492.098455
2025-11-04 11:00:00+00:00,3484.56,3532.039,3484.56,3529.6485,1.471921091,4.0,3518.904279
2025-11-04 12:00:00+00:00,3527.831,3531.155,3494.341,3508.6355,0.183733457,7.0,3511.640053
2025-11-04 13:00:00+00:00,3511.133,3521.65,3492.94,3506.435,4.267835268,14.0,3513.273663
2025-11-04 14:00:00+00:00,3504.515,3561.935,3471.206,3556.948,26.510751661,23.0,3507.63282
2025-11-04 15:00:00+00:00,3557.71,3584.8955,3495.915,3505.245,4.219573723,12.0,3541.091675
2025-11-04 16:00:00+00:00,3506.728,3517.3765,3426.128,3428.247,2.597052983,27.0,3477.112151
2025-11-04 17:00:00+00:00,3427.265,3427.265,3361.98,3372.223,28.267074224,40.0,3418.046065
2025-11-04 18:00:00+00:00,3371.61,3371.61,3256.45,3303.95,16.701329623,37.0,3338.199549
2025-11-04 19:00:00+00:00,3301.0,3313.802,3224.5705,3228.3,22.541929711,27.0,3255.902187
2025-11-04 20:00:00+00:00,3230.16,3250.42,3124.915,3212.6,14.580639342,112.0,3174.146758
2025-11-04 21:00:00+00:00,3211.45,3216.993,3058.625,3213.935,14.310745745,34.0,3093.115277
2025-11-04 22:00:00+00:00,3213.065,3288.69,3197.5385,3245.153,2.589847738,38.0,3252.134487
2025-11-04 23:00:00+00:00,3243.39,3301.795,3242.435,3285.645,1.314744208,15.0,3294.679051
2025-11-05 00:00:00+00:00,3283.901,3300.15,3228.26,3239.718,0.322891596,6.0,3278.883394
2025-11-05 01:00:00+00:00,3238.325,3253.148,3168.597,3242.37,2.266112387,24.0,3194.953185
2025-11-05 02:00:00+00:00,3243.687,3325.76,3243.687,3325.76,1.530176519,18.0,3281.724879
2025-11-05 03:00:00+00:00,3327.895,3348.2,3307.62,3334.025,2.907995096,16.0,3326.90011
2025-11-05 04:00:00+00:00,3333.775,3344.8945,3314.4535,3328.527,3.700987094,15.0,3334.950924
2025-11-05 05:00:00+00:00,3327.165,3352.5,3324.92,3326.91,1.869631277,12.0,3332.854697
2025-11-05 06:00:00+00:00,3325.3,3342.104,3312.7185,3338.091,0.091543232,3.0,3328.156016
2025-11-05 07:00:00+00:00,3335.771,3343.7,3306.5,3331.4685,1.195072497,9.0,3334.160076
2025-11-05 08:00:00+00:00,3329.98,3329.98,3283.8045,3299.68,3.91411188,12.0,3309.696167
2025-11-05 09:00:00+00:00,3298.795,3321.671,3295.41,3308.15,0.292119183,8.0,3310.811169
2025-11-05 10:00:00+00:00,3306.873,3306.873,3275.41,3276.762,1.225031999,10.0,3292.084194
2025-11-05 11:00:00+00:00,3277.5775,3323.6,3275.885,3321.845,0.442061646,4.0,3298.700942
2025-11-05 12:00:00+00:00,3320.589,3357.77,3313.8375,3345.637,31.029747288,8.0,3322.181964
2025-11-05 13:00:00+00:00,3343.545,3374.61,3325.6755,3360.7525,1.694050864,8.0,3342.868941
2025-11-05 14:00:00+00:00,3364.465,3371.2985,3320.6975,3348.485,6.655675347,19.0,3356.213049
2025-11-05 15:00:00+00:00,3346.155,3398.36,3333.993,3398.36,7.252390388,9.0,3390.103054
2025-11-05 16:00:00+00:00,3402.1,3439.1,3371.985,3439.1,2.314712155,19.0,3407.752326
2025-11-05 17:00:00+00:00,3437.6665,3449.541,3419.025,3435.8465,3.672076082,16.0,3443.228207
2025-11-05 18:00:00+00:00,3434.7,3479.68,3426.45,3462.694,0.60429585,8.0,3441.634813
2025-11-05 19:00:00+00:00,3460.5905,3472.7,3446.75,3456.1175,1.156953756,10.0,3456.104484
2025-11-05 20:00:00+00:00,3454.405,3482.66,3441.8095,3451.455,2.002158913,66.0,3467.381805
2025-11-05 21:00:00+00:00,3449.999,3450.635,3430.52,3442.9075,0.400711,3.0,3445.790357
2025-11-05 22:00:00+00:00,3444.85,3444.85,3415.6535,3425.2725,0.019637164,3.0,3422.867201
2025-11-05 23:00:00+00:00,3426.4795,3434.44,3416.18,3423.616,0.0,0.0,3427.03375
2025-11-06 00:00:00+00:00,3422.3195,3422.3195,3392.16,3407.1,0.0,0.0,3422.3195
2025-11-06 01:00:00+00:00,3404.6665,3410.325,3375.982,3405.2995,0.001418499,1.0,3403.9
2025-11-06 02:00:00+00:00,3406.748,3428.8535,3391.963,3423.059,0.001226,1.0,3407.3
2025-11-06 03:00:00+00:00,3421.896,3449.25,3421.896,3431.1,1.361541085,8.0,3444.009812
2025-11-06 04:00:00+00:00,3433.56,3455.1565,3430.147,3453.19,0.076339395,5.0,3443.395997
2025-11-06 05:00:00+00:00,3451.0045,3451.0045,3380.72,3387.0615,2.1034894,3.0,3391.179863
2025-11-06 06:00:00+00:00,3389.6065,3400.95,3378.627,3385.165,4.278694997,5.0,3398.199359
2025-11-06 07:00:00+00:00,3386.1,3394.55,3364.9625,3379.915,6.096015478,8.0,3383.697427
2025-11-06 08:00:00+00:00,3377.8975,3394.305,3372.732,3384.65,0.229384,6.0,3385.006762
2025-11-06 09:00:00+00:00,3386.0515,3396.464,3375.902,3384.54,0.573876398,9.0,3390.454791
2025-11-06 10:00:00+00:00,3382.379,3412.41,3367.742,3393.07,0.521223932,9.0,3389.839596
2025-11-06 11:00:00+00:00,3390.635,3408.912,3381.4125,3399.765,2.008146482,7.0,3401.697638
2025-11-06 12:00:00+00:00,3396.58,3404.35,3342.39,3349.66,0.417494797,9.0,3356.298834
2025-11-06 13:00:00+00:00,3352.1905,3403.4,3349.485,3390.3245,1.57671848,6.0,3402.580337
2025-11-06 14:00:00+00:00,3392.069,3399.565,3318.9,3328.1505,1.332887942,15.0,3382.726692
2025-11-06 15:00:00+00:00,3326.507,3363.3205,3280.9930886695,3297.95,3.925393487,8.0,3321.300542
2025-11-06 16:00:00+00:00,3299.6305,3321.171,3244.735,3274.995,5.634269657,23.0,3272.516192
2025-11-06 17:00:00+00:00,3276.03,3337.7135,3269.336,3328.019,2.251607897,16.0,3306.945211
2025-11-06 18:00:00+00:00,3326.3765,3349.435,3294.165,3327.5,3.67041118,3.0,3308.856921
2025-11-06 19:00:00+00:00,3326.6325,3342.948,3308.657,3324.65,0.280883634,5.0,3338.460997
2025-11-06 20:00:00+00:00,3325.87,3334.4565,3286.61,3304.975,1.555320513,18.0,3313.501835
2025-11-06 21:00:00+00:00,3303.1005,3332.39,3293.012,3325.2625,0.033707341,1.0,3323.3
2025-11-06 22:00:00+00:00,3323.655,3329.035,3295.139,3318.49,0.172837346,2.0,3322.369741
2025-11-06 23:00:00+00:00,3317.6145,3317.6145,3289.7005,3312.921,0.074592718,4.0,3302.669664
2025-11-07 00:00:00+00:00,3311.94,3330.931,3293.1805,3323.65,0.018372087,1.0,3302.674
2025-11-07 01:00:00+00:00,3321.668,3327.999,3275.9855,3323.7875,0.100926,2.0,3312.63982
2025-11-07 02:00:00+00:00,3324.405,3346.605,3303.7475,3342.9155,1.590159,9.0,3328.667317
2025-11-07 03:00:00+00:00,3345.3945,3364.015,3341.245,3342.85,0.00093973,3.0,3349.770065
2025-11-07 04:00:00+00:00,3346.1535,3346.1535,3317.8495,3337.54,0.0,0.0,3344.15175
2025-11-07 05:00:00+00:00,3339.7765,3366.795,3339.7765,3364.118,0.034060111,3.0,3361.980162
2025-11-07 06:00:00+00:00,3362.8505,3367.9,3346.25,3347.941,0.071785998,4.0,3361.401286
2025-11-07 07:00:00+00:00,3351.932,3362.186,3334.6605,3356.9215,0.049212697,4.0,3355.99567
2025-11-07 08:00:00+00:00,3354.638,3358.848,3332.49,3340.89,0.093802727,7.0,3354.908766
2025-11-07 09:00:00+00:00,3338.283,3338.283,3288.08,3299.27,0.412948786,6.0,3304.931322
2025-11-07 10:00:00+00:00,3298.587,3308.91,3272.3255,3278.6325,0.642892633,6.0,3280.397641
2025-11-07 11:00:00+00:00,3276.4435,3276.4435,3225.6,3258.8045,0.443385668,12.0,3250.726652
2025-11-07 12:00:00+00:00,3257.5915,3270.0195,3195.9255,3221.183,2.17011406,12.0,3207.178892
2025-11-07 13:00:00+00:00,3219.6725,3249.398,3209.4,3238.3,0.864348786,12.0,3222.618691
2025-11-07 14:00:00+00:00,3240.96,3294.8355,3194.3791133,3286.058,1.180081439,20.0,3240.042363
2025-11-07 15:00:00+00:00,3287.3425,3315.915,3260.6,3294.7565,1.610949135,8.0,3282.273917
2025-11-07 16:00:00+00:00,3296.4,3329.596,3271.9075,3307.7,0.148542494,18.0,3306.508098
2025-11-07 17:00:00+00:00,3306.31,3393.765,3296.25,3383.485,1.969590157,9.0,3363.543788
2025-11-07 18:00:00+00:00,3386.3,3434.3,3377.1515,3424.66,6.317670002,24.0,3400.333252
2025-11-07 19:00:00+00:00,3422.732,3449.935,3415.405,3441.16,1.072512987,7.0,3425.321086
2025-11-07 20:00:00+00:00,3442.55,3471.0675,3427.995,3462.825,1.135452596,34.0,3458.567143
2025-11-07 21:00:00+00:00,3465.54,3470.075,3450.599,3467.0205,10.137209326,7.0,3455.115137
2025-11-07 22:00:00+00:00,3468.202,3470.046,3442.747,3444.635,0.19312609,5.0,3443.776253
2025-11-07 23:00:00+00:00,3446.675,3448.3475,3432.195,3434.0075,0.145381362,3.0,3438.735358
2025-11-08 00:00:00+00:00,3436.1325,3446.227,3407.187,3423.609,0.17054861,7.0,3421.398207
2025-11-08 01:00:00+00:00,3421.555,3443.3085,3421.555,3434.85,0.00549,2.0,3440.244991
2025-11-08 02:00:00+00:00,3433.5345,3459.788,3431.747,3441.2565,0.074040316,8.0,3452.284978
2025-11-08 03:00:00+00:00,3439.3425,3465.19,3439.3425,3451.6,1.549722281,5.0,3463.95055
2025-11-08 04:00:00+00:00,3454.2,3483.7,3447.64,3457.79,0.625929762,6.0,3461.239765
2025-11-08 05:00:00+00:00,3456.8315,3463.867,3426.28,3428.2905,0.855497638,5.0,3451.254724
2025-11-08 06:00:00+00:00,3430.08,3450.785,3419.322,3443.6435,2.846732375,8.0,3430.873514
2025-11-08 07:00:00+00:00,3441.223,3451.191,3425.647,3449.0455,0.000452,1.0,3451.191
2025-11-08 08:00:00+00:00,3445.715,3467.345,3435.0175,3452.894,0.266395299,3.0,3445.544485
2025-11-08 09:00:00+00:00,3451.6575,3466.0,3437.37,3439.05,0.659896571,6.0,3463.078306
2025-11-08 10:00:00+00:00,3436.7095,3448.943,3431.4205,3444.95,0.014540546,1.0,3438.615
2025-11-08 11:00:00+00:00,3443.92,3454.2225,3407.143,3410.955,3.335630996,3.0,3410.498886
2025-11-08 12:00:00+00:00,3410.0925,3416.113,3398.144,3406.5,0.0403,2.0,3405.87469
2025-11-08 13:00:00+00:00,3408.93,3409.8,3388.685,3395.5,0.171305345,3.0,3400.264526
2025-11-08 14:00:00+00:00,3396.67,3409.7575,3371.75,3398.0675,0.228857949,5.0,3384.934826
2025-11-08 15:00:00+00:00,3396.2465,3404.8,3370.4545,3376.6515,0.154395317,8.0,3390.670365
2025-11-08 16:00:00+00:00,3378.105,3384.009,3354.08,3366.925,0.529617413,11.0,3367.899719
2025-11-08 17:00:00+00:00,3366.3,3399.3095,3363.688,3398.3315,0.09671986,3.0,3393.994711
2025-11-08 18:00:00+00:00,3396.4315,3404.7855,3385.845,3402.09,0.898592179,5.0,3399.375595
2025-11-08 19:00:00+00:00,3400.95,3402.991,3363.1625,3389.742,0.013396464,2.0,3371.716134
2025-11-08 20:00:00+00:00,3390.733,3404.3,3381.05,3395.9,0.007515546,9.0,3401.566482
2025-11-08 21:00:00+00:00,3392.2,3409.25,3392.2,3405.0315,0.06053935,4.0,3404.020877
2025-11-08 22:00:00+00:00,3402.232,3410.029,3393.85,3409.645,0.007628,3.0,3405.409221
2025-11-08 23:00:00+00:00,3407.73,3412.8885,3398.965,3400.75,0.0,0.0,3407.0395
2025-11-09 00:00:00+00:00,3399.981,3401.16,3372.9885,3382.892,0.06580955,6.0,3382.232506
2025-11-09 01:00:00+00:00,3384.1135,3402.799,3378.916,3399.325,0.0,0.0,3384.1135
2025-11-09 02:00:00+00:00,3397.733,3398.1095,3364.547,3368.8655,0.00104,3.0,3382.597212
2025-11-09 03:00:00+00:00,3366.05,3376.32,3359.3,3374.69,0.003517,3.0,3370.779158
2025-11-09 04:00:00+00:00,3375.9,3387.5035,3366.059,3374.8,0.000641,5.0,3370.509493
2025-11-09 05:00:00+00:00,3372.56,3405.891,3372.56,3403.3955,1.044187009,4.0,3401.841193
2025-11-09 06:00:00+00:00,3404.501,3416.113,3400.4775,3404.89,1.035646589,3.0,3403.333811
2025-11-09 07:00:00+00:00,3402.5495,3424.615,3402.5495,3422.371,0.080211478,5.0,3412.838796
2025-11-09 08:00:00+00:00,3420.915,3422.345,3409.12,3420.96,1.076275652,6.0,3417.21153
2025-11-09 09:00:00+00:00,3422.9615,3432.5605,3400.57,3400.57,0.001161501,2.0,3418.80398
2025-11-09 10:00:00+00:00,3399.375,3400.375,3382.755,3399.363,0.044829807,3.0,3394.117338
2025-11-09 11:00:00+00:00,3401.99,3431.0,3401.99,3426.88,0.072046468,4.0,3419.989586
2025-11-09 12:00:00+00:00,3429.7035,3460.7055,3424.473,3441.1485,0.089904475,7.0,3434.911479
2025-11-09 13:00:00+00:00,3444.15,3462.951,3429.55610333,3457.616067,0.351382056,25.0,3454.91552
2025-11-09 14:00:00+00:00,3456.59,3557.4455,3444.361,3506.855,1.461788265,50.0,3507.938897
2025-11-09 15:00:00+00:00,3508.442,3536.73,3506.04,3515.3695,0.213052513,9.0,3527.925766
2025-11-09 16:00:00+00:00,3517.2,3535.1965,3503.3105,3526.615,0.093489429,6.0,3528.940925
2025-11-09 17:00:00+00:00,3528.62,3532.017,3504.7755,3514.3,0.191803361,7.0,3513.448399
2025-11-09 18:00:00+00:00,3517.8,3541.878,3510.55,3540.72732274,0.617037883,11.0,3526.135397
2025-11-09 19:00:00+00:00,3539.47732274,3581.3,3534.965,3579.409,0.089838664,9.0,3553.701793
2025-11-09 20:00:00+00:00,3575.512,3596.05,3561.271,3578.283,1.315090469,48.0,3577.727529
2025-11-09 21:00:00+00:00,3577.294,3595.4,3570.65,3578.701,1.564302233,4.0,3585.206166
2025-11-09 22:00:00+00:00,3580.8955,3593.47,3566.27,3586.05,0.000745,2.0,3577.04
2025-11-09 23:00:00+00:00,3587.9005,3618.3155,3565.28,3582.743,12.07617804,12.0,3570.486233
2025-11-10 00:00:00+00:00,3581.4,3649.011,3555.9865,3633.4755,4.772239679,22.0,3619.707894
2025-11-10 01:00:00+00:00,3635.7415,3653.703553299,3617.725,3629.57,0.429960456,9.0,3632.170751
2025-11-10 02:00:00+00:00,3631.39,3638.2145,3613.35,3627.8445,0.045593831,5.0,3621.994903
2025-11-10 03:00:00+00:00,3628.695,3644.0385,3624.23,3627.207,24.115705409,9.0,3633.974257
2025-11-10 04:00:00+00:00,3629.2025,3631.8895,3601.15,3617.545,1.107643097,6.0,3617.858908
2025-11-10 05:00:00+00:00,3619.1415,3624.837,3592.6905,3608.0,0.032028929,4.0,3620.529001
2025-11-10 06:00:00+00:00,3606.25,3612.324,3594.7805,3605.775,0.002531,3.0,3606.408623
2025-11-10 07:00:00+00:00,3603.575,3621.286,3603.575,3610.6,0.092640854,8.0,3614.107975
2025-11-10 08:00:00+00:00,3608.0525,3615.4,3588.0,3593.29,0.009846339,5.0,3611.077357
2025-11-10 09:00:00+00:00,3590.6025,3629.104,3587.441,3623.6705,1.808088792,9.0,3619.272198
2025-11-10 10:00:00+00:00,3625.2765,3626.4,3601.33,3606.2565,0.006246,8.0,3610.404206
2025-11-10 11:00:00+00:00,3605.5085,3623.5,3603.78,3610.741,0.037336914,4.0,3613.963852
2025-11-10 12:00:00+00:00,3608.3925,3608.3925,3585.73,3590.335,0.035073725,4.0,3597.055605
2025-11-10 13:00:00+00:00,3592.3615,3620.4,3589.6835,3615.572,10.050060671,11.0,3603.496775
2025-11-10 14:00:00+00:00,3612.6,3617.09,3529.2145,3540.36,2.703329674,16.0,3586.710922
2025-11-10 15:00:00+00:00,3542.469,3559.041,3507.1175,3518.982,1.611432393,13.0,3536.797926
2025-11-10 16:00:00+00:00,3514.565,3536.425,3506.9035,3529.02,3.986292265,9.0,3516.28077
2025-11-10 17:00:00+00:00,3527.185,3556.905,3523.849,3556.0085,1.163560643,14.0,3536.660985
2025-11-10 18:00:00+00:00,3552.746,3558.4,3532.64,3532.64,0.344272005,3.0,3556.752133
2025-11-10 19:00:00+00:00,3535.98,3574.237,3528.505,3557.361,0.521737197,6.0,3552.642664
2025-11-10 20:00:00+00:00,3560.322,3582.77,3555.708,3569.335,1.261807979,36.0,3576.19652
2025-11-10 21:00:00+00:00,3567.454,3567.454,3530.65,3539.95,0.063836005,2.0,3549.027241
2025-11-10 22:00:00+00:00,3541.711,3578.95,3528.3775,3574.7,0.006472,3.0,3546.212991
2025-11-10 23:00:00+00:00,3577.21,3578.95,3563.47,3565.432,0.223099896,4.0,3574.4404
2025-11-11 00:00:00+00:00,3563.625,3588.725,3552.225,3583.736,0.002578806,3.0,3566.207628
2025-11-11 01:00:00+00:00,3585.873,3646.435,3574.31,3578.3675,0.037648076,6.0,3628.777574
2025-11-11 02:00:00+00:00,3580.5,3633.759,3558.949,3616.27,0.170447862,6.0,3591.412443
2025-11-11 03:00:00+00:00,3614.655,3632.19,3599.05,3606.5485,1.506085488,10.0,3622.664838
2025-11-11 04:00:00+00:00,3605.3,3609.14,3571.653,3574.35,1.143128,5.0,3590.901322
2025-11-11 05:00:00+00:00,3572.844,3574.0775,3546.9765,3548.3185,0.02173231,4.0,3567.766724
2025-11-11 06:00:00+00:00,3550.5055,3558.0935,3532.8445,3556.499,0.172251365,4.0,3546.708399
2025-11-11 07:00:00+00:00,3558.373,3568.1,3541.38,3542.758,1.543913118,7.0,3554.994938
2025-11-11 08:00:00+00:00,3544.745,3563.71,3544.253,3562.5925,0.284826637,4.0,3556.21504
2025-11-11 09:00:00+00:00,3561.248,3586.16,3552.7755,3554.7325,0.06866376,1.0,3569.54
2025-11-11 10:00:00+00:00,3552.665,3564.5505,3547.89,3558.4605,0.009317,3.0,3561.125607
2025-11-11 11:00:00+00:00,3561.195,3583.217,3561.195,3572.736,1.064130445,4.0,3566.645041
2025-11-11 12:00:00+00:00,3574.305,3591.026,3539.4,3539.4,0.025922369,5.0,3578.903364
2025-11-11 13:00:00+00:00,3542.43,3571.395,3525.03,3531.65,0.351707556,11.0,3530.310292
2025-11-11 14:00:00+00:00,3532.834,3547.415,3487.3155,3529.437,0.952499321,14.0,3496.396648
2025-11-11 15:00:00+00:00,3528.3,3528.3,3472.98570197,3481.65,0.229113018,10.0,3480.879195
2025-11-11 16:00:00+00:00,3482.4715,3500.5135,3464.774,3483.715,14.22373332,12.0,3481.420355
2025-11-11 17:00:00+00:00,3485.65,3499.0,3449.2815,3471.885,0.114556311,5.0,3485.13867
2025-11-11 18:00:00+00:00,3473.375,3484.9355,3460.5,3469.9845,0.098294724,4.0,3476.070633
2025-11-11 19:00:00+00:00,3468.2215,3468.74,3450.711,3456.6375,1.589588623,7.0,3463.86484
2025-11-11 20:00:00+00:00,3454.43,3460.3325,3428.49,3435.9395,3.90601855,29.0,3438.070846
2025-11-11 21:00:00+00:00,3438.2605,3447.904,3406.89,3417.0105,13.881459609,6.0,3408.108442
2025-11-11 22:00:00+00:00,3414.735,3434.825,3404.035,3429.6225,0.0728904,4.0,3408.85755
2025-11-11 23:00:00+00:00,3426.641,3436.4,3410.198,3416.4,0.000346,1.0,3414.5
2025-11-12 00:00:00+00:00,3418.62,3432.65,3409.68,3417.656,0.00178885,2.0,3427.497437
2025-11-12 01:00:00+00:00,3415.58,3449.5045,3411.864,3446.47,0.243658,3.0,3436.6519
2025-11-12 02:00:00+00:00,3445.25,3454.169,3417.7495,3426.85,0.484612735,3.0,3444.537481
2025-11-12 03:00:00+00:00,3424.65,3444.84,3422.87,3438.412,0.499003883,4.0,3435.35852
2025-11-12 04:00:00+00:00,3436.645,3444.362,3431.1,3444.362,0.00285113,4.0,3440.445936
2025-11-12 05:00:00+00:00,3446.575,3456.0,3443.46,3448.0945,0.003680391,3.0,3449.083575
2025-11-12 06:00:00+00:00,3451.33,3455.4075,3435.425,3437.948,0.00237131,5.0,3449.486036
2025-11-12 07:00:00+00:00,3441.616,3451.65,3425.58,3428.857,0.061004852,6.0,3439.895505
2025-11-12 08:00:00+00:00,3431.2775,3479.255,3429.26,3468.773,0.111947211,4.0,3444.090605
2025-11-12 09:00:00+00:00,3470.295,3492.7675,3467.0585,3484.35,1.103666396,7.0,3477.415836
2025-11-12 10:00:00+00:00,3482.259,3545.3415,3482.02,3535.1755,0.125683091,8.0,3514.207013
2025-11-12 11:00:00+00:00,3538.1,3567.816,3533.57,3548.685,3.424871596,8.0,3538.503114
2025-11-12 12:00:00+00:00,3551.155,3567.105,3540.6005,3553.484,0.070213117,3.0,3546.949922
2025-11-12 13:00:00+00:00,3551.181,3589.1,3545.45,3576.9785,0.082427258,3.0,3567.395967
2025-11-12 14:00:00+00:00,3573.55,3581.57,3483.337,3503.0085,1.090207514,11.0,3571.483693
2025-11-12 15:00:00+00:00,3500.975,3518.03,3417.699,3428.335,0.149327407,11.0,3445.458428
2025-11-12 16:00:00+00:00,3426.7985,3433.582,3371.995,3398.735,4.344354906,18.0,3421.259485
2025-11-12 17:00:00+00:00,3402.5,3452.295,3393.416,3429.845,0.876263074,9.0,3412.032368
2025-11-12 18:00:00+00:00,3431.665,3453.82,3418.385,3422.9535,0.613086418,5.0,3448.252313
2025-11-12 19:00:00+00:00,3422.01,3424.68,3371.77,3408.83,0.317528308,7.0,3392.11676
2025-11-12 20:00:00+00:00,3406.856,3437.88,3401.383,3414.4685,1.167839306,21.0,3428.708913
2025-11-12 21:00:00+00:00,3416.5785,3429.175,3407.7915,3422.1,0.072517449,7.0,3418.971016
2025-11-12 22:00:00+00:00,3420.7365,3421.554,3391.2,3421.066,0.200381112,13.0,3403.274478
2025-11-12 23:00:00+00:00,3424.032,3424.032,3402.1,3413.62,0.295319363,7.0,3416.978197
2025-11-13 00:00:00+00:00,3410.73,3429.2275,3400.563,3411.34,0.087027376,18.0,3410.949477
2025-11-13 01:00:00+00:00,3413.65,3456.215,3412.45,3423.701,0.325172644,34.0,3434.696115
2025-11-13 02:00:00+00:00,3425.663,3446.37,3425.0,3433.8815,0.662943917,44.0,3440.215021
2025-11-13 03:00:00+00:00,3434.7615,3472.469,3377.95,3452.252,0.481707376,51.0,3437.068062
2025-11-13 04:00:00+00:00,3452.9185,3489.432,3432.983,3482.62,0.510554437,34.0,3462.937268
2025-11-13 05:00:00+00:00,3481.26,3537.4315,3466.09,3527.9115,0.151661551,18.0,3485.721397
2025-11-13 06:00:00+00:00,3529.6,3550.0965,3521.11,3540.2305,0.236377663,8.0,3548.33738
2025-11-13 07:00:00+00:00,3542.7375,3564.645,3531.46,3538.3805,16.00324288,9.0,3537.357794
2025-11-13 08:00:00+00:00,3536.56,3549.3645,3523.8,3523.8,0.042901,4.0,3533.534057
2025-11-13 09:00:00+00:00,3526.0,3527.7335,3478.585,3485.351,0.061729603,4.0,3495.944173
2025-11-13 10:00:00+00:00,3487.0185,3516.696,3487.0185,3505.615,0.023317692,2.0,3508.346765
2025-11-13 11:00:00+00:00,3508.12,3515.885,3495.35,3502.16,0.002699,2.0,3503.577034
2025-11-13 12:00:00+00:00,3503.58,3510.135,3482.4775,3501.949,0.440723772,3.0,3501.535138
2025-11-13 13:00:00+00:00,3500.3,3500.95,3428.26,3436.67,0.251285763,9.0,3446.012128
2025-11-13 14:00:00+00:00,3434.2535,3474.745,3393.4105,3443.6885,2.356310794,24.0,3405.691962
2025-11-13 15:00:00+00:00,3442.325,3445.6915,3365.031,3385.205,13.162670204,37.0,3373.304925
2025-11-13 16:00:00+00:00,3383.934,3397.788,3322.8,3325.186,0.576367731,55.0,3354.778845
2025-11-13 17:00:00+00:00,3327.9345,3329.7,3253.1482635465,3254.0107635465,10.886978941,57.0,3299.440555
2025-11-13 18:00:00+00:00,3253.1507635465,3262.0955,3183.725,3212.099,28.679632123,60.0,3227.76846
2025-11-13 19:00:00+00:00,3210.82,3236.335,3175.515,3197.45,11.151405216,14.0,3200.58594
2025-11-13 20:00:00+00:00,3195.513,3203.95,3154.9761798025,3169.25,0.838440636,58.0,3172.722395
2025-11-13 21:00:00+00:00,3170.25,3190.831,3158.73,3178.755,3.363969684,8.0,3185.171034
2025-11-13 22:00:00+00:00,3180.6,3233.9,3172.6,3226.648,22.965962923,11.0,3203.142622
2025-11-13 23:00:00+00:00,3229.2155,3269.7795,3215.875,3230.67,0.338675883,15.0,3248.157656
2025-11-14 00:00:00+00:00,3228.0405,3238.6785,3186.982,3198.105,0.184600301,12.0,3218.942803
2025-11-14 01:00:00+00:00,3198.804,3219.985,3185.05,3205.6735,0.0774841,5.0,3195.525736
2025-11-14 02:00:00+00:00,3206.396,3248.935,3205.565,3237.03,0.057477737,3.0,3236.712957
2025-11-14 03:00:00+00:00,3236.0505,3236.0505,3208.0,3227.398,0.043758891,6.0,3228.170569
2025-11-14 04:00:00+00:00,3224.686,3227.398,3107.8415,3161.621,8.256161098,24.0,3157.803593
2025-11-14 05:00:00+00:00,3160.43,3203.6,3157.56,3191.252,0.283793737,7.0,3180.432983
2025-11-14 06:00:00+00:00,3194.22,3224.6125,3134.1635,3220.5595,0.364635911,11.0,3180.454364
2025-11-14 07:00:00+00:00,3218.8405,3239.347,3193.109,3214.962,0.496428263,11.0,3208.799163
2025-11-14 08:00:00+00:00,3213.202,3217.0195,3182.1575,3202.095,1.474439129,7.0,3198.516194
2025-11-14 09:00:00+00:00,3199.2,3212.3955,3149.744,3156.401,1.251771236,12.0,3173.826353
2025-11-14 10:00:00+00:00,3158.0415,3195.22,3155.3405,3175.914,0.582876814,5.0,3189.533141
2025-11-14 11:00:00+00:00,3173.9405,3182.058,3116.295,3144.4865,1.489682531,15.0,3142.131629
2025-11-14 12:00:00+00:00,3142.96,3142.96,3068.372,3123.75,13.047450253,14.0,3089.532449
2025-11-14 13:00:00+00:00,3121.932,3147.2665,3071.747,3118.236,25.299610905,13.0,3134.507365
2025-11-14 14:00:00+00:00,3119.52,3216.767,3105.7725,3197.255,6.745111543,28.0,3154.9635
2025-11-14 15:00:00+00:00,3194.8725,3230.8545,3158.592,3193.295,0.725321369,15.0,3188.598299
2025-11-14 16:00:00+00:00,3194.873,3253.8015,3180.585,3230.35,0.944712775,22.0,3218.670948
2025-11-14 17:00:00+00:00,3228.185,3244.49,3161.9,3176.076,23.927505793,7.0,3235.234453
2025-11-14 18:00:00+00:00,3174.8,3205.1,3153.383,3167.43,4.057283951,8.0,3165.011203
2025-11-14 19:00:00+00:00,3165.0815,3217.2825,3157.355,3205.0,0.073713202,8.0,3179.76362
2025-11-14 20:00:00+00:00,3207.2,3209.6635,3121.072,3134.25,0.356185534,40.0,3155.661941
2025-11-14 21:00:00+00:00,3133.0475,3170.4105,3123.3,3165.835,0.428040423,4.0,3160.641551
2025-11-14 22:00:00+00:00,3167.4035,3183.8225,3140.2555,3157.0935,0.092593814,7.0,3174.600464
2025-11-14 23:00:00+00:00,3155.495,3155.495,3088.545,3110.685,0.038379,6.0,3128.152534
2025-11-15 00:00:00+00:00,3108.269,3148.371,3108.269,3138.57,0.037200437,7.0,3130.619677
2025-11-15 01:00:00+00:00,3139.424,3176.6,3122.457,3171.6895,0.001,1.0,3148.8
2025-11-15 02:00:00+00:00,3170.158,3190.706,3162.1,3190.706,0.050157963,10.0,3180.565681
2025-11-15 03:00:00+00:00,3189.0145,3190.95,3166.599,3177.93,0.207961248,9.0,3186.18101
2025-11-15 04:00:00+00:00,3178.415,3189.615,3158.99,3169.68,0.087520326,5.0,3172.247467
2025-11-15 05:00:00+00:00,3167.63,3183.173,3160.24,3177.9955,0.089626684,5.0,3177.980781
2025-11-15 06:00:00+00:00,3176.0145,3186.874,3164.75,3173.835,0.067688011,9.0,3177.118549
2025-11-15 07:00:00+00:00,3172.6,3182.207,3167.8225,3174.708,0.024622107,3.0,3176.845848
2025-11-15 08:00:00+00:00,3175.845,3175.845,3133.991,3142.265,0.232607319,6.0,3156.082547
2025-11-15 09:00:00+00:00,3140.23,3161.375,3138.06,3150.795,0.027898,2.0,3154.245027
2025-11-15 10:00:00+00:00,3148.535,3170.884,3143.1,3167.2485,0.00858708,4.0,3162.616636
2025-11-15 11:00:00+00:00,3168.9995,3172.6,3145.4995,3150.06,0.087800198,11.0,3163.572568
2025-11-15 12:00:00+00:00,3148.647,3164.85,3145.518,3160.86,0.108870231,5.0,3156.123196
2025-11-15 13:00:00+00:00,3159.193,3193.54,3157.979,3190.629,0.054063648,9.0,3179.505784
2025-11-15 14:00:00+00:00,3189.55,3193.437,3170.936,3176.15,0.400571741,12.0,3188.408667
2025-11-15 15:00:00+00:00,3173.3,3189.6,3172.813,3183.795,0.026275967,8.0,3181.135862
2025-11-15 16:00:00+00:00,3180.6,3188.872,3162.734,3184.35,0.090928561,12.0,3181.369151
2025-11-15 17:00:00+00:00,3185.1515,3216.6425,3181.9455,3212.0495,1.087787224,7.0,3194.161359
2025-11-15 18:00:00+00:00,3210.826,3228.505,3199.621,3204.5985,0.070478242,7.0,3213.632996
2025-11-15 19:00:00+00:00,3203.31,3211.515,3191.979,3196.6,0.491675387,4.0,3201.727366
2025-11-15 20:00:00+00:00,3195.009,3199.166,3167.035,3171.0,0.160240007,12.0,3185.591531
2025-11-15 21:00:00+00:00,3173.0395,3187.16,3151.068,3156.255,0.14557352,6.0,3163.782235
2025-11-15 22:00:00+00:00,3155.655,3170.0705,3153.7,3169.505,0.0,0.0,3154.6775
2025-11-15 23:00:00+00:00,3168.2155,3175.9085,3164.7,3165.654,0.085089678,5.0,3170.802674
2025-11-16 00:00:00+00:00,3167.8825,3172.02,3144.8,3150.4225,0.008176707,3.0,3147.77863
2025-11-16 01:00:00+00:00,3149.0875,3155.908,3130.15,3149.011,0.120848041,11.0,3138.140564
2025-11-16 02:00:00+00:00,3147.785,3202.4195,3141.602,3200.961,0.029379442,11.0,3180.837943
2025-11-16 03:00:00+00:00,3197.408,3210.85,3191.801,3201.3415,0.158583574,11.0,3200.519975
2025-11-16 04:00:00+00:00,3203.515,3205.5695,3185.4,3190.958,0.767543006,11.0,3202.996601
2025-11-16 05:00:00+00:00,3193.028,3213.95,3193.028,3201.6195,0.714772785,12.0,3208.899776
2025-11-16 06:00:00+00:00,3204.9,3213.769,3198.28,3198.28,0.263858632,9.0,3212.14237
2025-11-16 07:00:00+00:00,3199.237,3217.93,3197.69,3217.37,0.08125398,8.0,3208.630761
2025-11-16 08:00:00+00:00,3219.6275,3223.714,3204.265,3216.162,0.111683266,4.0,3212.97392
2025-11-16 09:00:00+00:00,3214.505,3246.95,3206.2,3246.95,0.049815536,6.0,3221.092541
2025-11-16 10:00:00+00:00,3245.0125,3245.0125,3228.7675,3234.152,0.226577373,11.0,3239.145333
2025-11-16 11:00:00+00:00,3235.475,3235.475,3158.16,3165.0595,0.021615629,6.0,3201.008506
2025-11-16 12:00:00+00:00,3162.319,3178.661,3155.3896798025,3165.8115,0.01181,5.0,3163.067278
2025-11-16 13:00:00+00:00,3168.005,3171.076,3136.27,3150.86,0.222958553,10.0,3150.216476
2025-11-16 14:00:00+00:00,3153.13,3176.69,3147.835,3171.01,0.022541808,4.0,3157.806042
2025-11-16 15:00:00+00:00,3170.0965,3178.12,3097.518,3102.253,0.0193,3.0,3108.824712
2025-11-16 16:00:00+00:00,3104.0155,3122.465,3057.8005,3061.2,1.487033387,19.0,3079.413145
2025-11-16 17:00:00+00:00,3059.815,3084.03,3024.98,3076.91,7.075433012,59.0,3058.696056
2025-11-16 18:00:00+00:00,3076.528,3156.907551724,3042.61,3057.4075,3.302015363,91.0,3100.447178
2025-11-16 19:00:00+00:00,3059.1,3113.445,3055.73,3089.5075,0.706031831,43.0,3079.34139
2025-11-16 20:00:00+00:00,3092.115,3115.6265,3085.6,3088.185,0.786226581,62.0,3099.298531
2025-11-16 21:00:00+00:00,3086.576,3095.2315,3057.27,3071.448,0.284590636,4.0,3068.481246
2025-11-16 22:00:00+00:00,3073.447,3098.6945,3040.0,3089.68,0.345917309,6.0,3071.025315
2025-11-16 23:00:00+00:00,3087.872,3105.451,3005.533054187,3094.5605,0.553595983,62.0,3077.527601
2025-11-17 00:00:00+00:00,3092.6215,3138.5795,3067.5195,3134.07,0.01371771,5.0,3114.591938
2025-11-17 01:00:00+00:00,3136.581,3143.441,3110.439,3114.7575,0.000774,3.0,3131.36336
2025-11-17 02:00:00+00:00,3115.0045,3156.6635,3110.6235,3146.06,1.606282094,6.0,3147.185682
2025-11-17 03:00:00+00:00,3143.3,3176.602,3143.3,3174.266,1.347666211,7.0,3157.492531
2025-11-17 04:00:00+00:00,3176.962,3190.803,3164.325,3181.895,3.900800044,9.0,3176.642101
2025-11-17 05:00:00+00:00,3183.715,3190.7,3175.8,3184.2245,0.14898292,3.0,3183.266466
2025-11-17 06:00:00+00:00,3186.48,3194.876,3169.998,3192.755,0.031928665,1.0,3179.085
2025-11-17 07:00:00+00:00,3191.6,3204.61,3188.257,3196.8,2.614668176,9.0,3195.780177
2025-11-17 08:00:00+00:00,3198.57,3202.5,3183.85,3187.845,0.045681468,3.0,3196.371246
2025-11-17 09:00:00+00:00,3189.5335,3212.535,3178.564,3191.847,1.015913884,123.0,3199.742188
2025-11-17 10:00:00+00:00,3194.278,3205.188,3190.279,3195.665,0.0,0.0,3194.278
2025-11-17 11:00:00+00:00,3193.12,3219.835,3191.03,3201.9,0.337949713,51.0,3213.18241
2025-11-17 12:00:00+00:00,3199.35,3201.87,3179.958,3183.094,0.031636381,8.0,3188.999479
2025-11-17 13:00:00+00:00,3184.2415,3185.9205,3092.05,3117.325,0.306831403,14.0,3109.41829
2025-11-17 14:00:00+00:00,3116.15,3209.8,3100.99,3148.3715,3.029612765,107.0,3173.262239
2025-11-17 15:00:00+00:00,3149.94,3163.388,3103.032,3118.135,0.375694608,6.0,3119.52708
2025-11-17 16:00:00+00:00,3119.565,3139.744,3060.933,3130.2975,1.685459085,64.0,3096.677299
2025-11-17 17:00:00+00:00,3132.68,3133.8855,3051.5,3055.865,0.123959809,10.0,3080.415079
2025-11-17 18:00:00+00:00,3053.01,3078.194,3018.13,3022.78,3.841812778,14.0,3050.535506
2025-11-17 19:00:00+00:00,3023.942,3035.985,2970.5785,2979.665,3.049944985,12.0,3000.789073
2025-11-17 20:00:00+00:00,2978.323,3016.464,2957.8451231525,3001.745,2.567202422,57.0,3000.51344
2025-11-17 21:00:00+00:00,3003.5675,3025.5,2982.0605,3003.79,0.335233109,54.0,3021.339304
2025-11-17 22:00:00+00:00,3003.2625,3029.293,2996.4,3020.115,0.062102518,6.0,3016.586336
2025-11-17 23:00:00+00:00,3018.639,3026.315,3002.78,3026.315,0.223354599,6.0,3019.873672
2025-11-18 00:00:00+00:00,3028.6865,3039.4,2988.6025,3029.4,0.463381399,81.0,3029.862864
2025-11-18 01:00:00+00:00,3027.4825,3045.907,3011.85,3015.265,0.120715237,7.0,3021.550032
2025-11-18 02:00:00+00:00,3013.51,3043.4,2974.903,2982.78,1.200120356,109.0,3014.010957
2025-11-18 03:00:00+00:00,2981.4315,3044.047410667,2943.546,3021.5,4.910357792,28.0,2980.63495
2025-11-18 04:00:00+00:00,3019.1795,3019.908,2955.646,3002.47,5.417589237,8.0,2985.558558
2025-11-18 05:00:00+00:00,3000.65,3020.81,2982.214,3008.795,0.62455506,18.0,3007.130605
2025-11-18 06:00:00+00:00,3007.986,3012.351,2971.183,2985.2185,0.756576616,10.0,2982.551477
2025-11-18 07:00:00+00:00,2984.4975,3030.47,2973.535,3022.2445,9.878038373,19.0,3001.009012
2025-11-18 08:00:00+00:00,3023.6665,3063.6325,3023.0035,3056.9085,43.904937771,72.0,3045.607164
2025-11-18 09:00:00+00:00,3056.4515,3064.0645,3025.05,3057.5545,0.246999716,7.0,3041.988221
2025-11-18 10:00:00+00:00,3057.13,3067.9965,3047.34,3063.578,0.260154582,6.0,3056.221251
2025-11-18 11:00:00+00:00,3061.04,3070.0,3046.681,3054.2665,0.360500411,11.0,3062.051194
2025-11-18 12:00:00+00:00,3052.4235,3062.5605,3036.3,3045.0,0.331760246,49.0,3059.144111
2025-11-18 13:00:00+00:00,3043.4795,3047.37,3018.792,3044.595,0.03400389,4.0,3043.983178
2025-11-18 14:00:00+00:00,3042.42,3090.2,3030.2235,3056.45,1.352199558,92.0,3071.355323
2025-11-18 15:00:00+00:00,3054.3375,3120.9245,3032.76,3104.643,8.54593723,58.0,3094.000763
2025-11-18 16:00:00+00:00,3105.71,3165.7675,3096.93,3149.786,0.625316148,14.0,3133.483325
2025-11-18 17:00:00+00:00,3151.275,3156.633,3119.055,3133.12,3.426342489,9.0,3150.412394
2025-11-18 18:00:00+00:00,3134.615,3168.847,3134.615,3158.546,1.2267959,6.0,3152.804685
2025-11-18 19:00:00+00:00,3156.895,3167.5,3134.6,3145.1515,1.220174089,7.0,3164.342091
2025-11-18 20:00:00+00:00,3142.845,3151.77,3122.0045,3122.0045,0.704394676,49.0,3130.836349
2025-11-18 21:00:00+00:00,3120.917,3129.18,3096.826,3097.3235,0.00078,1.0,3129.18
2025-11-18 22:00:00+00:00,3095.147,3127.6665,3095.147,3124.4085,0.323821,49.0,3118.314674
2025-11-18 23:00:00+00:00,3123.305,3124.8975,3107.215,3123.297,0.004941,5.0,3117.187337
2025-11-19 00:00:00+00:00,3121.336,3121.336,3078.89,3099.145,0.141635748,27.0,3098.087184
2025-11-19 01:00:00+00:00,3097.18,3114.39,3084.13,3103.175,0.157587384,15.0,3097.644652
2025-11-19 02:00:00+00:00,3105.207,3122.9425,3096.165,3112.873,0.013882823,3.0,3117.068083
2025-11-19 03:00:00+00:00,3111.35,3114.7095,3069.0,3070.92,0.14350044,5.0,3080.472264
2025-11-19 04:00:00+00:00,3069.495,3073.495,3045.141,3046.095,3.132359859,8.0,3064.304283
2025-11-19 05:00:00+00:00,3048.3185,3050.2125,2989.685,3015.492,0.834722009,8.0,3018.262294
2025-11-19 06:00:00+00:00,3013.902,3046.02,3008.135,3038.49,3.578986732,45.0,3011.61271
2025-11-19 07:00:00+00:00,3039.9,3088.0,3038.433,3083.7,1.473287607,211.0,3069.951768
2025-11-19 08:00:00+00:00,3082.275,3098.63,3069.54,3077.345,0.449803348,55.0,3091.23629
2025-11-19 09:00:00+00:00,3078.9115,3085.6115,3054.6755,3085.6115,0.128809225,5.0,3073.390526
2025-11-19 10:00:00+00:00,3086.8945,3109.4815,3082.06,3090.43,0.12498093,7.0,3089.804995
2025-11-19 11:00:00+00:00,3087.345,3099.41,3078.4,3083.0895,0.053809758,7.0,3091.855637
2025-11-19 12:00:00+00:00,3080.37,3106.08,3076.7,3098.292,0.529920492,52.0,3086.123901
2025-11-19 13:00:00+00:00,3097.1485,3098.81,3057.7,3064.09,9.139699099,16.0,3089.843609
2025-11-19 14:00:00+00:00,3066.2495,3069.799,3023.0895,3058.786,0.706062232,11.0,3047.372759
2025-11-19 15:00:00+00:00,3057.5285,3103.905,2964.514,2972.16,6.784935643,32.0,3007.275853
2025-11-19 16:00:00+00:00,2970.874,2984.654,2934.9385,2947.845,2.657654538,22.0,2951.352037
2025-11-19 17:00:00+00:00,2949.25,2959.11,2899.903694581,2920.322,1.587706563,21.0,2911.561012
2025-11-19 18:00:00+00:00,2919.291,2925.637,2877.595,2896.1355,0.573364148,17.0,2893.929443
2025-11-19 19:00:00+00:00,2897.8015,2902.4485,2870.389,2877.245,1.104384637,12.0,2878.426158
2025-11-19 20:00:00+00:00,2878.122,2951.65,2872.19,2942.745,0.601930906,40.0,2896.840039
2025-11-19 21:00:00+00:00,2940.985,3036.4394488755,2936.011,2988.205,0.085803494,8.0,2985.338997
2025-11-19 22:00:00+00:00,2986.5505,2986.5505,2955.932,2982.5025,0.03950659,3.0,2969.790495
2025-11-19 23:00:00+00:00,2983.745,3025.2625,2982.955,3023.5615,1.022171622,6.0,3002.276167
2025-11-20 00:00:00+00:00,3026.423,3046.1345,3001.7,3017.138,3.344741066,8.0,3026.36522
2025-11-20 01:00:00+00:00,3018.8945,3049.18,3018.09,3044.61,0.168569057,18.0,3037.447611
2025-11-20 02:00:00+00:00,3042.395,3056.302,3027.1015,3040.621,0.159390134,8.0,3040.328708
2025-11-20 03:00:00+00:00,3042.5,3053.62,3033.36,3037.297,1.574407541,63.0,3045.987286
2025-11-20 04:00:00+00:00,3040.1,3051.882,3016.08,3051.882,0.843201077,26.0,3027.996362
2025-11-20 05:00:00+00:00,3050.4255,3127.4680203045,3029.805,3032.9185,0.098561122,40.0,3043.206638
2025-11-20 06:00:00+00:00,3034.565,3041.252,3002.5,3017.3165,31.289267297,6.0,3003.859692
2025-11-20 07:00:00+00:00,3018.981,3044.25,3013.3,3036.2645,0.119499915,14.0,3038.43437
2025-11-20 08:00:00+00:00,3039.369,3196.1926913045,3018.517,3029.5945,0.412348758,70.0,3029.244194
2025-11-20 09:00:00+00:00,3030.4245,3080.2818134075,2995.745,3007.76,0.403004719,16.0,3013.921379
2025-11-20 10:00:00+00:00,3009.614,3017.19,2992.96,3012.786,2.666171494,8.0,3003.771843
2025-11-20 11:00:00+00:00,3013.695,3023.693,2997.82,3020.33,0.04223453,6.0,3008.072372
2025-11-20 12:00:00+00:00,3019.211,3030.6,3007.07,3024.762,0.848143411,11.0,3024.861454
2025-11-20 13:00:00+00:00,3027.4055,3080.2818134075,2995.162,2997.675,17.425280345,9.0,3003.756545
2025-11-20 14:00:00+00:00,2996.745,3019.548,2962.098,2998.4595,0.509292564,8.0,2991.3679
2025-11-20 15:00:00+00:00,3000.4805,3000.4805,2951.2525,2953.1125,15.89206254,6.0,2960.912247
2025-11-20 16:00:00+00:00,2951.2625,2956.3595,2846.3,2860.385,5.001047163,28.0,2868.115989
2025-11-20 17:00:00+00:00,2858.245,2871.036,2803.879,2830.54,28.296261411,29.0,2824.476841
2025-11-20 18:00:00+00:00,2829.085,2857.385,2803.25,2811.655,0.14416412,6.0,2831.64495
2025-11-20 19:00:00+00:00,2809.8995,2849.05,2789.12,2843.605,1.869844579,16.0,2819.906925
2025-11-20 20:00:00+00:00,2841.958,2851.4515,2816.837,2831.753,3.106926598,25.0,2838.451473
2025-11-20 21:00:00+00:00,2833.345,2895.234,2833.345,2876.12,0.278588844,9.0,2868.734209
2025-11-20 22:00:00+00:00,2873.937,2902.428,2873.736,2882.79,0.651020774,14.0,2892.7265
2025-11-20 23:00:00+00:00,2884.26,2887.2485,2823.4665,2830.05,0.23612768,5.0,2876.207322
2025-11-21 00:00:00+00:00,2831.85,2865.7555,2831.85,2858.105,0.063927334,4.0,2861.772544
2025-11-21 01:00:00+00:00,2859.2865,2882.65,2847.02,2859.35,0.635664753,15.0,2863.562651
2025-11-21 02:00:00+00:00,2857.7,2858.7,2771.75,2780.0695,0.665857684,6.0,2831.650118
2025-11-21 03:00:00+00:00,2782.6515,2821.9455,2780.105,2805.655,1.359487028,9.0,2810.165988
2025-11-21 04:00:00+00:00,2809.01,2817.98,2780.2,2815.98,0.018970292,7.0,2806.556639
2025-11-21 05:00:00+00:00,2814.6965,2828.81,2797.2685,2807.015,2.301324897,9.0,2813.104725
2025-11-21 06:00:00+00:00,2805.24,2811.2610327793,2777.6705,2787.325,3.967380038,11.0,2801.890557
2025-11-21 07:00:00+00:00,2789.07,2799.049,2661.8492610835,2716.36,26.786346922,32.0,2700.921812
2025-11-21 08:00:00+00:00,2715.1985,2750.2,2702.545,2735.115,3.454347298,37.0,2732.61345
2025-11-21 09:00:00+00:00,2736.8795,2745.177,2675.943,2677.432,0.870375621,10.0,2733.193652
2025-11-21 10:00:00+00:00,2678.455,2712.6845,2661.0392610835,2693.253,19.251833408,19.0,2692.894991
2025-11-21 11:00:00+00:00,2695.1855,2718.987,2672.025,2684.415,0.438078512,16.0,2698.325762
2025-11-21 12:00:00+00:00,2685.8,2740.0,2621.2635,2723.912,13.275263692,28.0,2660.405411
2025-11-21 13:00:00+00:00,2722.913,2765.65,2709.1645,2738.795,5.716325234,12.0,2738.376438
2025-11-21 14:00:00+00:00,2740.43,2778.135,2716.142,2767.31,2.238871704,22.0,2736.541717
2025-11-21 15:00:00+00:00,2769.117,2775.5135,2685.861,2703.3045,5.465364976,16.0,2721.963479
2025-11-21 16:00:00+00:00,2704.9,2763.528,2672.8895,2760.484,1.242912457,12.0,2688.572224
2025-11-21 17:00:00+00:00,2760.185,2804.1615,2753.6975,2778.265,1.012189358,17.0,2794.348674
2025-11-21 18:00:00+00:00,2779.79,2792.366,2714.672,2776.56,5.961078847,16.0,2756.038715
2025-11-21 19:00:00+00:00,2777.865,2785.005,2738.36,2749.99,3.137873446,6.0,2782.150691
2025-11-21 20:00:00+00:00,2751.3615,2752.695,2707.275,2735.785,0.739637917,32.0,2725.805632
2025-11-21 21:00:00+00:00,2737.07,2773.6,2730.455,2765.675,3.746642292,8.0,2769.925808
2025-11-21 22:00:00+00:00,2764.5675,2773.881,2719.35,2721.1055,0.386423087,10.0,2755.477211
2025-11-21 23:00:00+00:00,2723.125,2768.83,2711.675,2764.3,0.078958725,5.0,2752.427937
2025-11-22 00:00:00+00:00,2767.3,2778.778,2754.11,2763.813,0.042200546,5.0,2764.415179
2025-11-22 01:00:00+00:00,2764.952,2781.8545,2760.8115,2773.026,0.102861069,6.0,2769.271985
2025-11-22 02:00:00+00:00,2773.65,2775.587,2739.613,2750.7575,0.138283679,5.0,2757.316747
2025-11-22 03:00:00+00:00,2752.425,2756.01,2740.87,2751.269,0.085565068,5.0,2749.19662
2025-11-22 04:00:00+00:00,2750.8495,2750.8495,2727.405187192,2743.7555,0.716743417,4.0,2729.984342
2025-11-22 05:00:00+00:00,2746.14,2747.215,2727.096187192,2742.6,0.011844796,2.0,2745.815795
2025-11-22 06:00:00+00:00,2741.45,2766.23,2731.7705,2763.8665,0.061474841,2.0,2762.756496
2025-11-22 07:00:00+00:00,2765.79,2768.797,2752.771,2754.02,0.404094546,7.0,2759.12853
2025-11-22 08:00:00+00:00,2753.154,2753.154,2718.845,2729.295,0.533704521,13.0,2731.324998
2025-11-22 09:00:00+00:00,2730.111,2738.4,2720.222,2723.915,0.018388487,3.0,2732.455534
2025-11-22 10:00:00+00:00,2725.3765,2729.5305,2703.788,2711.293,0.031994452,3.0,2711.70136
2025-11-22 11:00:00+00:00,2712.48,2741.252,2705.82,2734.08,3.009674328,7.0,2736.10775
2025-11-22 12:00:00+00:00,2731.18,2736.9,2711.105,2719.9535,3.244843883,5.0,2730.234445
2025-11-22 13:00:00+00:00,2718.23,2733.208,2711.16,2716.9835,2.454202987,8.0,2725.398667
2025-11-22 14:00:00+00:00,2718.4085,2752.795,2718.4085,2744.2245,0.312448407,7.0,2745.576014
2025-11-22 15:00:00+00:00,2745.4655,2749.45,2725.58,2738.458,1.094535213,3.0,2726.420232
2025-11-22 16:00:00+00:00,2736.891,2756.8005,2734.357,2754.691,0.045373972,7.0,2746.007604
2025-11-22 17:00:00+00:00,2752.2435,2756.925,2741.051,2749.031,0.048649535,9.0,2750.978038
2025-11-22 18:00:00+00:00,2746.884,2753.552,2741.8825,2750.685,0.046828919,7.0,2750.361186
2025-11-22 19:00:00+00:00,2752.0805,2756.1,2744.061,2750.417,0.033352694,5.0,2750.311201
2025-11-22 20:00:00+00:00,2751.803,2755.0675,2732.7,2740.135,0.125118653,8.0,2748.13753
2025-11-22 21:00:00+00:00,2740.5485,2747.3885,2737.0755,2745.8765,0.004778562,2.0,2741.106729
2025-11-22 22:00:00+00:00,2746.535,2797.35,2740.2675,2788.7065,0.013833387,2.0,2766.377908
2025-11-22 23:00:00+00:00,2787.2395,2791.245,2765.8,2769.795,0.081934785,6.0,2774.284955
2025-11-23 00:00:00+00:00,2767.86,2787.4095,2765.93,2771.034,0.145008542,9.0,2780.897777
2025-11-23 01:00:00+00:00,2772.15,2812.6525327793,2770.8255,2806.43,35.049456063,10.0,2800.71919
2025-11-23 02:00:00+00:00,2807.5695,2831.31,2803.325,2819.1515,6.524057958,16.0,2815.575943
2025-11-23 03:00:00+00:00,2817.7195,2823.875,2808.75,2823.875,0.042983825,3.0,2817.924966
2025-11-23 04:00:00+00:00,2824.677,2850.6025,2817.6,2826.195,20.29695911,13.0,2840.189365
2025-11-23 05:00:00+00:00,2823.31,2830.153,2812.75,2823.9985,0.13507384,7.0,2823.748771
2025-11-23 06:00:00+00:00,2822.5015,2830.345,2805.135,2810.008,0.150716443,3.0,2810.801629
2025-11-23 07:00:00+00:00,2811.2635,2811.2635,2776.105,2792.1615,0.035778833,2.0,2798.229207
2025-11-23 08:00:00+00:00,2794.15,2815.21,2794.15,2812.5957906574,0.428040468,5.0,2811.905217
2025-11-23 09:00:00+00:00,2811.6107906574,2821.9495,2804.245,2815.625,2.216294735,14.0,2812.012047
2025-11-23 10:00:00+00:00,2813.8,2814.5,2801.884,2807.5975,0.31133793,6.0,2810.048776
2025-11-23 11:00:00+00:00,2805.715,2819.595,2801.857,2813.915,0.828311667,11.0,2815.563652
2025-11-23 12:00:00+00:00,2814.6425,2844.01,2813.206,2834.035,1.63259289,15.0,2830.668346
2025-11-23 13:00:00+00:00,2832.69,2843.7785,2821.0,2842.6235,0.452906958,6.0,2828.916239
2025-11-23 14:00:00+00:00,2843.595,2855.7525,2810.94,2814.0085,1.865292055,14.0,2842.272267
2025-11-23 15:00:00+00:00,2812.725,2839.5,2810.056,2835.7405,0.748872293,5.0,2834.453848
2025-11-23 16:00:00+00:00,2834.703,2845.185,2798.44,2798.44,4.488038575,16.0,2832.332106
2025-11-23 17:00:00+00:00,2799.9,2807.749,2784.797,2792.5045,0.389899472,6.0,2794.765752
2025-11-23 18:00:00+00:00,2793.6025,2816.085,2793.36,2807.238,0.135136122,4.0,2809.764594
2025-11-23 19:00:00+00:00,2808.345,2836.655,2807.505,2821.4685,1.029568961,13.0,2825.530079
2025-11-23 20:00:00+00:00,2822.8,2834.829,2821.9015,2828.162,0.193099505,27.0,2830.467446
2025-11-23 21:00:00+00:00,2826.2935,2844.349,2824.1435,2841.876,0.128486684,2.0,2834.428883
2025-11-23 22:00:00+00:00,2842.8995,2842.8995,2822.8,2837.8035,0.253871497,7.0,2836.389465
2025-11-23 23:00:00+00:00,2839.057,2841.78,2795.332,2801.369,0.117561091,7.0,2809.567181
2025-11-24 00:00:00+00:00,2800.1,2805.8,2764.507,2787.37,34.516290394,18.0,2774.700991
2025-11-24 01:00:00+00:00,2786.45,2805.73,2778.305,2805.697,0.071915,12.0,2785.246795
2025-11-24 02:00:00+00:00,2804.173,2863.62,2804.173,2838.64,0.624937084,8.0,2843.601711
2025-11-24 03:00:00+00:00,2839.699,2863.034695431,2834.56,2856.21,0.12313889,7.0,2848.08599
2025-11-24 04:00:00+00:00,2854.815,2868.43,2802.7,2824.2095,0.524791412,11.0,2854.895192
2025-11-24 05:00:00+00:00,2823.305,2884.375,2821.5195,2865.6095,3.721711542,12.0,2875.749007
2025-11-24 06:00:00+00:00,2868.017,2869.2,2828.2335,2838.75,1.34017238,5.0,2849.470289
2025-11-24 07:00:00+00:00,2837.4795,2845.9,2823.7595,2828.675,0.068008081,10.0,2845.224451
2025-11-24 08:00:00+00:00,2826.8195,2840.05,2818.076,2837.655,0.065172425,3.0,2818.304173
2025-11-24 09:00:00+00:00,2836.53,2836.53,2786.7595,2796.185,0.001040156,1.0,2802.6
2025-11-24 10:00:00+00:00,2794.65,2805.24,2792.1,2799.293,0.000878,3.0,2796.001253
2025-11-24 11:00:00+00:00,2800.525,2807.01,2789.55,2801.199,0.011821,3.0,2796.183586
2025-11-24 12:00:00+00:00,2800.2975,2810.95,2793.55,2802.918,0.018640149,9.0,2804.523255
2025-11-24 13:00:00+00:00,2806.156,2828.6025,2802.16,2814.915,0.903037649,12.0,2811.846132
2025-11-24 14:00:00+00:00,2812.74,2847.088,2783.85,2829.7335,3.53683945,12.0,2832.045621
2025-11-24 15:00:00+00:00,2831.33,2857.62,2811.622,2844.45,1.197644358,22.0,2834.795303
2025-11-24 16:00:00+00:00,2846.6785,2872.03,2841.2,2858.265,4.219843056,19.0,2855.616263
2025-11-24 17:00:00+00:00,2860.4085,2942.15,2856.12,2938.975,21.365155396,23.0,2861.348456
2025-11-24 18:00:00+00:00,2940.305,2960.6355,2927.48,2956.585,1.283346564,13.0,2940.372296
2025-11-24 19:00:00+00:00,2955.235,2978.1055,2954.115,2957.4,6.480556777,12.0,2965.073032
2025-11-24 20:00:00+00:00,2959.1,2985.552,2952.415,2972.7845,2.146346106,79.0,2978.59405
2025-11-24 21:00:00+00:00,2971.3,2972.5165,2947.945,2958.7115,0.200390387,15.0,2958.491691
2025-11-24 22:00:00+00:00,2959.8795,2979.091,2952.2615,2960.544,7.167356696,20.0,2963.979855
2025-11-24 23:00:00+00:00,2959.182,2970.0,2949.81,2953.335,0.031986596,12.0,2960.758797
2025-11-25 00:00:00+00:00,2952.135,2952.135,2932.1035,2942.472,0.156277415,19.0,2942.202071
2025-11-25 01:00:00+00:00,2940.8895,2946.51,2917.431,2917.431,0.021726225,3.0,2935.373421
2025-11-25 02:00:00+00:00,2915.9,2933.21,2908.71,2929.6145,1.183258464,16.0,2925.54219
2025-11-25 03:00:00+00:00,2928.76,2934.249,2903.9555,2911.563,0.016041381,5.0,2921.359361
2025-11-25 04:00:00+00:00,2914.79,2941.7,2910.45,2938.2,0.413795378,11.0,2930.031513
2025-11-25 05:00:00+00:00,2941.5,2941.5,2918.5,2929.185,0.128782153,12.0,2937.106018
2025-11-25 06:00:00+00:00,2926.974,2927.78,2911.8765,2922.45,3.354214688,7.0,2927.563262
2025-11-25 07:00:00+00:00,2920.9465,2924.935,2901.66,2901.66,1.037872464,9.0,2909.072687
2025-11-25 08:00:00+00:00,2903.1,2909.232,2866.91,2871.205,0.410422025,15.0,2904.090438
2025-11-25 09:00:00+00:00,2869.11,2893.87,2865.095,2892.37,3.552751352,10.0,2869.97628
2025-11-25 10:00:00+00:00,2892.37,2899.19,2879.4805,2898.068,0.082506045,13.0,2898.050755
2025-11-25 11:00:00+00:00,2897.04,2899.0095,2888.6,2891.0395,2.101103123,14.0,2896.19052
2025-11-25 12:00:00+00:00,2891.0395,2929.9,2889.65,2927.05,1.087951522,9.0,2909.986391
2025-11-25 13:00:00+00:00,2926.0325,2933.406,2899.75,2905.6345,4.179514246,21.0,2932.677502
2025-11-25 14:00:00+00:00,2907.6835,2921.1,2856.12,2880.605,5.689712952,17.0,2906.787791
2025-11-25 15:00:00+00:00,2879.879,2910.1475,2856.49,2894.03,0.081796873,4.0,2881.724806
2025-11-25 16:00:00+00:00,2895.2745,2936.185,2886.707,2928.213,0.399577402,98.0,2919.827349
2025-11-25 17:00:00+00:00,2929.84,2953.132,2920.3095,2935.442,1.979907593,107.0,2946.806255
2025-11-25 18:00:00+00:00,2937.1635,2956.8,2922.1425,2923.45,1.820086724,14.0,2953.64366
2025-11-25 19:00:00+00:00,2921.8515,2926.8625,2872.5445,2921.5295,0.66750841,13.0,2905.267185
2025-11-25 20:00:00+00:00,2923.52,2943.457,2918.05,2929.6985,1.123229017,198.0,2932.996178
2025-11-25 21:00:00+00:00,2927.085,2944.92,2922.65,2931.2265,0.00385,2.0,2934.509091
2025-11-25 22:00:00+00:00,2930.345,2973.795,2907.048,2971.345,1.995176097,107.0,2931.099337
2025-11-25 23:00:00+00:00,2968.767,2977.4,2952.0475,2958.8335,3.312943049,9.0,2975.77713
2025-11-26 00:00:00+00:00,2959.55,2970.5365,2949.1175,2952.2,0.026001248,6.0,2957.873586
2025-11-26 01:00:00+00:00,2949.4,2986.101,2944.5175,2969.5,0.757025223,205.0,2970.00993
2025-11-26 02:00:00+00:00,2968.0135,2974.1095,2955.655,2955.655,0.278142568,15.0,2965.536889
2025-11-26 03:00:00+00:00,2954.665,2961.86,2922.475,2925.47,0.084474248,5.0,2950.099494
2025-11-26 04:00:00+00:00,2926.9075,2939.1455,2919.9255,2929.887,0.766120132,17.0,2932.418891
2025-11-26 05:00:00+00:00,2931.442,2951.96,2930.49,2942.825,0.029528607,6.0,2944.345119
2025-11-26 06:00:00+00:00,2945.9,2948.8,2932.025,2946.248,0.021929864,7.0,2945.748741
2025-11-26 07:00:00+00:00,2945.0585,2947.599,2934.381,2942.555,2.07874344,23.0,2944.179985
2025-11-26 08:00:00+00:00,2946.1595,2946.1595,2910.735,2911.69,0.937474586,7.0,2914.512494
2025-11-26 09:00:00+00:00,2910.535,2915.2,2900.8,2906.1015,0.002541,2.0,2907.912184
2025-11-26 10:00:00+00:00,2907.215,2916.39,2905.0925,2913.0695,0.738561113,9.0,2910.063088
2025-11-26 11:00:00+00:00,2911.15,2915.8,2907.6075,2913.4235,0.050405744,2.0,2912.958738
2025-11-26 12:00:00+00:00,2915.0195,2916.546,2888.922,2902.19,0.239810807,17.0,2901.29318
2025-11-26 13:00:00+00:00,2900.27,2934.563,2898.8765,2933.715,0.449089986,9.0,2925.823827
2025-11-26 14:00:00+00:00,2932.097,2945.55,2905.3225,2909.0515,0.869923492,12.0,2930.286676
2025-11-26 15:00:00+00:00,2907.25,2938.53,2907.25,2925.565,0.462383151,9.0,2918.474619
2025-11-26 16:00:00+00:00,2927.6,2958.985,2927.6,2945.779,1.694170441,12.0,2946.637823
2025-11-26 17:00:00+00:00,2947.445,3031.46,2938.7605,3027.547,6.955281708,110.0,3026.724526
2025-11-26 18:00:00+00:00,3028.85,3043.0850253805,3013.665,3033.87,2.738419295,17.0,3035.725485
2025-11-26 19:00:00+00:00,3033.8725,3040.1,3018.25,3032.269,0.837823833,22.0,3029.65361
2025-11-26 20:00:00+00:00,3031.81,3031.81,3008.2975,3025.2695,0.149223004,19.0,3022.065965
2025-11-26 21:00:00+00:00,3026.809,3035.03,3015.14,3021.595,0.03153459,4.0,3032.097072
2025-11-26 22:00:00+00:00,3020.195,3034.07,3019.0,3027.8735,0.319002,91.0,3029.188656
2025-11-26 23:00:00+00:00,3026.2185,3032.893,3017.91,3027.318,0.058155291,4.0,3026.229488
2025-11-27 00:00:00+00:00,3026.366,3044.635,3007.713,3034.4215,0.377172437,92.0,3036.605943
2025-11-27 01:00:00+00:00,3035.995,3057.15,3028.23,3052.405,0.368212078,17.0,3041.527985
2025-11-27 02:00:00+00:00,3053.9535,3069.389,3037.91,3038.0,0.276378758,8.0,3048.30171
2025-11-27 03:00:00+00:00,3036.9655,3051.213,3031.04,3033.251,0.328405831,92.0,3043.016733
2025-11-27 04:00:00+00:00,3035.387,3055.5,3031.1,3041.84,0.153600993,33.0,3045.837502
2025-11-27 05:00:00+00:00,3040.449,3047.008,3017.506,3023.465,0.544147033,11.0,3040.095756
2025-11-27 06:00:00+00:00,3024.85,3034.287,3024.007,3027.2785,0.007782,7.0,3029.771331
2025-11-27 07:00:00+00:00,3028.8175,3036.82,3026.61,3034.39,0.72879059,6.0,3035.740241
2025-11-27 08:00:00+00:00,3032.65,3034.659,3018.15,3027.625,0.073602866,10.0,3030.093765
2025-11-27 09:00:00+00:00,3026.1315,3042.5,3024.4,3027.426,0.580530086,13.0,3029.974379
2025-11-27 10:00:00+00:00,3029.187,3037.5,3022.48,3034.602,0.264310468,3.0,3037.128347
2025-11-27 11:00:00+00:00,3037.557,3037.557,3023.3,3028.7935,0.18393,8.0,3034.439491
2025-11-27 12:00:00+00:00,3030.48,3030.48,2989.855,2990.705,0.095941602,9.0,3019.354192
2025-11-27 13:00:00+00:00,2989.955,3002.623,2988.91,2996.0545,0.171192174,19.0,2998.640193
2025-11-27 14:00:00+00:00,2998.864,3001.3,2984.85,2996.85,1.763709145,17.0,2997.025543
2025-11-27 15:00:00+00:00,2994.905,3015.276,2991.405,3010.0275,0.222674254,8.0,3008.64598
2025-11-27 16:00:00+00:00,3013.739,3026.36,3005.5,3021.575,1.466154375,12.0,3019.504824
2025-11-27 17:00:00+00:00,3019.77,3025.042,3012.3,3020.29,0.309896,6.0,3020.656417
2025-11-27 18:00:00+00:00,3017.8665,3038.217,3017.304,3037.348,0.159072774,1.0,3035.36
2025-11-27 19:00:00+00:00,3036.41,3038.1,3026.61,3031.23,0.244924897,3.0,3035.358147
2025-11-27 20:00:00+00:00,3032.685,3046.73,3031.401,3038.3,0.33814723,49.0,3044.596619
2025-11-27 21:00:00+00:00,3037.4115,3043.8125,3030.1775,3032.635,1.734474936,9.0,3038.919789
2025-11-27 22:00:00+00:00,3028.9,3036.529,3003.725,3011.6085,0.056825076,3.0,3024.081758
2025-11-27 23:00:00+00:00,3012.583,3022.4385,3008.515,3015.4,0.096692527,5.0,3016.574557
2025-11-28 00:00:00+00:00,3012.9835,3024.005,3010.405,3014.35,0.018044,7.0,3016.78421
2025-11-28 01:00:00+00:00,3015.215,3016.345,2994.25,2998.435,0.01957532,5.0,2998.945178
2025-11-28 02:00:00+00:00,3000.245,3015.83,2997.19,3011.35,0.0112552,10.0,3007.083551
2025-11-28 03:00:00+00:00,3009.4,3015.559,3003.792,3009.4055,11.446357378,5.0,3003.983836
2025-11-28 04:00:00+00:00,3008.358,3020.152,3006.355,3017.34,0.119950335,8.0,3018.369762
2025-11-28 05:00:00+00:00,3016.8805,3027.99,3013.092,3023.845,0.118716107,29.0,3025.183276
2025-11-28 06:00:00+00:00,3021.9505,3025.001,3004.172,3010.306,0.196636735,14.0,3022.166389
2025-11-28 07:00:00+00:00,3008.8675,3024.01,3000.86,3002.422,0.992175797,18.0,3010.247683
2025-11-28 08:00:00+00:00,3004.0375,3078.3,3004.0375,3064.08,2.600185022,125.0,3044.390009
2025-11-28 09:00:00+00:00,3065.69,3071.434,3049.85,3054.551,1.30730641,20.0,3061.6284
2025-11-28 10:00:00+00:00,3054.53,3063.2855,3047.995,3061.1825,0.278580841,15.0,3056.836175
2025-11-28 11:00:00+00:00,3059.4805,3061.04,3017.8875,3034.7625,0.101964564,17.0,3037.634319
2025-11-28 12:00:00+00:00,3033.259,3047.8,3033.08,3035.75,2.249761739,20.0,3038.413336
2025-11-28 13:00:00+00:00,3038.8,3088.014,3027.0245,3073.4835,0.617219004,164.0,3071.090738
2025-11-28 14:00:00+00:00,3072.2155,3096.17,3052.894,3066.585,0.663277863,111.0,3079.141994
2025-11-28 15:00:00+00:00,3068.547,3091.592,3056.45,3076.0035,5.098356069,21.0,3081.472709
2025-11-28 16:00:00+00:00,3074.5,3077.2,3022.651,3025.5515,1.32042872,24.0,3047.498217
2025-11-28 17:00:00+00:00,3024.425,3044.2,3012.24,3034.615,1.266999374,52.0,3033.762369
2025-11-28 18:00:00+00:00,3037.1295,3052.3,3026.86,3044.095,0.500316964,131.0,3045.308951
2025-11-28 19:00:00+00:00,3041.27,3059.275,3038.603,3050.65,1.020494093,15.0,3044.753274
2025-11-28 20:00:00+00:00,3049.764,3059.9,3037.2,3058.087,0.054153642,18.0,3051.849153
2025-11-28 21:00:00+00:00,3058.45,3058.5065,3037.35,3037.35,0.005937,6.0,3051.925296
2025-11-28 22:00:00+00:00,3035.72,3045.3,3023.4805,3039.85,0.009830848,8.0,3034.886586
2025-11-28 23:00:00+00:00,3041.172,3049.637,3030.975,3032.79,0.045755,12.0,3043.378784
2025-11-29 00:00:00+00:00,3031.379,3039.689,3030.49,3037.405,0.011537,3.0,3031.094255
2025-11-29 01:00:00+00:00,3038.2945,3055.0,3032.95,3039.1265,0.277747671,13.0,3053.36953
2025-11-29 02:00:00+00:00,3041.943,3044.459,3025.602,3031.8,0.013202963,5.0,3036.427037
2025-11-29 03:00:00+00:00,3035.0,3036.8695,3018.58,3024.292,0.085528,19.0,3027.978676
2025-11-29 04:00:00+00:00,3023.175,3044.6335,3020.8,3042.165,0.201884921,14.0,3033.338144
2025-11-29 05:00:00+00:00,3040.545,3043.58,3032.368,3033.45,0.032701,5.0,3039.728514
2025-11-29 06:00:00+00:00,3030.5,3040.883,2995.29,3008.585,0.57134326,18.0,3018.797737
2025-11-29 07:00:00+00:00,3010.015,3015.105,2996.7495,3005.725,0.009943,5.0,3012.75282
2025-11-29 08:00:00+00:00,3004.035,3012.82,3002.1155,3009.522,1.382373291,18.0,3010.440427
2025-11-29 09:00:00+00:00,3011.2,3011.2,2999.2,3003.9725,0.008199,4.0,3002.531157
2025-11-29 10:00:00+00:00,3001.445,3008.7,2989.519,2998.3715,0.119523914,7.0,3006.497798
2025-11-29 11:00:00+00:00,2995.53,3003.85,2993.498,3001.0,3.474577344,10.0,2995.708401
2025-11-29 12:00:00+00:00,3000.15,3003.29,2992.6,2998.5385,0.113975,6.0,3003.092952
2025-11-29 13:00:00+00:00,2998.209,3006.6,2993.15,3000.426,0.029673789,4.0,2997.924823
2025-11-29 14:00:00+00:00,2999.0275,3001.3,2988.2105,2989.6,0.054870222,10.0,2993.470684
2025-11-29 15:00:00+00:00,2990.5,3014.4595,2989.525,3008.202,0.203413493,6.0,3005.812239
2025-11-29 16:00:00+00:00,3005.796,3012.011,2999.728,3004.16,0.350784154,8.0,3006.140723
2025-11-29 17:00:00+00:00,3003.476,3004.36,2970.0815,2971.13,0.0131924,5.0,2998.606292
2025-11-29 18:00:00+00:00,2972.4815,2998.35,2964.259,2994.97,0.163172248,7.0,2990.970679
2025-11-29 19:00:00+00:00,2996.2695,3000.6695,2986.55,2989.66,0.001228381,1.0,2992.5
2025-11-29 20:00:00+00:00,2993.12,3000.29,2984.5345,2997.9185,0.707532072,36.0,2989.298557
2025-11-29 21:00:00+00:00,3000.2365,3000.2365,2984.615,2994.678,0.001654372,4.0,2994.240277
2025-11-29 22:00:00+00:00,2994.272,2996.16,2982.36,2989.3295,0.00915329,2.0,2982.644121
2025-11-29 23:00:00+00:00,2990.266,2995.5,2986.68,2990.36,0.030443873,5.0,2995.343299
2025-11-30 00:00:00+00:00,2991.41,2999.65,2990.51,2998.025,0.039263919,3.0,2996.547078
2025-11-30 01:00:00+00:00,2997.0365,3010.95,2997.0365,3006.39,0.160579998,9.0,3006.809621
2025-11-30 02:00:00+00:00,3008.1905,3011.25,2992.633,2992.633,0.003816,3.0,2999.273136
2025-11-30 03:00:00+00:00,2996.066,3006.1735,2978.32,3002.3,3.207145915,4.0,2988.477688
2025-11-30 04:00:00+00:00,3000.92,3005.066,2997.263,2998.76,0.015627604,5.0,3002.285751
2025-11-30 05:00:00+00:00,3001.39,3001.39,2986.635,2993.05,0.038458506,7.0,2993.785714
2025-11-30 06:00:00+00:00,2992.865,3001.45,2988.285,2998.65,0.012016,5.0,2994.950419
2025-11-30 07:00:00+00:00,2997.1685,3010.771,2997.1685,3006.51,0.216088694,5.0,3006.450919
2025-11-30 08:00:00+00:00,3006.505,3017.72,3003.51,3007.28,0.03938981,5.0,3012.278325
2025-11-30 09:00:00+00:00,3007.28,3014.275,3003.02,3011.5525,0.57266749,8.0,3008.007834
2025-11-30 10:00:00+00:00,3014.605,3014.605,3007.67,3010.5205,0.013994203,9.0,3012.353912
2025-11-30 11:00:00+00:00,3008.8725,3016.5655,3000.5355,3004.405,0.967682315,7.0,3008.493904
2025-11-30 12:00:00+00:00,3003.955,3032.275,3003.01,3025.663,0.372681631,17.0,3014.668839
2025-11-30 13:00:00+00:00,3027.326,3052.285,3022.988,3048.0795,0.103954143,12.0,3042.403114
2025-11-30 14:00:00+00:00,3050.171,3053.2,3027.96,3037.942,3.325571348,8.0,3053.1629
2025-11-30 15:00:00+00:00,3037.937,3037.942,3025.905,3028.805,0.044227303,3.0,3031.30302
2025-11-30 16:00:00+00:00,3031.78,3050.807,3028.805,3045.183,0.068694235,12.0,3042.462275
2025-11-30 17:00:00+00:00,3043.43,3044.7035,3032.702,3040.94,0.003897,3.0,3043.280808
2025-11-30 18:00:00+00:00,3039.855,3039.855,3030.18,3037.74,0.04066899,6.0,3037.936176
2025-11-30 19:00:00+00:00,3035.55,3041.1145,3029.521,3034.729,0.003199,2.0,3029.894398
2025-11-30 20:00:00+00:00,3036.9675,3041.09,3021.285,3028.9035,0.165917708,19.0,3022.628646
2025-11-30 21:00:00+00:00,3027.3765,3028.458,3015.18,3022.7,0.001555,4.0,3025.223925
2025-11-30 22:00:00+00:00,3023.9965,3037.46,3023.1,3034.22,0.04135439,11.0,3030.232202
2025-11-30 23:00:00+00:00,3035.79,3035.79,2989.615,2991.9035,0.04114961,9.0,3002.955833
2025-12-01 00:00:00+00:00,2988.667,2999.208,2831.5855,2840.135,4.249777814,29.0,2968.090884
2025-12-01 01:00:00+00:00,2839.57,2861.6,2834.2315,2852.252,0.576191772,20.0,2851.626709
2025-12-01 02:00:00+00:00,2854.734,2873.8305,2830.025,2838.827,0.384575063,17.0,2858.763782
2025-12-01 03:00:00+00:00,2836.7595,2840.569,2814.4045,2825.9,0.393128293,11.0,2828.293237
2025-12-01 04:00:00+00:00,2824.68,2827.76,2808.9008866995,2822.04,0.199011827,10.0,2817.487568
2025-12-01 05:00:00+00:00,2824.38,2831.267,2813.152,2828.687,1.668409268,21.0,2822.898672
2025-12-01 06:00:00+00:00,2826.374,2834.63,2822.9,2825.425,0.013158,7.0,2828.444651
2025-12-01 07:00:00+00:00,2823.86,2845.296,2821.295,2840.32,0.013679,7.0,2842.2675
2025-12-01 08:00:00+00:00,2840.315,2845.18,2832.77,2840.64,1.060387591,9.0,2836.299753
2025-12-01 09:00:00+00:00,2840.64,2851.255,2829.525,2839.91,1.567487687,6.0,2846.655197
2025-12-01 10:00:00+00:00,2840.975,2846.46,2834.879,2844.525,5.480470181,11.0,2843.069222
2025-12-01 11:00:00+00:00,2844.52,2849.57,2835.885,2837.365,0.399167303,13.0,2842.270015
2025-12-01 12:00:00+00:00,2838.881,2839.026,2794.6,2820.745,0.512993968,19.0,2812.238734
2025-12-01 13:00:00+00:00,2819.5125,2841.0,2804.64,2813.83,0.100790484,10.0,2814.598839
2025-12-01 14:00:00+00:00,2813.825,2831.695,2806.2785,2817.0775,0.992267079,20.0,2818.080009
2025-12-01 15:00:00+00:00,2819.479,2820.49,2719.007,2745.051,8.882667975,41.0,2764.345553
2025-12-01 16:00:00+00:00,2745.056,2755.2835,2720.095,2728.88,1.014668922,23.0,2741.09346
2025-12-01 17:00:00+00:00,2730.8305,2752.285,2729.318,2738.927,0.306246,13.0,2747.291916
2025-12-01 18:00:00+00:00,2739.6985,2757.059,2725.49,2750.736,0.661077608,22.0,2742.913422
2025-12-01 19:00:00+00:00,2749.595,2752.18,2731.027,2740.8415,2.304123478,14.0,2747.55515
2025-12-01 20:00:00+00:00,2740.8465,2769.35,2740.8465,2756.351,1.851729787,59.0,2750.505478
2025-12-01 21:00:00+00:00,2758.77,2797.66,2756.528,2791.557,0.401937896,16.0,2782.550232
2025-12-01 22:00:00+00:00,2793.1305,2811.8345,2789.2,2798.735,0.113097618,6.0,2794.430111
2025-12-01 23:00:00+00:00,2798.9945,2818.5,2796.42,2798.84,0.337752839,11.0,2802.470174
2025-12-02 00:00:00+00:00,2798.84,2803.15,2784.24,2795.0,0.031940169,12.0,2795.073572
2025-12-02 01:00:00+00:00,2794.985,2823.2085,2792.9445,2795.59,1.126573406,17.0,2801.222461
2025-12-02 02:00:00+00:00,2793.9605,2816.2,2785.19,2800.7485,0.169864975,6.0,2804.346587
2025-12-02 03:00:00+00:00,2803.0,2810.256,2785.2,2803.98,0.204256482,15.0,2795.887771
2025-12-02 04:00:00+00:00,2803.985,2814.2,2801.2,2804.9485,0.205427366,13.0,2806.556148
2025-12-02 05:00:00+00:00,2807.9,2807.9,2797.19,2804.515,0.013138477,3.0,2805.144461
2025-12-02 06:00:00+00:00,2802.165,2816.04,2796.474,2813.3555,0.109882286,7.0,2814.937215
2025-12-02 07:00:00+00:00,2813.88,2813.88,2802.862,2807.061,0.285251669,12.0,2807.036676
2025-12-02 08:00:00+00:00,2805.615,2806.619,2783.3485,2797.836,0.733026503,4.0,2792.430961
2025-12-02 09:00:00+00:00,2797.84,2811.104,2795.07,2798.7,0.020775,5.0,2804.257426
2025-12-02 10:00:00+00:00,2798.705,2834.142,2798.705,2823.6975,0.204638108,8.0,2811.049292
2025-12-02 11:00:00+00:00,2824.493,2830.92,2817.77,2825.245,2.220264344,12.0,2830.439021
2025-12-02 12:00:00+00:00,2825.9815,2831.7,2817.549,2827.815,3.838356259,13.0,2830.964176
2025-12-02 13:00:00+00:00,2829.722,2847.4935,2822.4415,2844.425,0.301650485,15.0,2838.526151
2025-12-02 14:00:00+00:00,2845.095,2910.7,2840.894,2895.9685,3.038033765,32.0,2877.885934
2025-12-02 15:00:00+00:00,2896.043,3024.765,2896.043,3006.442,5.606062743,34.0,2964.720198
2025-12-02 16:00:00+00:00,3008.585,3024.54,2988.1,2995.7095,0.440641359,18.0,3000.483756
2025-12-02 17:00:00+00:00,2996.907,3033.585,2995.7225,3016.775,5.91968738,12.0,3021.148834
2025-12-02 18:00:00+00:00,3015.73,3033.991,3009.7275,3013.595,0.235428682,10.0,3023.86718
2025-12-02 19:00:00+00:00,3014.8195,3032.97,3012.8,3015.9245,0.729690251,11.0,3015.202802
2025-12-02 20:00:00+00:00,3017.6945,3017.6945,2975.05,2980.75,1.39935355,51.0,2989.255559
2025-12-02 21:00:00+00:00,2980.3185,2998.8765,2978.65,2997.15,0.00267,4.0,2994.632915
2025-12-02 22:00:00+00:00,2998.208,3022.575,2998.1105,3019.204,0.133454101,7.0,3010.849704
2025-12-02 23:00:00+00:00,3017.055,3019.25,2993.8095,2996.815,0.031767,3.0,3000.50882
2025-12-03 00:00:00+00:00,2995.8575,3009.303,2986.247,3004.9,0.234153297,13.0,2996.300928
2025-12-03 01:00:00+00:00,3002.705,3027.2195,3000.7515,3016.9,0.051903338,9.0,3014.680869
2025-12-03 02:00:00+00:00,3014.715,3048.625,3011.62,3032.154,0.292003003,15.0,3042.984027
2025-12-03 03:00:00+00:00,3028.975,3040.36,3021.05,3031.9185,0.171412,15.0,3035.032437
2025-12-03 04:00:00+00:00,3032.774,3061.3,3031.529,3057.05,0.106767607,12.0,3055.216749
2025-12-03 05:00:00+00:00,3055.4485,3070.3,3049.946,3060.0725,0.69361775,13.0,3061.204076
2025-12-03 06:00:00+00:00,3061.815,3086.79,3057.5405,3068.1295,0.174117761,16.0,3071.172662
2025-12-03 07:00:00+00:00,3066.241,3069.15,3053.645,3059.083,94.188961887,13.0,3063.728851
2025-12-03 08:00:00+00:00,3059.6515,3062.865,3049.365,3051.1825,0.004049,4.0,3057.336036
2025-12-03 09:00:00+00:00,3049.854,3063.23,3049.854,3061.1875,0.001183,2.0,3053.424303
2025-12-03 10:00:00+00:00,3063.077,3079.465,3051.805,3055.31,0.474243533,6.0,3069.798431
2025-12-03 11:00:00+00:00,3056.25,3076.6505,3052.0825,3074.5175,0.055729,7.0,3066.474717
2025-12-03 12:00:00+00:00,3076.13,3084.345,3068.71,3082.9915,0.153136604,11.0,3078.455294
2025-12-03 13:00:00+00:00,3080.835,3096.37,3079.09,3090.65,0.404160897,14.0,3090.329226
2025-12-03 14:00:00+00:00,3091.9825,3142.559,3033.2,3077.248,2.408747811,37.0,3116.48919
2025-12-03 15:00:00+00:00,3078.8,3110.917,3057.035,3085.63,1.967249053,18.0,3090.948543
2025-12-03 16:00:00+00:00,3086.915,3107.7905,3062.79,3088.8,0.149933775,13.0,3088.091924
2025-12-03 17:00:00+00:00,3090.11,3135.28,3090.11,3130.0175,0.921297776,17.0,3116.978754
2025-12-03 18:00:00+00:00,3131.435,3142.888,3105.7555,3116.943,0.463279901,19.0,3129.862728
2025-12-03 19:00:00+00:00,3115.2915,3133.6425,3113.0475,3128.0605,0.040064578,7.0,3131.026112
2025-12-03 20:00:00+00:00,3129.7965,3158.93,3118.141,3136.123,33.920546511,48.0,3129.829229
2025-12-03 21:00:00+00:00,3136.9,3170.6,3128.7035,3164.636,0.378031731,8.0,3138.481381
2025-12-03 22:00:00+00:00,3162.781,3197.969543147,3147.4,3188.57096,0.250712391,18.0,3168.827464
2025-12-03 23:00:00+00:00,3188.57,3214.2795,3179.5165,3190.41,1.21185254,15.0,3197.656077
2025-12-04 00:00:00+00:00,3190.41,3206.755,3175.9375,3199.2235,0.534128598,18.0,3198.760923
2025-12-04 01:00:00+00:00,3201.647,3237.98,3194.97,3202.8775,0.194129438,35.0,3217.24462
2025-12-04 02:00:00+00:00,3204.5575,3227.61,3201.165,3224.45,0.624124483,20.0,3225.823282
2025-12-04 03:00:00+00:00,3222.71,3229.525,3206.107832512,3210.23,0.096482794,23.0,3211.708168
2025-12-04 04:00:00+00:00,3210.23,3219.5665,3188.2895,3192.1565,1.091629723,28.0,3202.647588
2025-12-04 05:00:00+00:00,3192.1565,3197.385,3171.029,3186.59,1.09430072,30.0,3182.580292
2025-12-04 06:00:00+00:00,3186.59,3217.086,3181.96,3205.269,2.762309608,19.0,3211.234146
2025-12-04 07:00:00+00:00,3205.2675,3205.726,3183.87,3190.745,1.980378093,17.0,3194.761961
2025-12-04 08:00:00+00:00,3190.745,3197.9025,3175.57,3183.93,0.360374918,7.0,3183.480764
2025-12-04 09:00:00+00:00,3184.7435,3209.2785,3184.255,3200.5545,0.051959,12.0,3196.913011
2025-12-04 10:00:00+00:00,3202.833,3203.6905,3184.8,3188.47,0.298053166,15.0,3197.902732
2025-12-04 11:00:00+00:00,3188.53,3194.7,3178.519,3185.8345,2.078675458,9.0,3179.253768
2025-12-04 12:00:00+00:00,3189.099,3193.8565,3175.089,3176.31,0.162458084,11.0,3182.802185
2025-12-04 13:00:00+00:00,3176.311,3190.886,3161.69,3172.165,0.925917135,8.0,3171.457957
2025-12-04 14:00:00+00:00,3170.753,3189.6345,3141.3,3146.935,0.276669431,24.0,3172.307374
2025-12-04 15:00:00+00:00,3144.67,3224.2735,3144.67,3209.75,0.768831344,31.0,3177.335127
2025-12-04 16:00:00+00:00,3209.75,3224.265,3163.76,3170.708,0.641320103,26.0,3194.945448
2025-12-04 17:00:00+00:00,3169.0195,3175.67,3137.687,3161.222,1.102894928,17.0,3162.263697
2025-12-04 18:00:00+00:00,3161.22,3165.39,3135.95,3142.3515,1.080261167,14.0,3156.786938
2025-12-04 19:00:00+00:00,3142.35,3142.35,3067.606,3120.5185,1.603803888,29.0,3103.044361
2025-12-04 20:00:00+00:00,3117.7,3147.1,3107.4525,3143.44,4.194828238,45.0,3121.450391
2025-12-04 21:00:00+00:00,3142.044,3152.489,3119.365,3123.2155,0.066197034,9.0,3147.691261
2025-12-04 22:00:00+00:00,3124.62,3148.675,3124.62,3144.958,0.380677083,13.0,3143.03185
2025-12-04 23:00:00+00:00,3143.7035,3144.6465,3130.4535,3133.9365,0.062668911,5.0,3134.499964
2025-12-05 00:00:00+00:00,3134.8645,3157.12,3133.8,3147.4575,0.122256,8.0,3145.944212
2025-12-05 01:00:00+00:00,3146.424,3170.983,3144.67,3162.365,0.067730293,7.0,3159.80599
2025-12-05 02:00:00+00:00,3165.49,3191.2,3155.9,3183.595,0.166173814,19.0,3175.581545
2025-12-05 03:00:00+00:00,3184.4695,3190.78,3167.383,3171.08,0.316634227,6.0,3182.940829
2025-12-05 04:00:00+00:00,3172.347,3182.41,3154.142,3168.224,0.040962311,13.0,3166.936256
2025-12-05 05:00:00+00:00,3169.557,3173.335,3154.4445,3156.79,0.033026656,4.0,3155.72349
2025-12-05 06:00:00+00:00,3158.73,3175.81,3158.73,3170.4915,0.005445,4.0,3166.810801
2025-12-05 07:00:00+00:00,3169.15,3185.1,3167.8505,3174.015,0.026808706,9.0,3179.536864
2025-12-05 08:00:00+00:00,3172.16,3176.2,3143.0,3156.1635,0.379279039,18.0,3157.632602
2025-12-05 09:00:00+00:00,3154.394,3154.394,3108.801,3122.539,0.252076979,11.0,3124.080095
2025-12-05 10:00:00+00:00,3124.23,3148.87,3124.23,3136.33,0.05807563,16.0,3137.805144
2025-12-05 11:00:00+00:00,3133.817,3145.86,3110.623,3131.411,0.100384747,12.0,3125.561991
2025-12-05 12:00:00+00:00,3132.71,3134.9445,3115.43,3129.21,0.076969765,11.0,3124.874889
2025-12-05 13:00:00+00:00,3128.2415,3138.497,3089.4995,3099.6,0.108088285,14.0,3114.324885
2025-12-05 14:00:00+00:00,3102.19,3116.7,3087.0255,3105.09,0.342094575,15.0,3105.208957
2025-12-05 15:00:00+00:00,3105.695,3157.665,3045.916470443,3107.05,2.163605753,15.0,3146.309234
2025-12-05 16:00:00+00:00,3104.0,3109.3,3001.27,3034.5225,0.918875788,37.0,3034.210763
2025-12-05 17:00:00+00:00,3031.285,3039.101,3007.9425,3033.83,126.366808003,17.0,3014.425975
2025-12-05 18:00:00+00:00,3032.475,3063.41,3006.4025,3009.45,0.08936709,4.0,3037.137544
2025-12-05 19:00:00+00:00,3007.27,3047.7335,2988.8645,3037.82,0.411203789,7.0,3020.832694
2025-12-05 20:00:00+00:00,3039.5285,3050.0945,3014.69,3023.328,2.630101127,41.0,3019.405357
2025-12-05 21:00:00+00:00,3025.1525,3037.05,3016.579,3020.205,0.000337,1.0,3033.55
2025-12-05 22:00:00+00:00,3018.145,3032.61,3012.1735,3026.868,0.098891441,8.0,3027.710972
2025-12-05 23:00:00+00:00,3027.3015,3027.3015,3008.0135,3022.53,0.024171671,9.0,3016.497835
2025-12-06 00:00:00+00:00,3022.53,3031.15,3014.5,3027.02,0.056942,3.0,3031.026681
2025-12-06 01:00:00+00:00,3027.02,3032.97,3018.72,3026.58,0.05685646,10.0,3022.792904
2025-12-06 02:00:00+00:00,3026.58,3033.089,3018.698,3029.47,0.06450042,7.0,3025.810056
2025-12-06 03:00:00+00:00,3029.4705,3046.6295,3027.783,3040.55,0.092914865,9.0,3042.351509
2025-12-06 04:00:00+00:00,3040.55,3042.375,3031.546,3036.15,0.114195942,8.0,3036.098107
2025-12-06 05:00:00+00:00,3036.15,3044.629,3033.36,3038.519,1.024745918,8.0,3038.584999
2025-12-06 06:00:00+00:00,3035.8795,3041.0525,3031.229,3038.863,0.04480587,6.0,3037.933587
2025-12-06 07:00:00+00:00,3038.863,3044.344,3025.343,3026.255,0.073558213,7.0,3041.817355
2025-12-06 08:00:00+00:00,3026.255,3036.803,3013.377,3014.13,0.042602846,6.0,3030.433251
2025-12-06 09:00:00+00:00,3015.885,3034.44,3015.885,3030.15,0.004453,3.0,3030.43603
2025-12-06 10:00:00+00:00,3030.4615,3038.235,3026.23,3032.4345,0.050165684,3.0,3035.256891
2025-12-06 11:00:00+00:00,3032.4345,3044.35,3030.15,3039.358,0.072353205,5.0,3039.77358
2025-12-06 12:00:00+00:00,3039.358,3041.02,3030.21,3032.52,0.071492575,4.0,3036.599883
2025-12-06 13:00:00+00:00,3032.52,3042.37,3030.363,3036.825,0.732696196,3.0,3037.138368
2025-12-06 14:00:00+00:00,3036.825,3065.7575,3035.134,3054.9085,48.013990692,22.0,3059.187818
2025-12-06 15:00:00+00:00,3053.07,3053.07,3028.609,3041.8,0.130599243,10.0,3044.757835
2025-12-06 16:00:00+00:00,3041.8,3066.2,3041.6245,3052.373,0.169766706,12.0,3060.877689
2025-12-06 17:00:00+00:00,3054.885,3059.875,3047.78,3057.175,1.201126086,4.0,3048.000284
2025-12-06 18:00:00+00:00,3057.175,3057.175,3039.95,3042.95,0.008042,2.0,3044.925106
2025-12-06 19:00:00+00:00,3042.95,3048.201,3026.4,3033.254,0.001864,2.0,3032.163979
2025-12-06 20:00:00+00:00,3031.05,3044.51,3031.05,3040.0915,0.448754407,21.0,3042.487536
2025-12-06 21:00:00+00:00,3040.0915,3046.1845,3035.2,3044.79,0.076803,7.0,3038.385744
2025-12-06 22:00:00+00:00,3044.79,3056.7,3038.7605,3043.4025,0.037481782,4.0,3046.564902
2025-12-06 23:00:00+00:00,3041.79,3042.65,3028.5,3040.0,0.008557,5.0,3035.92764
2025-12-07 00:00:00+00:00,3040.0,3050.35,3034.2465,3046.441,0.024547,5.0,3047.163523
2025-12-07 01:00:00+00:00,3046.44,3053.38,3041.882,3044.8435,0.017809,7.0,3047.958155
2025-12-07 02:00:00+00:00,3043.304,3056.5145,3042.93,3055.09,0.948685,6.0,3048.448639
2025-12-07 03:00:00+00:00,3055.09,3059.247,3050.5005,3054.973,0.025489,4.0,3057.905578
2025-12-07 04:00:00+00:00,3054.973,3058.673,3043.837,3047.2,0.112152,10.0,3053.093697
2025-12-07 05:00:00+00:00,3047.2,3050.255,3044.83,3046.9145,0.005347,4.0,3049.140237
2025-12-07 06:00:00+00:00,3045.14,3051.78,3044.0,3048.6215,0.122801397,12.0,3049.135739
2025-12-07 07:00:00+00:00,3050.665,3051.4,3031.925,3037.556,0.0518572,13.0,3036.865118
2025-12-07 08:00:00+00:00,3038.1245,3043.95,3028.9665,3034.44,2.080400087,5.0,3035.529763
2025-12-07 09:00:00+00:00,3034.44,3039.75,3024.8,3032.256,0.033464661,6.0,3026.866528
2025-12-07 10:00:00+00:00,3031.3275,3044.1,3030.1,3038.7925,0.810760099,5.0,3034.575187
2025-12-07 11:00:00+00:00,3038.7925,3045.455,3035.5475,3035.5475,0.326159339,7.0,3039.477333
2025-12-07 12:00:00+00:00,3035.545,3052.2,3035.545,3049.88,0.049264493,9.0,3047.594158
2025-12-07 13:00:00+00:00,3049.88,3053.61,3028.5375,3031.34,0.005271337,3.0,3036.363164
2025-12-07 14:00:00+00:00,3031.34,3037.763,2917.85,2944.5145,49.376649847,27.0,2949.917426
2025-12-07 15:00:00+00:00,2942.7735,3038.545,2940.9095,3028.225,1.309337308,12.0,2983.638324
2025-12-07 16:00:00+00:00,3027.68,3037.355,3000.445,3037.3535,1.000518189,7.0,3022.422408
2025-12-07 17:00:00+00:00,3038.51,3134.829,3026.421,3112.55,95.65714584,37.0,3119.818715
2025-12-07 18:00:00+00:00,3114.965,3147.645,3114.965,3129.25,0.757475512,15.0,3127.120348
2025-12-07 19:00:00+00:00,3130.84,3142.463,3124.015,3137.65,0.281284,3.0,3129.155465
2025-12-07 20:00:00+00:00,3139.096,3149.17,3132.935,3142.026,0.877041346,53.0,3140.698548
2025-12-07 21:00:00+00:00,3139.985,3139.985,3074.993,3086.367,0.010521,6.0,3099.044803
2025-12-07 22:00:00+00:00,3084.3875,3085.92,3015.838,3034.9,0.175238091,9.0,3053.350256
2025-12-07 23:00:00+00:00,3033.35,3065.54,3027.2435,3060.485,0.110622838,11.0,3054.28594
2025-12-08 00:00:00+00:00,3059.4915,3074.2325,3042.72,3063.4,0.833564921,4.0,3059.798488
2025-12-08 01:00:00+00:00,3065.0615,3134.65,3065.0615,3098.905,0.163321138,15.0,3099.340659
2025-12-08 02:00:00+00:00,3096.9495,3114.9,3092.795,3110.729,0.040204629,17.0,3101.991464
2025-12-08 03:00:00+00:00,3112.209,3122.5,3102.83,3112.787,0.026134208,7.0,3111.402829
2025-12-08 04:00:00+00:00,3113.845,3138.3085,3109.024,3128.773,0.015433022,6.0,3120.005405
2025-12-08 05:00:00+00:00,3126.87,3140.959,3123.369,3129.834,0.029902549,9.0,3134.839218
2025-12-08 06:00:00+00:00,3131.5835,3140.214,3122.727,3130.746,1.940088131,12.0,3133.511954
2025-12-08 07:00:00+00:00,3128.714,3138.473,3124.112,3133.975,0.085841718,12.0,3130.784329
2025-12-08 08:00:00+00:00,3133.08,3146.71,3126.4545,3144.1,0.052306565,10.0,3136.429731
2025-12-08 09:00:00+00:00,3142.6185,3180.15,3142.6185,3159.89,0.213364881,16.0,3158.691653
2025-12-08 10:00:00+00:00,3163.48,3165.84,3152.125,3160.595,3.720247803,9.0,3163.571057
2025-12-08 11:00:00+00:00,3160.433,3163.762,3138.244,3142.096,0.031396888,9.0,3157.959208
2025-12-08 12:00:00+00:00,3140.95,3142.69,3122.17,3131.3615,0.02599637,6.0,3131.290578
2025-12-08 13:00:00+00:00,3132.325,3156.8302030455,3130.585,3144.905,0.076875097,6.0,3148.948963
2025-12-08 14:00:00+00:00,3143.1055,3179.99,3127.252,3128.784,0.448117497,17.0,3155.775397
2025-12-08 15:00:00+00:00,3130.02,3139.3495,3089.249,3101.696,1.81557059,19.0,3096.607879
2025-12-08 16:00:00+00:00,3100.8565,3132.7255,3093.868,3107.25,0.415731082,12.0,3111.625285
2025-12-08 17:00:00+00:00,3105.9975,3125.08,3096.88,3121.0635,0.006726246,7.0,3107.003185
2025-12-08 18:00:00+00:00,3122.1865,3131.796,3078.7395,3093.371,0.106293645,6.0,3101.822887
2025-12-08 19:00:00+00:00,3091.0075,3128.839,3091.0075,3117.735,0.186315777,18.0,3116.839363
2025-12-08 20:00:00+00:00,3119.922,3145.2,3119.922,3137.0535,1.494783084,51.0,3134.54317
2025-12-08 21:00:00+00:00,3134.855,3152.7225,3127.15,3146.9845,0.060274987,8.0,3146.801111
2025-12-08 22:00:00+00:00,3146.29,3146.29,3121.24,3130.84,0.026329878,7.0,3131.399662
2025-12-08 23:00:00+00:00,3132.0645,3135.785,3113.21,3124.5625,0.11315812,9.0,3128.423335
2025-12-09 00:00:00+00:00,3123.155,3144.16,3114.805,3120.315,0.02064555,6.0,3131.233358
2025-12-09 01:00:00+00:00,3118.6,3124.38,3099.9945,3108.52,0.177701119,9.0,3119.2869
2025-12-09 02:00:00+00:00,3109.3675,3116.251,3099.375,3099.375,0.033464,5.0,3108.398456
2025-12-09 03:00:00+00:00,3097.9965,3129.64,3091.7,3129.64,0.117556765,5.0,3113.94512
2025-12-09 04:00:00+00:00,3131.74,3131.74,3104.5,3106.35,0.045736379,14.0,3119.185256
2025-12-09 05:00:00+00:00,3107.73,3118.641,3097.4305,3107.137,0.001169,3.0,3109.283069
2025-12-09 06:00:00+00:00,3109.4625,3115.693,3097.7015,3112.8195,0.171295444,6.0,3109.055407
2025-12-09 07:00:00+00:00,3114.77,3126.5,3111.0025,3123.49,0.076145967,6.0,3123.010956
2025-12-09 08:00:00+00:00,3121.1105,3130.0,3115.22,3120.935,0.26361399,9.0,3123.96884
2025-12-09 09:00:00+00:00,3119.3,3121.96,3105.09,3107.0755,0.006611,4.0,3119.061626
2025-12-09 10:00:00+00:00,3104.82,3114.58,3094.755,3106.7755,0.00730085,4.0,3112.407447
2025-12-09 11:00:00+00:00,3105.98,3119.795,3100.87,3119.795,1.004792,5.0,3105.585152
2025-12-09 12:00:00+00:00,3117.471,3141.3165,3115.698,3136.76,0.013043367,5.0,3131.501105
2025-12-09 13:00:00+00:00,3139.1485,3139.4535,3108.78,3116.282,0.019515823,5.0,3122.377167
2025-12-09 14:00:00+00:00,3118.1,3128.15,3100.773,3117.0505,0.058190304,8.0,3118.910751
2025-12-09 15:00:00+00:00,3114.535,3254.32,3114.535,3244.708,3.395360852,44.0,3183.537551
2025-12-09 16:00:00+00:00,3246.085,3376.446,3245.07,3366.471,2.837392138,81.0,3322.560476
2025-12-09 17:00:00+00:00,3367.59,3397.7345,3358.131,3375.576,8.100133529,43.0,3371.203533
2025-12-09 18:00:00+00:00,3376.525,3387.405,3361.6515,3374.9145,0.38506489,14.0,3383.055587
2025-12-09 19:00:00+00:00,3376.72,3378.6475,3346.74,3358.982,0.734212252,13.0,3370.645718
2025-12-09 20:00:00+00:00,3357.0425,3360.801,3306.542,3326.69,2.383936424,112.0,3333.712101
2025-12-09 21:00:00+00:00,3324.5,3334.99,3286.125,3302.42,106.924872493,19.0,3305.18527
2025-12-09 22:00:00+00:00,3303.6165,3340.604,3299.3435,3328.672,0.348650112,13.0,3318.82827
2025-12-09 23:00:00+00:00,3330.144,3335.3615,3318.062,3318.4875,0.084789998,13.0,3325.009865
2025-12-10 00:00:00+00:00,3316.041,3328.285,3306.64,3306.64,0.02408075,9.0,3321.970432
2025-12-10 01:00:00+00:00,3309.6135,3315.4,3290.325,3303.2645,0.028325,12.0,3303.697428
2025-12-10 02:00:00+00:00,3301.1175,3312.915,3294.2335,3312.701,0.005865,6.0,3300.192524
2025-12-10 03:00:00+00:00,3314.223,3316.87,3306.021,3310.208,0.134271915,16.0,3308.615633
2025-12-10 04:00:00+00:00,3309.1605,3328.1855,3306.705,3322.65,1.491246522,18.0,3312.885109
2025-12-10 05:00:00+00:00,3320.8,3333.65,3316.01,3323.535,1.283158714,23.0,3324.952321
2025-12-10 06:00:00+00:00,3323.1,3328.865,3315.8835,3325.9505,10.222456223,14.0,3317.167843
2025-12-10 07:00:00+00:00,3325.2125,3327.4825,3311.65,3327.4825,0.093510272,10.0,3320.000618
2025-12-10 08:00:00+00:00,3326.585,3333.19,3323.081,3323.4785,0.660404383,19.0,3325.851336
2025-12-10 09:00:00+00:00,3325.3,3348.57,3315.475,3348.4575,0.800641234,20.0,3321.104036
2025-12-10 10:00:00+00:00,3346.899,3375.399,3311.65,3312.465,1.205340646,32.0,3339.977376
2025-12-10 11:00:00+00:00,3311.275,3319.795,3298.14,3318.333,0.061278847,13.0,3312.117031
2025-12-10 12:00:00+00:00,3319.885,3327.851,3311.27,3325.425,0.106300816,17.0,3315.889881
2025-12-10 13:00:00+00:00,3323.985,3339.099,3320.3055,3334.9425,0.049131477,26.0,3328.538347
2025-12-10 14:00:00+00:00,3336.044,3337.215,3305.672,3321.02,8.655817582,16.0,3314.841841
2025-12-10 15:00:00+00:00,3319.6715,3337.665,3308.04,3329.435,0.089529778,29.0,3325.097583
2025-12-10 16:00:00+00:00,3328.0005,3368.88,3321.972,3351.1345,1.035021215,37.0,3336.660927
2025-12-10 17:00:00+00:00,3349.4,3384.586,3346.6745,3369.734,3.724297774,23.0,3363.21079
2025-12-10 18:00:00+00:00,3368.266,3429.081,3360.23,3382.17,0.404428125,35.0,3388.134266
2025-12-10 19:00:00+00:00,3383.741,3425.327,3331.0700048,3391.065,4.919518417,36.0,3369.097238
2025-12-10 20:00:00+00:00,3393.227,3448.592,3330.1490048,3355.207,1.100074363,79.0,3391.32994
2025-12-10 21:00:00+00:00,3354.515,3369.616,3331.784,3341.645,0.194537482,15.0,3346.69414
2025-12-10 22:00:00+00:00,3343.6455,3354.47,3320.785,3347.65,0.138940689,14.0,3335.503586
2025-12-10 23:00:00+00:00,3345.495,3353.749,3322.635,3325.13,0.518246164,9.0,3330.245178
2025-12-11 00:00:00+00:00,3323.504,3326.915,3261.105,3278.86,0.622475497,10.0,3307.997194
2025-12-11 01:00:00+00:00,3278.05,3280.9305,3244.966,3255.738,3.402060359,8.0,3276.584569
2025-12-11 02:00:00+00:00,3254.545,3255.3965,3208.25,3212.1905,0.069539619,15.0,3226.881202
2025-12-11 03:00:00+00:00,3209.41,3210.15,3168.583,3192.9635,0.414072205,16.0,3182.902132
2025-12-11 04:00:00+00:00,3190.919,3216.5025,3181.195,3215.7635,0.971086693,21.0,3192.350347
2025-12-11 05:00:00+00:00,3214.5,3215.7395,3194.215,3214.565,0.077098379,10.0,3199.966065
2025-12-11 06:00:00+00:00,3215.51,3215.51,3194.323,3204.7,0.634699269,15.0,3209.415867
2025-12-11 07:00:00+00:00,3202.53,3206.9985,3197.112,3201.487,0.17265924,15.0,3200.193218
2025-12-11 08:00:00+00:00,3199.0685,3202.4225,3179.795,3197.9385,15.756410101,21.0,3193.647319
2025-12-11 09:00:00+00:00,3196.912,3213.899,3195.55,3198.35,0.640805376,22.0,3209.879451
2025-12-11 10:00:00+00:00,3198.9,3203.77,3189.449,3197.62,0.039500573,16.0,3196.075979
2025-12-11 11:00:00+00:00,3197.2765,3202.8735,3193.585,3194.0,2.058317008,4.0,3198.685023
2025-12-11 12:00:00+00:00,3195.3,3208.4,3188.36,3199.5,0.017483025,11.0,3201.268591
2025-12-11 13:00:00+00:00,3201.295,3204.887,3189.2695,3190.9595,0.032008449,7.0,3197.589995
2025-12-11 14:00:00+00:00,3191.55,3195.55,3148.2315,3161.18,0.122905134,8.0,3186.543959
2025-12-11 15:00:00+00:00,3159.885,3209.25,3154.736,3179.2045,0.681413923,15.0,3182.881807
2025-12-11 16:00:00+00:00,3181.365,3197.1345,3155.41,3175.168,0.049014452,7.0,3172.34204
2025-12-11 17:00:00+00:00,3175.75,3203.81,3169.225,3182.475,8.055354833,9.0,3187.036487
2025-12-11 18:00:00+00:00,3180.95,3234.615,3179.9885,3204.215,6.176043825,14.0,3196.04148
2025-12-11 19:00:00+00:00,3205.735,3228.575,3192.19,3195.7055,0.204121684,10.0,3208.687885
2025-12-11 20:00:00+00:00,3193.61,3226.802,3193.61,3223.315,1.09814919,48.0,3215.423325
2025-12-11 21:00:00+00:00,3224.235,3273.3795,3217.2235,3251.015,0.13956118,13.0,3245.004504
2025-12-11 22:00:00+00:00,3251.92,3266.9,3230.43,3240.3,3.375114722,17.0,3251.867235
2025-12-11 23:00:00+00:00,3242.01,3245.272,3224.9995,3238.4965,0.018753046,6.0,3235.103851
2025-12-12 00:00:00+00:00,3239.3,3246.4615,3187.155,3189.553,0.166942296,11.0,3220.953277
2025-12-12 01:00:00+00:00,3190.281,3246.2,3190.281,3235.2045,0.137129341,9.0,3216.125889
2025-12-12 02:00:00+00:00,3234.43,3266.8105,3228.481,3258.5,0.423521976,20.0,3254.623489
2025-12-12 03:00:00+00:00,3260.1095,3263.73,3240.1235,3246.9615,0.536866196,8.0,3243.919102
2025-12-12 04:00:00+00:00,3244.735,3253.249,3241.008,3248.5365,0.568247059,18.0,3250.758535
2025-12-12 05:00:00+00:00,3249.262,3252.69,3233.908,3248.32,0.028395559,6.0,3244.560219
2025-12-12 06:00:00+00:00,3246.84,3264.49,3246.25,3254.132,0.035736167,9.0,3251.513937
2025-12-12 07:00:00+00:00,3252.378,3258.99,3243.5275,3247.615,0.042018556,13.0,3251.847212
2025-12-12 08:00:00+00:00,3245.407,3249.9375,3235.68,3243.56,0.014436078,5.0,3248.492067
2025-12-12 09:00:00+00:00,3244.3,3255.65,3233.938,3253.374,8.675736418,14.0,3244.309644
2025-12-12 10:00:00+00:00,3252.3565,3254.55,3242.394,3244.905,0.035183222,6.0,3250.906595
2025-12-12 11:00:00+00:00,3243.052,3246.24,3226.611,3242.345,0.131573725,11.0,3239.685636
2025-12-12 12:00:00+00:00,3239.945,3248.7295,3235.325,3248.7295,0.370492507,8.0,3239.711249
2025-12-12 13:00:00+00:00,3246.7295,3251.5,3239.7,3243.288,0.031021775,10.0,3243.825155
2025-12-12 14:00:00+00:00,3245.386,3248.05,3216.815,3233.459,0.451937413,12.0,3244.550591
2025-12-12 15:00:00+00:00,3230.723,3230.723,3059.679,3071.6385,0.510162887,25.0,3138.040695
2025-12-12 16:00:00+00:00,3069.6,3087.9445,3047.1445,3069.2315,4.265450522,16.0,3062.846843
2025-12-12 17:00:00+00:00,3067.83,3100.69,3063.926,3065.95,0.606172494,8.0,3092.036908
2025-12-12 18:00:00+00:00,3067.25,3098.6395,3066.8,3080.4575,1.964426662,11.0,3090.242434
2025-12-12 19:00:00+00:00,3082.1875,3082.1875,3063.177,3073.7775,0.138473433,10.0,3069.207224
2025-12-12 20:00:00+00:00,3072.725,3086.97,3068.199,3081.875,1.112324117,54.0,3082.107853
2025-12-12 21:00:00+00:00,3083.55,3090.72,3077.55,3082.152,0.11629344,10.0,3083.575913
2025-12-12 22:00:00+00:00,3081.325,3096.481,3081.325,3093.664,1.624400418,12.0,3091.808158
2025-12-12 23:00:00+00:00,3095.615,3097.7,3083.883,3085.2055,0.086346834,10.0,3089.737269
2025-12-13 00:00:00+00:00,3085.895,3094.7305,3082.9465,3086.49,0.060279337,16.0,3087.943077
2025-12-13 01:00:00+00:00,3087.6,3092.409,3079.72,3082.935,0.052550219,7.0,3088.22471
2025-12-13 02:00:00+00:00,3085.4985,3089.225,3083.5,3084.837,0.030334391,9.0,3086.540668
2025-12-13 03:00:00+00:00,3086.42,3094.7,3084.69,3090.265,0.011983646,6.0,3093.393812
2025-12-13 04:00:00+00:00,3092.3,3092.3,3086.483,3090.2465,0.361610873,5.0,3089.66212
2025-12-13 05:00:00+00:00,3090.895,3092.7,3085.371,3089.85,0.068811115,3.0,3090.240877
2025-12-13 06:00:00+00:00,3091.55,3096.929,3085.119,3094.333,0.064656408,9.0,3088.259852
2025-12-13 07:00:00+00:00,3095.18,3096.206,3091.2615,3094.294,0.305911228,13.0,3094.488328
2025-12-13 08:00:00+00:00,3095.844,3132.15,3095.0975,3115.9255,0.077972235,6.0,3112.706814
2025-12-13 09:00:00+00:00,3118.08,3122.258,3113.87,3119.291,0.005207,3.0,3119.631492
2025-12-13 10:00:00+00:00,3120.64,3134.178,3119.07,3127.8345,0.043918305,5.0,3125.106684
2025-12-13 11:00:00+00:00,3126.6385,3129.1,3116.289,3120.865,0.002167,1.0,3129.1
2025-12-13 12:00:00+00:00,3121.952,3127.262,3111.393,3115.8935,0.000658,1.0,3127.119
2025-12-13 13:00:00+00:00,3117.531,3119.165,3096.52,3109.805,0.015545775,3.0,3113.526237
2025-12-13 14:00:00+00:00,3112.079,3114.1,3109.27,3109.5165,0.004599572,1.0,3114.1
2025-12-13 15:00:00+00:00,3110.2545,3110.2545,3110.2545,3110.2545,0.0,0.0,3110.2545
2025-12-13 16:00:00+00:00,3111.9975,3116.634,3102.563,3106.29,0.269913089,6.0,3109.185388
2025-12-13 17:00:00+00:00,3108.1,3108.1,3096.9,3100.4905,0.007569511,4.0,3100.417422
2025-12-13 18:00:00+00:00,3102.05,3110.76,3100.8075,3101.69,0.027153842,6.0,3108.840839
2025-12-13 19:00:00+00:00,3102.915,3111.35,3102.1295,3109.35,0.002806822,3.0,3105.862166
2025-12-13 20:00:00+00:00,3111.1,3111.9,3103.1,3104.8285,0.417801186,18.0,3105.334601
2025-12-13 21:00:00+00:00,3106.71,3116.05,3083.545,3112.4975,0.001177765,2.0,3106.044157
2025-12-13 22:00:00+00:00,3114.1205,3120.45,3104.194,3114.87,0.001991,2.0,3114.240166
2025-12-13 23:00:00+00:00,3113.348,3118.8,3111.4015,3116.215,0.003024,6.0,3115.666667
2025-12-14 00:00:00+00:00,3114.285,3122.686,3105.495,3120.025,0.034557,5.0,3111.392661
2025-12-14 01:00:00+00:00,3120.6,3130.1675,3116.695,3121.245,0.009898,3.0,3125.537755
2025-12-14 02:00:00+00:00,3119.0635,3126.275,3116.9,3124.215,0.014792,9.0,3121.782015
2025-12-14 03:00:00+00:00,3122.6315,3126.056,3117.9,3120.6,0.189028,5.0,3120.720879
2025-12-14 04:00:00+00:00,3118.77,3123.521,3107.6815,3110.2985,0.088938,10.0,3114.950303
2025-12-14 05:00:00+00:00,3112.29,3116.021,3105.657,3112.745,0.009402,6.0,3112.347265
2025-12-14 06:00:00+00:00,3112.44,3115.3,3106.867,3110.1195,0.007734,3.0,3110.416608
2025-12-14 07:00:00+00:00,3111.1025,3117.575,3108.0,3116.47,0.286287014,3.0,3108.316292
2025-12-14 08:00:00+00:00,3118.69,3120.04,3110.359,3111.45,0.006178,4.0,3114.552044
2025-12-14 09:00:00+00:00,3112.986,3115.4,3108.35,3110.225,1.082380084,5.0,3111.27681
2025-12-14 10:00:00+00:00,3111.7,3112.24,3095.752,3108.4825,0.000847528,1.0,3111.7
2025-12-14 11:00:00+00:00,3106.2685,3109.069,3051.961,3084.435,0.0408423,2.0,3055.291562
2025-12-14 12:00:00+00:00,3082.945,3109.4,3070.4765,3098.567,0.019509753,8.0,3102.046823
2025-12-14 13:00:00+00:00,3097.42,3102.587,3078.412,3102.587,0.002222883,3.0,3095.171501
2025-12-14 14:00:00+00:00,3103.3815,3107.25,3076.032,3086.25,0.08119257,14.0,3097.857945
2025-12-14 15:00:00+00:00,3087.9025,3087.9025,3071.7895,3083.6695,0.010098206,5.0,3076.387792
2025-12-14 16:00:00+00:00,3082.75,3107.65,3078.9695,3099.31,0.01841907,7.0,3086.071587
2025-12-14 17:00:00+00:00,3098.194,3104.56,3074.4615,3084.2255,0.045941245,4.0,3095.00584
2025-12-14 18:00:00+00:00,3083.9,3104.4,3081.575,3103.0975,0.447278164,4.0,3090.834865
2025-12-14 19:00:00+00:00,3100.91,3100.91,3086.385,3095.357,0.069345833,3.0,3097.471508
2025-12-14 20:00:00+00:00,3093.9125,3097.724,3065.182,3083.006,0.337983944,27.0,3092.022485
2025-12-14 21:00:00+00:00,3081.9095,3091.401,3077.952,3083.2815,0.046077841,4.0,3088.220084
2025-12-14 22:00:00+00:00,3085.1,3088.64,3055.697,3074.9,0.22301066,6.0,3070.726932
2025-12-14 23:00:00+00:00,3077.1465,3090.995,3031.09373,3063.252,0.121295514,4.0,3038.02574
2025-12-15 00:00:00+00:00,3062.5665,3082.494,3057.295,3075.5855,0.0466153,6.0,3075.216334
2025-12-15 01:00:00+00:00,3076.352,3119.285,3067.349,3109.685,0.129568803,9.0,3084.769324
2025-12-15 02:00:00+00:00,3110.5345,3150.488,3107.62,3120.9415,3.040299,15.0,3146.039219
2025-12-15 03:00:00+00:00,3119.336,3126.3505,3109.384,3109.384,0.006918,4.0,3120.261889
2025-12-15 04:00:00+00:00,3111.293,3126.731,3104.6735,3124.142,0.025713,8.0,3113.883577
2025-12-15 05:00:00+00:00,3125.2875,3125.2875,3115.7765,3120.615,0.021175678,9.0,3122.150324
2025-12-15 06:00:00+00:00,3118.5135,3144.4,3115.5685,3137.6705,0.369063615,7.0,3119.1172
2025-12-15 07:00:00+00:00,3139.516,3141.707,3121.877,3129.371,5.852313,5.0,3136.892876
2025-12-15 08:00:00+00:00,3128.05,3143.975,3126.11,3140.96,0.009266,8.0,3134.893687
2025-12-15 09:00:00+00:00,3142.23,3160.196,3139.851,3152.9055,0.056608211,13.0,3144.615784
2025-12-15 10:00:00+00:00,3155.605,3178.003,3152.09,3159.735,0.082906552,13.0,3165.754898
2025-12-15 11:00:00+00:00,3158.05,3162.687,3146.6695,3157.705,0.09953274,8.0,3160.870091
2025-12-15 12:00:00+00:00,3159.47,3159.47,3149.32,3157.6995,0.02764586,4.0,3151.046812
2025-12-15 13:00:00+00:00,3155.4785,3155.4785,3128.3435,3133.325,1.1797581,7.0,3134.219982
2025-12-15 14:00:00+00:00,3131.78,3146.705,3034.9135,3049.385,0.680845326,20.0,3084.680518
2025-12-15 15:00:00+00:00,3047.7,3058.69,2986.7975,3011.05,6.389202234,26.0,3027.70667
2025-12-15 16:00:00+00:00,3009.55,3016.244,2967.7955,2988.131,2.094156204,16.0,2971.380565
2025-12-15 17:00:00+00:00,2986.7435,2992.6,2932.32,2936.35,2.889107124,15.0,2966.474711
2025-12-15 18:00:00+00:00,2935.203,2943.1565,2896.4305,2938.548,1.212343584,17.0,2928.356212
2025-12-15 19:00:00+00:00,2936.5445,2964.29,2928.3025,2940.6685,1.279476485,13.0,2945.761264
2025-12-15 20:00:00+00:00,2938.327,2946.27,2915.379,2929.235,1.944951817,44.0,2932.475625
2025-12-15 21:00:00+00:00,2927.771,2946.5,2919.134,2944.434,0.006198704,3.0,2936.053924
2025-12-15 22:00:00+00:00,2945.56,2950.997,2936.5005,2950.997,0.125756477,8.0,2944.034009
2025-12-15 23:00:00+00:00,2949.7005,2968.47,2949.7005,2964.35,0.53188214,5.0,2962.027849
2025-12-16 00:00:00+00:00,2962.385,2977.375,2940.75,2940.75,0.049151513,9.0,2969.636616
2025-12-16 01:00:00+00:00,2942.3,2961.15,2935.5355,2946.8,0.040670371,7.0,2945.090042
2025-12-16 02:00:00+00:00,2945.1795,2965.2055,2938.3995,2946.315,0.35988085,10.0,2950.754498
2025-12-16 03:00:00+00:00,2947.06,2949.481,2922.635,2935.8765,0.1964931,11.0,2937.879576
2025-12-16 04:00:00+00:00,2937.532,2939.2665,2879.874,2917.8675,1.046850365,7.0,2899.027267
2025-12-16 05:00:00+00:00,2919.742,2927.715,2912.3875,2923.05,0.12114918,5.0,2922.869209
2025-12-16 06:00:00+00:00,2924.9,2949.7665,2922.185,2945.6995,2.066928146,13.0,2942.854476
2025-12-16 07:00:00+00:00,2947.126,2948.0,2918.0,2923.88,3.82174847,11.0,2925.240024
2025-12-16 08:00:00+00:00,2926.1305,2938.89,2920.8375,2930.11,0.095066905,9.0,2931.055761
2025-12-16 09:00:00+00:00,2928.4225,2934.428,2923.069,2926.15,0.872597915,10.0,2928.741409
2025-12-16 10:00:00+00:00,2926.775,2964.037,2922.2305,2947.875,1.696094553,10.0,2963.394846
2025-12-16 11:00:00+00:00,2947.3,2962.8,2938.1,2958.3145,5.034649661,9.0,2954.838356
2025-12-16 12:00:00+00:00,2960.2,2963.25191,2946.35,2951.865,0.02600002,4.0,2951.216151
2025-12-16 13:00:00+00:00,2950.08,3038.6285,2910.2075,2910.804,0.370205655,7.0,2953.713453
2025-12-16 14:00:00+00:00,2911.9955,2959.2075,2887.4525,2940.36,18.514315388,14.0,2914.347391
2025-12-16 15:00:00+00:00,2941.4265,2973.865,2914.165,2963.715,0.040504023,4.0,2926.032644
2025-12-16 16:00:00+00:00,2961.9835,2963.8,2924.7305,2937.95,6.209606253,10.0,2950.35818
2025-12-16 17:00:00+00:00,2936.7455,2953.588,2917.39,2918.645,1.213992766,5.0,2933.707105
2025-12-16 18:00:00+00:00,2920.138,2966.95,2912.6,2951.4895,0.010058796,6.0,2931.402475
2025-12-16 19:00:00+00:00,2950.075,2956.575,2920.92,2946.12,0.001931,1.0,2938.878
2025-12-16 20:00:00+00:00,2944.2795,2962.375,2942.085,2947.485,1.269672625,50.0,2950.025127
2025-12-16 21:00:00+00:00,2946.2285,2956.827,2936.7,2949.88,0.012885,4.0,2945.900634
2025-12-16 22:00:00+00:00,2952.3125,2959.3,2944.3655,2954.54,0.0,0.0,2952.3125
2025-12-16 23:00:00+00:00,2952.7085,2965.0,2948.324,2961.685,0.0,0.0,2951.8715
2025-12-17 00:00:00+00:00,2959.983,2959.983,2942.4,2949.035,1.006942,2.0,2958.883571
2025-12-17 01:00:00+00:00,2950.2,2973.0475,2948.05,2952.75,0.636219927,7.0,2957.895114
2025-12-17 02:00:00+00:00,2954.68,2963.565,2937.6685,2958.9975,0.009063,2.0,2946.028849
2025-12-17 03:00:00+00:00,2960.14,2960.45,2943.6855,2945.95,0.183973395,8.0,2953.499648
2025-12-17 04:00:00+00:00,2948.078,2949.976,2925.65,2932.48,0.191671963,6.0,2932.918679
2025-12-17 05:00:00+00:00,2931.24,2937.145,2914.84,2929.899,14.871110744,3.0,2922.6298
2025-12-17 06:00:00+00:00,2931.686,2943.294,2930.554,2935.47,0.001657437,2.0,2934.670898
2025-12-17 07:00:00+00:00,2934.4225,2950.725,2932.7095,2947.07,0.349394605,6.0,2938.91163
2025-12-17 08:00:00+00:00,2945.7535,2945.7535,2921.972,2924.174,3.266027831,6.0,2927.302156
2025-12-17 09:00:00+00:00,2925.37,2931.875,2918.8165,2921.6665,3.701464417,12.0,2924.643627
2025-12-17 10:00:00+00:00,2921.0975,2927.436,2907.8215,2919.55,0.020292368,7.0,2922.529039
2025-12-17 11:00:00+00:00,2920.9,2934.159,2917.5275,2927.75,0.040682853,7.0,2925.281642
2025-12-17 12:00:00+00:00,2928.35,2934.4695,2919.44,2925.1015,0.103560732,6.0,2932.630121
2025-12-17 13:00:00+00:00,2927.274,2951.8015,2917.495,2943.95,0.018916049,4.0,2928.810682
2025-12-17 14:00:00+00:00,2945.115,2994.6685,2885.0,2994.6685,1.012501836,9.0,2885.809645
2025-12-17 15:00:00+00:00,2996.4805,3027.2,2897.7455,2902.885,4.829758275,14.0,3001.99313
2025-12-17 16:00:00+00:00,2901.399,2922.85,2833.861,2861.733,1.474493504,17.0,2849.881988
2025-12-17 17:00:00+00:00,2860.735,2877.385,2841.665,2846.985,3.437796803,10.0,2857.273783
2025-12-17 18:00:00+00:00,2848.0,2860.561,2805.95,2811.0,11.222399001,13.0,2813.137607
2025-12-17 19:00:00+00:00,2811.9925,2819.375,2790.8995,2818.835,1.779015055,5.0,2807.663796
2025-12-17 20:00:00+00:00,2817.783,2832.72,2805.69,2820.59,4.648332833,46.0,2821.831737
2025-12-17 21:00:00+00:00,2821.97,2828.578,2811.3255,2817.55,0.002387321,2.0,2826.357491
2025-12-17 22:00:00+00:00,2819.195,2837.05,2812.359,2834.996,0.28086397,7.0,2834.677791
2025-12-17 23:00:00+00:00,2833.205,2833.3,2818.35,2833.143,0.028906288,9.0,2827.619056
2025-12-18 00:00:00+00:00,2834.185,2837.176,2825.9365,2834.5305,0.458347807,6.0,2829.094269
2025-12-18 01:00:00+00:00,2832.75,2832.75,2821.055,2825.508,0.042636916,5.0,2828.405119
2025-12-18 02:00:00+00:00,2824.137,2844.96,2821.949,2835.857,0.10609565,13.0,2836.961318
2025-12-18 03:00:00+00:00,2833.96,2837.515,2820.088,2831.5205,0.008163304,5.0,2828.892109
2025-12-18 04:00:00+00:00,2833.001,2839.842,2831.069,2837.785,0.333186003,5.0,2838.077044
2025-12-18 05:00:00+00:00,2835.982,2837.74,2821.87,2825.3355,1.183745855,7.0,2833.749711
2025-12-18 06:00:00+00:00,2823.55,2831.7385,2823.4,2830.1945,0.00060715,1.0,2825.8
2025-12-18 07:00:00+00:00,2831.8475,2838.1,2828.032,2834.5225,0.23978787,6.0,2836.727774
2025-12-18 08:00:00+00:00,2835.2,2849.4845,2831.5925,2840.5165,0.525184452,10.0,2841.784086
2025-12-18 09:00:00+00:00,2838.6075,2855.97,2834.6375,2851.8905,0.572023718,6.0,2851.74537
2025-12-18 10:00:00+00:00,2850.202,2862.135,2848.25,2858.25,1.630130446,4.0,2853.960002
2025-12-18 11:00:00+00:00,2856.41,2857.6005,2848.888,2857.47,3.357182874,6.0,2853.219047
2025-12-18 12:00:00+00:00,2859.13,2872.83,2853.428,2871.4875,0.678854458,3.0,2869.665686
2025-12-18 13:00:00+00:00,2872.374,2976.7675,2872.374,2962.575,0.527829903,5.0,2921.494582
2025-12-18 14:00:00+00:00,2963.8,2989.155,2922.2405,2948.9,18.27418055,16.0,2969.983592
2025-12-18 15:00:00+00:00,2947.9925,2994.553,2932.21,2963.8135,0.549208654,8.0,2950.201728
2025-12-18 16:00:00+00:00,2962.495,2965.0185,2928.98,2942.94,0.16540619,8.0,2946.262849
2025-12-18 17:00:00+00:00,2941.43,2943.06,2796.5165,2842.665,0.008858709,6.0,2871.358179
2025-12-18 18:00:00+00:00,2840.55,2864.58,2818.775,2826.052,3.647625242,8.0,2838.697276
2025-12-18 19:00:00+00:00,2827.721,2830.7,2775.19,2781.68,2.26372692,17.0,2793.055389
2025-12-18 20:00:00+00:00,2780.479,2812.07,2777.95,2779.91,2.366321165,31.0,2791.874839
2025-12-18 21:00:00+00:00,2781.919,2830.25,2781.919,2827.095,1.302750533,9.0,2802.145005
2025-12-18 22:00:00+00:00,2828.365,2835.749,2815.0975,2826.998,15.049762566,9.0,2820.022323
2025-12-18 23:00:00+00:00,2827.954,2831.515,2823.295,2825.947,0.010020121,4.0,2826.283259
2025-12-19 00:00:00+00:00,2827.445,2839.56,2813.551,2828.038,0.017043004,9.0,2825.537007
2025-12-19 01:00:00+00:00,2829.7765,2832.13,2808.77,2820.26,0.005771772,4.0,2825.851837
2025-12-19 02:00:00+00:00,2818.22,2839.595,2810.499,2834.896,0.004122677,3.0,2816.233093
2025-12-19 03:00:00+00:00,2833.68,2932.9235,2833.68,2907.279,0.277741488,8.0,2894.911297
2025-12-19 04:00:00+00:00,2905.3,2932.85,2905.3,2919.285,0.850983607,9.0,2922.804833
2025-12-19 05:00:00+00:00,2920.94,2927.06,2908.3,2920.1555,18.670046713,14.0,2919.996054
2025-12-19 06:00:00+00:00,2918.48,2947.171,2915.0,2945.5135,0.026123,5.0,2928.96409
2025-12-19 07:00:00+00:00,2947.5,2981.99,2945.83,2949.475,0.090095528,18.0,2949.849358
2025-12-19 08:00:00+00:00,2950.0115,2963.146,2936.6655,2949.44,0.200069778,23.0,2950.392375
2025-12-19 09:00:00+00:00,2948.215,2958.91,2945.315,2953.65,0.026247418,12.0,2952.750047
2025-12-19 10:00:00+00:00,2954.125,2962.115,2946.6395,2952.44,0.042760369,9.0,2953.150547
2025-12-19 11:00:00+00:00,2951.1325,2970.45,2949.4535,2963.01,0.037221,6.0,2965.393169
2025-12-19 12:00:00+00:00,2964.31,2968.23,2945.2085,2954.508,0.163467407,10.0,2957.868159
2025-12-19 13:00:00+00:00,2955.8225,2966.6,2952.1475,2959.845,0.505695173,19.0,2959.683868
2025-12-19 14:00:00+00:00,2961.39,2992.605,2943.25,2976.46,2.109319267,17.0,2968.444032
2025-12-19 15:00:00+00:00,2977.6875,3016.518,2954.08,2964.4185,0.038059113,5.0,2968.360551
2025-12-19 16:00:00+00:00,2962.578,3005.085,2959.503,2964.499,1.153128026,17.0,2991.052419
2025-12-19 17:00:00+00:00,2966.904,2990.2165,2936.5332955665,2938.07,0.443284162,10.0,2969.608739
2025-12-19 18:00:00+00:00,2939.032,2975.5095,2936.8782955665,2965.16,0.135325219,5.0,2968.372932
2025-12-19 19:00:00+00:00,2966.1435,2994.157,2964.84,2983.6,0.338307534,5.0,2990.733156
2025-12-19 20:00:00+00:00,2981.8,3000.775,2976.735,2993.059,0.2813089,39.0,2993.484691
2025-12-19 21:00:00+00:00,2991.145,2991.8975,2974.0445,2975.5235,0.116790297,6.0,2985.383495
2025-12-19 22:00:00+00:00,2976.5085,2990.86,2976.5085,2985.74,0.017433389,4.0,2985.692933
2025-12-19 23:00:00+00:00,2984.645,2985.3,2976.55,2977.633,0.011204,3.0,2981.57674
2025-12-20 00:00:00+00:00,2975.89,2977.515,2969.7,2972.585,0.257381986,6.0,2976.153425
2025-12-20 01:00:00+00:00,2974.435,2980.0835,2972.491,2975.5,0.003908,2.0,2976.292195
2025-12-20 02:00:00+00:00,2973.9055,2986.968,2973.6,2981.1055,0.010501223,2.0,2977.652188
2025-12-20 03:00:00+00:00,2982.53,2993.3,2980.71,2986.939,0.04172229,5.0,2991.196389
2025-12-20 04:00:00+00:00,2989.3045,2989.3045,2979.65,2981.89,0.020754,5.0,2982.725273
2025-12-20 05:00:00+00:00,2980.3765,2988.50125,2980.19,2980.19,0.022870994,6.0,2984.911974
2025-12-20 06:00:00+00:00,2981.698,2983.94,2978.35,2979.364,0.022495,3.0,2983.527844
2025-12-20 07:00:00+00:00,2980.855,2982.979,2973.28,2979.25,0.032939,4.0,2976.339083
2025-12-20 08:00:00+00:00,2981.19,2988.533,2980.75,2982.1895,0.350762716,7.0,2984.363771
2025-12-20 09:00:00+00:00,2980.443,2987.204,2980.443,2981.2445,0.128319,9.0,2986.428016
2025-12-20 10:00:00+00:00,2979.43,2984.07,2972.8,2978.0,0.084565425,16.0,2978.184761
2025-12-20 11:00:00+00:00,2977.2465,2988.07,2974.157,2984.6,0.365541863,11.0,2978.02679
2025-12-20 12:00:00+00:00,2985.35,2992.4585,2983.1,2987.3835,0.077314988,13.0,2987.288285
2025-12-20 13:00:00+00:00,2985.367,2991.173,2966.545,2978.876,0.389273851,15.0,2986.889527
2025-12-20 14:00:00+00:00,2976.615,2979.924,2968.82,2979.35,0.219686584,15.0,2975.169591
2025-12-20 15:00:00+00:00,2978.5,2979.35,2967.5395,2976.445,0.070214,5.0,2975.670216
2025-12-20 16:00:00+00:00,2977.2,2979.716,2973.672,2977.1905,0.194759601,13.0,2977.142846
2025-12-20 17:00:00+00:00,2978.5395,2980.024,2973.504,2976.468,0.096903,10.0,2977.027495
2025-12-20 18:00:00+00:00,2978.455,2979.8,2972.752,2977.401,0.535718,19.0,2976.180962
2025-12-20 19:00:00+00:00,2976.362,2979.4,2974.124,2977.6915,0.187232185,16.0,2976.624488
2025-12-20 20:00:00+00:00,2976.8365,2983.6,2976.022,2982.87,0.029573425,19.0,2981.304918
2025-12-20 21:00:00+00:00,2984.7965,2984.7965,2978.845,2978.845,0.0,0.0,2984.7965
2025-12-20 22:00:00+00:00,2976.7815,2978.98,2973.13,2978.17625,0.084135481,6.0,2976.627683
2025-12-20 23:00:00+00:00,2978.0725,2978.0725,2971.6,2977.69175,0.002900351,8.0,2974.781031
2025-12-21 00:00:00+00:00,2978.245875,2980.0,2974.065,2978.56175,0.010145804,9.0,2978.146904
2025-12-21 01:00:00+00:00,2978.11175,2978.61,2963.025,2966.46,0.0288025,11.0,2972.050709
2025-12-21 02:00:00+00:00,2968.036,2973.8625,2960.873,2963.6045,0.013822988,5.0,2966.481964
2025-12-21 03:00:00+00:00,2961.8,2974.615,2961.8,2972.95,0.019694829,9.0,2970.671487
2025-12-21 04:00:00+00:00,2974.3,2976.408,2971.52,2974.02,0.008970986,3.0,2972.889286
2025-12-21 05:00:00+00:00,2975.895,2977.49,2971.46,2972.4,0.011639632,3.0,2973.172032
2025-12-21 06:00:00+00:00,2974.5,2977.46,2972.135,2975.935,0.044104358,3.0,2977.373879
2025-12-21 07:00:00+00:00,2974.35,2980.8145,2974.175,2979.8495,0.004258,2.0,2978.122445
2025-12-21 08:00:00+00:00,2981.04,2996.825,2976.29,2991.9,0.00091,2.0,2991.47033
2025-12-21 09:00:00+00:00,2993.595,3011.2,2985.58,3001.45,0.114976,4.0,3004.563196
2025-12-21 10:00:00+00:00,3002.99,3007.15,2991.585,2995.038,0.238260871,5.0,3003.86706
2025-12-21 11:00:00+00:00,2997.216,2999.5615,2992.415,2994.44,0.056336,1.0,2999.2
2025-12-21 12:00:00+00:00,2996.06,3003.53,2981.5085,2988.7335,0.003272,2.0,2995.587777
2025-12-21 13:00:00+00:00,2989.8965,2990.0,2944.08,2949.435,0.075574223,5.0,2961.956789
2025-12-21 14:00:00+00:00,2947.31,2975.7,2946.507,2969.0175,3.31017007,4.0,2947.355088
2025-12-21 15:00:00+00:00,2970.485,2977.787,2961.6525,2973.7495,0.005692,5.0,2973.261712
2025-12-21 16:00:00+00:00,2972.55,2986.63,2969.715,2986.63,0.027328131,8.0,2976.42465
2025-12-21 17:00:00+00:00,2985.095,2986.659,2977.67,2982.45,0.019497943,3.0,2983.384983
2025-12-21 18:00:00+00:00,2984.1615,2986.85,2967.739,2986.489,0.005047061,2.0,2977.815692
2025-12-21 19:00:00+00:00,2988.75,2996.7235,2979.7,2990.495,0.051794487,8.0,2987.411625
2025-12-21 20:00:00+00:00,2992.349,2994.4,2985.8445,2985.8445,0.037914997,12.0,2989.353921
2025-12-21 21:00:00+00:00,2986.896,2991.0,2969.81,2972.75,0.12993,4.0,2980.43091
2025-12-21 22:00:00+00:00,2971.595,2995.8435,2971.595,2995.8435,0.142374705,7.0,2977.534408
2025-12-21 23:00:00+00:00,2997.5955,3011.4345,2992.31,3000.845,0.081080374,7.0,3001.863079
2025-12-22 00:00:00+00:00,3003.695,3058.808,3002.55,3022.125,0.024975,4.0,3041.755384
2025-12-22 01:00:00+00:00,3019.95,3046.75,3017.855,3019.4945,3.342284469,6.0,3022.018512
2025-12-22 02:00:00+00:00,3018.07,3018.07,2974.27,3008.8705,0.004977618,4.0,3012.825671
2025-12-22 03:00:00+00:00,3010.234,3030.3575,3002.369,3020.45,0.109256,7.0,3021.761897
2025-12-22 04:00:00+00:00,3021.75,3041.971,3019.902,3039.305,0.021028458,7.0,3025.534823
2025-12-22 05:00:00+00:00,3037.87,3039.54,3024.7455,3027.2755,0.536863606,5.0,3032.913377
2025-12-22 06:00:00+00:00,3026.265,3032.097,3022.92,3023.4,0.020743899,7.0,3026.166621
2025-12-22 07:00:00+00:00,3022.5225,3034.0,3022.5225,3029.5065,0.03279,1.0,3030.28
2025-12-22 08:00:00+00:00,3028.92,3053.615,3024.826,3025.9055,0.048474,6.0,3033.740931
2025-12-22 09:00:00+00:00,3025.2965,3041.4,3025.2965,3040.25,0.086106757,8.0,3038.890422
2025-12-22 10:00:00+00:00,3038.565,3044.465,3030.86,3039.59,0.103217301,11.0,3037.374683
2025-12-22 11:00:00+00:00,3040.4525,3056.6,3036.85,3048.3475,0.075213141,7.0,3048.084552
2025-12-22 12:00:00+00:00,3049.555,3075.068,3043.1145,3057.3,0.462701165,9.0,3053.058973
2025-12-22 13:00:00+00:00,3055.7,3063.1515,3047.6415,3056.4,0.677857718,10.0,3057.451096
2025-12-22 14:00:00+00:00,3056.015,3071.3,3029.52,3059.175,0.132922393,12.0,3051.542558
2025-12-22 15:00:00+00:00,3061.4705,3071.2825,3021.265,3051.886,0.944024875,13.0,3049.394073
2025-12-22 16:00:00+00:00,3053.571,3057.9845,3037.7735,3042.3385,6.023216432,9.0,3039.401542
2025-12-22 17:00:00+00:00,3040.1595,3040.1595,3023.9925,3031.111,0.370167159,7.0,3031.142667
2025-12-22 18:00:00+00:00,3032.875,3038.8795,3007.664,3014.82,0.010102255,2.0,3031.434461
2025-12-22 19:00:00+00:00,3012.972,3012.972,2973.53,2979.836,1.366318783,9.0,2992.912393
2025-12-22 20:00:00+00:00,2978.8,2985.614,2964.2,2974.995,6.711543093,67.0,2975.421361
2025-12-22 21:00:00+00:00,2976.539,2996.2495,2974.64,2987.26,1.055500568,24.0,2982.042052
2025-12-22 22:00:00+00:00,2985.4365,3012.911,2980.522,3009.8995,0.03612,8.0,2995.439814
2025-12-22 23:00:00+00:00,3008.732,3010.94,2999.95,3007.089,0.606327397,10.0,3005.215714
2025-12-23 00:00:00+00:00,3004.95,3032.66,3003.575,3026.985,0.096274242,6.0,3018.505313
2025-12-23 01:00:00+00:00,3024.7095,3030.885,3015.168,3017.1085,0.016043959,3.0,3017.809342
2025-12-23 02:00:00+00:00,3015.84,3023.237,2987.215,2988.6,0.01074907,5.0,3001.926666
2025-12-23 03:00:00+00:00,2986.9,2996.28,2971.592,2991.1,0.707904567,5.0,2986.952649
2025-12-23 04:00:00+00:00,2990.155,2997.55,2982.25,2982.7,0.164619837,2.0,2986.656323
2025-12-23 05:00:00+00:00,2983.95,2985.5,2965.115,2973.8,0.002812,1.0,2985.5
2025-12-23 06:00:00+00:00,2971.986,2976.485,2944.701,2958.9565,0.268688579,23.0,2952.723608
2025-12-23 07:00:00+00:00,2957.7175,2968.7,2953.365,2962.085,0.030703463,3.0,2968.164198
2025-12-23 08:00:00+00:00,2963.535,2970.4,2958.442,2960.8765,3.189195338,10.0,2963.065216
2025-12-23 09:00:00+00:00,2958.18,2964.4,2951.224,2963.0,0.954436353,10.0,2956.913147
2025-12-23 10:00:00+00:00,2964.1,2969.3985,2961.9,2964.8165,0.029084,7.0,2965.029237
2025-12-23 11:00:00+00:00,2964.2665,2973.4975,2963.6,2971.026,0.055442914,5.0,2970.872232
2025-12-23 12:00:00+00:00,2969.694,2972.9885,2954.515,2954.9465,0.003055,2.0,2962.710507
2025-12-23 13:00:00+00:00,2953.3895,2966.942562076,2931.303,2940.975,10.023983158,13.0,2955.492908
2025-12-23 14:00:00+00:00,2939.214,2951.3295,2900.87,2914.33,1.644696905,10.0,2942.551816
2025-12-23 15:00:00+00:00,2913.3015,2932.085,2905.184,2926.711,0.054758066,6.0,2918.227108
2025-12-23 16:00:00+00:00,2924.8595,2964.092,2920.248,2956.905,0.037112878,9.0,2934.216589
2025-12-23 17:00:00+00:00,2955.4,2963.4,2908.706,2909.73,0.454456279,8.0,2924.5298
2025-12-23 18:00:00+00:00,2910.55,2951.2,2908.067,2945.7415,1.690683087,12.0,2927.008102
2025-12-23 19:00:00+00:00,2947.1555,2952.505,2930.7715,2943.175,0.037592214,10.0,2940.475469
2025-12-23 20:00:00+00:00,2944.9395,2985.795,2940.175,2967.15,0.442553385,28.0,2975.132884
2025-12-23 21:00:00+00:00,2969.01,2974.279,2959.6635,2972.5125,0.125911027,4.0,2966.338814
2025-12-23 22:00:00+00:00,2973.5,2978.45,2949.642,2959.24,0.01252321,1.0,2969.64
2025-12-23 23:00:00+00:00,2958.516,2969.9795,2952.593,2963.595,0.0138,2.0,2955.615201
2025-12-24 00:00:00+00:00,2965.331,2972.095,2955.445,2972.095,0.047510461,5.0,2962.157873
2025-12-24 01:00:00+00:00,2973.16,2974.9,2957.2,2963.185,0.068839202,4.0,2967.246756
2025-12-24 02:00:00+00:00,2961.926,2963.1265,2922.735,2934.385,0.01345917,3.0,2936.33163
2025-12-24 03:00:00+00:00,2933.889,2945.5,2919.14,2943.86,0.017064572,1.0,2926.6
2025-12-24 04:00:00+00:00,2946.074,2956.9615,2932.607,2934.613,0.051310448,6.0,2941.106565
2025-12-24 05:00:00+00:00,2935.3315,2938.855,2916.515,2927.43,0.009428205,2.0,2931.496541
2025-12-24 06:00:00+00:00,2928.8,2936.0075,2921.0885,2930.671,3.458423745,8.0,2924.122638
2025-12-24 07:00:00+00:00,2932.0975,2941.575,2929.6,2931.3035,0.043536009,3.0,2932.253266
2025-12-24 08:00:00+00:00,2929.9865,2936.825,2919.6385,2919.6385,0.009302,2.0,2933.827712
2025-12-24 09:00:00+00:00,2921.0865,2928.7,2913.567,2918.285,0.01258572,2.0,2924.954668
2025-12-24 10:00:00+00:00,2917.375,2932.259,2917.375,2926.345,0.09770995,4.0,2926.426803
2025-12-24 11:00:00+00:00,2928.4,2936.996,2924.205,2924.205,0.027081926,2.0,2926.663584
2025-12-24 12:00:00+00:00,2923.1645,2937.405,2923.1645,2935.5275,0.126281358,5.0,2931.97505
2025-12-24 13:00:00+00:00,2932.658,2935.029,2923.09,2929.097,0.063374582,3.0,2925.742098
2025-12-24 14:00:00+00:00,2930.8,2934.95,2888.16,2912.15,0.080240048,3.0,2921.345055
2025-12-24 15:00:00+00:00,2913.856,2928.4895,2901.706,2924.3935,0.19850959,6.0,2916.661445
2025-12-24 16:00:00+00:00,2923.47,2946.483,2919.575,2938.4565,0.485659298,14.0,2935.530717
2025-12-24 17:00:00+00:00,2939.7395,2951.486405,2933.5805,2934.384,1.497536901,34.0,2938.204967
2025-12-24 18:00:00+00:00,2936.553,2941.675,2928.333,2939.8595,0.034568784,2.0,2937.302236
2025-12-24 19:00:00+00:00,2939.314,2945.079,2936.4465,2944.4305,0.007266,4.0,2943.050467
2025-12-24 20:00:00+00:00,2945.365,2950.3755,2940.1,2940.903,0.006469,3.0,2942.973226
2025-12-24 21:00:00+00:00,2942.9335,2951.331405,2941.125,2949.575,0.00696508,3.0,2948.499094
2025-12-24 22:00:00+00:00,2948.99,2960.87,2947.5,2958.083,0.047574202,5.0,2955.661197
2025-12-24 23:00:00+00:00,2956.72,2956.72,2944.154,2944.59,0.0,0.0,2956.72
2025-12-25 00:00:00+00:00,2944.168,2945.9295,2935.8715,2937.9,0.004352,2.0,2942.498787
2025-12-25 01:00:00+00:00,2939.03,2949.182,2939.03,2946.8695,0.018980282,3.0,2946.99906
2025-12-25 02:00:00+00:00,2945.54,2955.045,2941.3565,2950.911,0.092703531,8.0,2949.655098
2025-12-25 03:00:00+00:00,2950.147,2950.147,2941.7125,2945.523,0.00418768,2.0,2944.049385
2025-12-25 04:00:00+00:00,2945.67,2945.9065,2941.11,2943.207,0.0,0.0,2945.78825
2025-12-25 05:00:00+00:00,2942.7205,2943.9,2937.25,2940.7185,0.463592181,5.0,2942.949636
2025-12-25 06:00:00+00:00,2941.9,2941.9,2935.481,2941.465,0.048840337,9.0,2940.753827
2025-12-25 07:00:00+00:00,2940.59,2943.62,2937.225,2940.1655,0.747269279,8.0,2939.905821
2025-12-25 08:00:00+00:00,2941.198,2944.35,2915.55,2927.9285,0.024738395,5.0,2930.034535
2025-12-25 09:00:00+00:00,2926.97,2928.85,2924.6,2926.5025,0.032792386,1.0,2924.6
2025-12-25 10:00:00+00:00,2925.264,2925.264,2911.445,2917.742,0.18376901,4.0,2918.827523
2025-12-25 11:00:00+00:00,2919.676,2926.6635,2919.676,2923.59,0.01012238,4.0,2923.554906
2025-12-25 12:00:00+00:00,2922.5,2928.789,2922.5,2925.995,0.433618957,6.0,2927.168687
2025-12-25 13:00:00+00:00,2924.91,2931.715,2918.89,2928.6605,0.008887,1.0,2927.26
2025-12-25 14:00:00+00:00,2930.2,2936.7105,2922.0325,2931.7,0.362902022,7.0,2927.487301
2025-12-25 15:00:00+00:00,2933.0065,2969.105,2931.0,2959.2055,0.0444285,4.0,2953.855549
2025-12-25 16:00:00+00:00,2961.2,2964.15,2943.484,2946.501,0.035193616,11.0,2960.336996
2025-12-25 17:00:00+00:00,2945.3035,2951.845,2942.0375,2951.845,0.00402,2.0,2945.184388
2025-12-25 18:00:00+00:00,2953.8,2963.447,2950.9115,2957.49,0.1399494,3.0,2954.092176
2025-12-25 19:00:00+00:00,2957.335,2957.4235,2947.5,2953.94,0.00166,1.0,2951.1
2025-12-25 20:00:00+00:00,2954.22,2955.142,2942.415,2948.956,0.063490457,17.0,2949.739838
2025-12-25 21:00:00+00:00,2947.865,2952.125,2942.4365,2945.2,0.174846119,2.0,2947.527134
2025-12-25 22:00:00+00:00,2945.271,2947.7,2906.45,2920.39,0.032154389,2.0,2947.482845
2025-12-25 23:00:00+00:00,2919.3305,2924.3345,2890.1895,2902.95,0.006474003,4.0,2910.22226
2025-12-26 00:00:00+00:00,2901.496,2908.95,2892.6375,2900.985,0.040805697,4.0,2900.543103
2025-12-26 01:00:00+00:00,2902.3405,2920.675,2902.3405,2917.985,0.011514,3.0,2912.790392
2025-12-26 02:00:00+00:00,2916.6925,2991.183,2916.2025,2969.5725,0.078780648,9.0,2955.144109
2025-12-26 03:00:00+00:00,2971.494,2973.354,2955.7,2962.165,3.315834919,7.0,2973.321243
2025-12-26 04:00:00+00:00,2961.2955,2971.525,2951.201,2969.55,0.271664085,4.0,2951.545899
2025-12-26 05:00:00+00:00,2968.195,2972.5935,2963.95,2970.805,0.011401,6.0,2966.115907
2025-12-26 06:00:00+00:00,2972.335,2979.6435,2970.36,2976.1605,0.077419632,4.0,2974.314654
2025-12-26 07:00:00+00:00,2977.047,2990.51,2951.25,2955.7245,0.376228741,5.0,2982.764036
2025-12-26 08:00:00+00:00,2953.681,2968.76,2953.681,2962.19,0.018433334,3.0,2960.691686
2025-12-26 09:00:00+00:00,2963.7735,2973.2645,2961.3075,2972.15,1.625050528,7.0,2969.987249
2025-12-26 10:00:00+00:00,2969.72,2972.2,2965.2,2970.325,0.066000781,5.0,2970.039459
2025-12-26 11:00:00+00:00,2968.05,2968.8,2962.535,2963.5,0.038898098,7.0,2966.352905
2025-12-26 12:00:00+00:00,2964.9,2971.421,2962.9845,2971.421,0.49705401,7.0,2967.679656
2025-12-26 13:00:00+00:00,2969.19,2983.135,2969.19,2983.1145,0.109663054,4.0,2975.133865
2025-12-26 14:00:00+00:00,2984.7,2984.7,2908.355,2915.337,1.298021382,12.0,2929.487203
2025-12-26 15:00:00+00:00,2913.744,2925.85,2893.4395,2920.5625,4.35720386,24.0,2906.670166
2025-12-26 16:00:00+00:00,2922.107,2927.78,2904.9825,2906.66,16.644228884,12.0,2909.206463
2025-12-26 17:00:00+00:00,2907.905,2933.0,2905.375,2918.9235,0.06397258,8.0,2919.942631
2025-12-26 18:00:00+00:00,2920.3305,2925.37,2917.33,2921.676,0.003871878,2.0,2923.520887
2025-12-26 19:00:00+00:00,2920.045,2926.6765,2916.095,2923.8915,0.023357032,1.0,2925.6
2025-12-26 20:00:00+00:00,2925.46,2936.4,2920.45,2928.3215,1.806509901,39.0,2932.242002
2025-12-26 21:00:00+00:00,2929.75,2931.575,2922.915,2922.915,0.003665,2.0,2926.243765
2025-12-26 22:00:00+00:00,2925.115,2928.69,2920.159,2927.982,0.030004337,5.0,2927.489693
2025-12-26 23:00:00+00:00,2930.114,2933.6,2925.18,2926.056,0.010216,3.0,2932.072385
2025-12-27 00:00:00+00:00,2928.25,2928.25,2921.3,2925.7475,0.007215868,2.0,2921.378124
2025-12-27 01:00:00+00:00,2924.208,2927.5805,2921.45,2925.758,0.007275,5.0,2924.744687
2025-12-27 02:00:00+00:00,2924.8,2927.661,2922.76,2926.341,0.007875,2.0,2924.406836
2025-12-27 03:00:00+00:00,2927.295,2933.423,2924.951,2929.77,0.010268,3.0,2928.058706
2025-12-27 04:00:00+00:00,2931.9285,2931.9285,2926.785,2928.7,0.20619312,4.0,2930.237696
2025-12-27 05:00:00+00:00,2927.1,2930.19,2927.1,2930.05,0.978015,3.0,2927.125032
2025-12-27 06:00:00+00:00,2928.006,2928.5305,2926.039,2927.434,0.009061885,2.0,2926.544203
2025-12-27 07:00:00+00:00,2928.383,2934.845,2928.383,2931.34,0.122383581,7.0,2931.029433
2025-12-27 08:00:00+00:00,2932.2835,2935.6565,2931.616,2933.2915,0.104754692,4.0,2933.829402
2025-12-27 09:00:00+00:00,2934.883,2938.131,2931.3515,2933.765,4.838042905,4.0,2931.754487
2025-12-27 10:00:00+00:00,2932.1485,2932.2035,2916.4155,2924.905,0.693366176,2.0,2926.692957
2025-12-27 11:00:00+00:00,2923.285,2932.235,2921.55,2929.855,0.0,0.0,2923.285
2025-12-27 12:00:00+00:00,2928.78,2932.2085,2928.03,2930.3,0.301671,2.0,2930.110314
2025-12-27 13:00:00+00:00,2930.465,2931.14,2924.78,2928.148,0.03455,7.0,2927.308389
2025-12-27 14:00:00+00:00,2928.3965,2930.1,2924.299,2927.1,0.010419864,4.0,2927.738233
2025-12-27 15:00:00+00:00,2925.1,2931.1,2924.9535,2926.3,0.009621,2.0,2929.356938
2025-12-27 16:00:00+00:00,2923.78,2927.91,2916.735,2919.5665,0.067243411,9.0,2923.385875
2025-12-27 17:00:00+00:00,2920.87,2926.9475,2918.7515,2926.35,0.228907917,4.0,2920.636645
2025-12-27 18:00:00+00:00,2926.125,2926.2375,2923.3165,2923.3165,0.389456162,3.0,2925.900045
2025-12-27 19:00:00+00:00,2924.355,2928.812,2923.4735,2928.575,0.013678,2.0,2927.213654
2025-12-27 20:00:00+00:00,2929.5865,2932.6,2926.235,2927.543,0.697932346,18.0,2929.817863
2025-12-27 21:00:00+00:00,2928.365,2932.52,2927.844,2932.48,0.315059238,4.0,2928.956582
2025-12-27 22:00:00+00:00,2933.075,2952.707,2926.141,2932.553,0.131599918,20.0,2936.311796
2025-12-27 23:00:00+00:00,2932.7845,2979.257833012,2931.632,2945.842,0.083278,10.0,2950.914049
2025-12-28 00:00:00+00:00,2947.63,2950.416,2940.9065,2942.965,3.319926,4.0,2949.249608
2025-12-28 01:00:00+00:00,2944.145,2948.1,2939.355,2942.143,0.006792,1.0,2940.949
2025-12-28 02:00:00+00:00,2941.0035,2946.936,2940.45,2946.315,0.01720061,5.0,2944.334092
2025-12-28 03:00:00+00:00,2947.7,2947.7,2938.99,2941.67,0.021968095,6.0,2944.3463
2025-12-28 04:00:00+00:00,2939.835,2944.425,2934.83,2936.7395,2.191452236,5.0,2940.989633
2025-12-28 05:00:00+00:00,2934.93,2939.51,2928.962,2932.6915,0.056940664,3.0,2933.197577
2025-12-28 06:00:00+00:00,2933.3675,2941.643,2933.3305,2940.542,0.02593168,5.0,2939.276325
2025-12-28 07:00:00+00:00,2939.4705,2940.085,2934.436,2937.1065,0.0,0.0,2939.4705
2025-12-28 08:00:00+00:00,2936.652,2944.23,2935.34,2938.145,1.103231551,8.0,2939.057162
2025-12-28 09:00:00+00:00,2935.95,2942.669,2929.685,2934.34,0.042035,5.0,2942.001755
2025-12-28 10:00:00+00:00,2936.305,2941.589,2936.305,2940.92,0.014652,2.0,2938.835689
2025-12-28 11:00:00+00:00,2942.5445,2943.69,2938.7,2942.064,0.116703504,3.0,2941.374242
2025-12-28 12:00:00+00:00,2940.22,2942.022,2934.688,2936.8285,0.02123,6.0,2938.118923
2025-12-28 13:00:00+00:00,2938.46,2941.865,2936.35,2937.864,0.002863,1.0,2938.158
2025-12-28 14:00:00+00:00,2939.138,2952.242,2937.2405,2943.714,0.549593219,16.0,2944.344709
2025-12-28 15:00:00+00:00,2945.65,2957.08,2945.145,2947.32,2.08049061,14.0,2952.074264
2025-12-28 16:00:00+00:00,2948.46,2979.257833012,2938.091,2939.8405,0.215392565,9.0,2940.94036
2025-12-28 17:00:00+00:00,2942.29,2948.766,2942.29,2943.385,0.001047,1.0,2946.6
2025-12-28 18:00:00+00:00,2945.27,2945.27,2924.3495,2929.17,3.324600306,6.0,2934.563155
2025-12-28 19:00:00+00:00,2931.5,2936.745,2924.9595,2931.071,0.004693,2.0,2934.331835
2025-12-28 20:00:00+00:00,2932.962,2936.7,2929.2495,2930.753,0.885832703,11.0,2934.057906
2025-12-28 21:00:00+00:00,2929.049,2936.74,2926.18,2934.1,0.043737,3.0,2928.237758
2025-12-28 22:00:00+00:00,2934.5975,2952.6415,2933.45,2947.115,15.06821,8.0,2934.926287
2025-12-28 23:00:00+00:00,2948.715,2952.3645,2937.52,2949.19,0.070015,6.0,2941.342966
2025-12-29 00:00:00+00:00,2946.955,2973.3525,2943.14,2963.55,0.136330195,15.0,2956.0958
2025-12-29 01:00:00+00:00,2965.125,2982.781,2950.157,2976.59,0.06962622,12.0,2967.382805
2025-12-29 02:00:00+00:00,2978.456,3014.3,2978.456,2999.701,0.251065217,20.0,3002.187809
2025-12-29 03:00:00+00:00,3000.9455,3043.95,2999.9925,3039.3,0.164598686,13.0,3034.07098
2025-12-29 04:00:00+00:00,3041.4505,3053.3,3037.153,3038.035,3.391799882,18.0,3045.407559
2025-12-29 05:00:00+00:00,3035.9,3041.63,3031.1,3035.2515,0.280108683,12.0,3035.287591
2025-12-29 06:00:00+00:00,3033.885,3042.5,3028.2345,3032.37,0.257978313,13.0,3034.030742
2025-12-29 07:00:00+00:00,3033.713,3035.2625,3008.35,3015.4,0.03314829,8.0,3016.656477
2025-12-29 08:00:00+00:00,3014.35,3024.0,3008.475,3012.135,0.069422223,9.0,3018.573666
2025-12-29 09:00:00+00:00,3010.478,3012.642,2954.205,2972.25,0.45679873,16.0,2966.989124
2025-12-29 10:00:00+00:00,2970.717,2979.49,2958.33,2962.8725,1.10177632,13.0,2965.298971
2025-12-29 11:00:00+00:00,2962.1495,2963.99,2954.75,2956.6935,2.910195941,10.0,2958.139702
2025-12-29 12:00:00+00:00,2955.6585,2955.6585,2907.151970443,2926.2,0.119694985,3.0,2911.575093
2025-12-29 13:00:00+00:00,2927.7,2934.465,2917.889,2923.67,2.38642681,15.0,2930.119866
2025-12-29 14:00:00+00:00,2925.54,2963.43,2914.751,2923.54,1.860739488,13.0,2921.506236
2025-12-29 15:00:00+00:00,2924.78,2947.11,2917.905,2933.504,0.416524187,11.0,2932.771442
2025-12-29 16:00:00+00:00,2932.15,2939.5605,2922.2,2933.558,0.460479589,11.0,2931.295358
2025-12-29 17:00:00+00:00,2934.9295,2941.34,2923.8345,2938.985,0.399615864,11.0,2932.216717
2025-12-29 18:00:00+00:00,2941.294,2942.38,2911.723,2916.673,0.293936099,3.0,2934.800302
2025-12-29 19:00:00+00:00,2914.625,2937.543,2914.625,2929.6,0.014198731,6.0,2929.016015
2025-12-29 20:00:00+00:00,2927.745,2938.5,2920.869,2925.78,1.452572199,44.0,2925.307322
2025-12-29 21:00:00+00:00,2927.9165,2935.718,2926.27,2934.781,0.022309991,6.0,2930.237455
2025-12-29 22:00:00+00:00,2933.351,2940.5285,2927.34,2935.166,0.005363076,2.0,2937.278586
2025-12-29 23:00:00+00:00,2933.825,2939.597,2929.01,2934.3165,0.001614,1.0,2931.6
2025-12-30 00:00:00+00:00,2935.635,2937.124,2928.88,2934.9475,0.011686,1.0,2935.834
2025-12-30 01:00:00+00:00,2932.86,2936.3135,2922.23,2932.985,0.0045717,2.0,2928.44656
2025-12-30 02:00:00+00:00,2933.9,2935.75,2920.926,2923.5625,0.122052076,3.0,2922.721186
2025-12-30 03:00:00+00:00,2922.55,2952.385,2916.2815,2948.855,0.309720338,6.0,2940.213705
2025-12-30 04:00:00+00:00,2949.915,2955.465,2941.925,2943.099,0.042417277,8.0,2951.054063
2025-12-30 05:00:00+00:00,2944.05,2944.05,2934.0795,2938.07,0.003334,2.0,2939.110219
2025-12-30 06:00:00+00:00,2936.5825,2947.115,2936.5825,2942.037,0.037723,4.0,2942.450517
2025-12-30 07:00:00+00:00,2942.35625,2951.93,2941.15,2947.8,0.216656189,4.0,2941.308195
2025-12-30 08:00:00+00:00,2947.07,2998.827,2947.07,2975.04,0.065291664,8.0,2972.396938
2025-12-30 09:00:00+00:00,2977.0645,2984.242,2967.85,2981.945,0.03778855,5.0,2974.538879
2025-12-30 10:00:00+00:00,2982.45875,2985.85,2970.265,2972.0955,0.033806825,7.0,2979.104391
2025-12-30 11:00:00+00:00,2972.446875,2980.6,2968.71,2973.24,0.330090545,9.0,2971.083153
2025-12-30 12:00:00+00:00,2975.225,2982.109,2973.475,2975.995,0.135647259,6.0,2976.495265
2025-12-30 13:00:00+00:00,2977.6235,2987.7125,2975.85,2983.605,0.031854014,10.0,2982.926617
2025-12-30 14:00:00+00:00,2981.6255,3005.815,2955.52,2992.6,0.174318249,14.0,2978.317491
2025-12-30 15:00:00+00:00,2993.5765,2999.239,2967.064,2986.366,0.469289878,9.0,2979.784233
2025-12-30 16:00:00+00:00,2988.705,2991.5985,2972.42,2980.1205,0.692248908,15.0,2988.801874
2025-12-30 17:00:00+00:00,2978.82,2983.462,2964.95,2974.74,0.039347251,4.0,2982.626339
2025-12-30 18:00:00+00:00,2973.3,2976.99,2959.24,2968.98,0.346163526,8.0,2973.486786
2025-12-30 19:00:00+00:00,2967.2235,2972.05,2942.9105,2968.216,0.365718303,3.0,2951.473703
2025-12-30 20:00:00+00:00,2966.9545,2969.78,2953.9895,2955.635,0.09786977,20.0,2960.718025
2025-12-30 21:00:00+00:00,2952.682,2966.1975,2952.682,2964.936,0.011368048,2.0,2959.149284
2025-12-30 22:00:00+00:00,2966.4165,2968.6935,2961.5115,2965.9715,0.003743,2.0,2965.200219
2025-12-30 23:00:00+00:00,2964.6845,2971.6,2964.2,2971.02,0.039690334,3.0,2970.421587
2025-12-31 00:00:00+00:00,2969.26,2969.26,2959.9805,2961.912,0.039332,4.0,2964.871484
2025-12-31 01:00:00+00:00,2960.753,2980.51,2960.4,2977.185,0.156282576,5.0,2976.217027
2025-12-31 02:00:00+00:00,2975.255,2979.91,2972.175,2977.882,0.05477903,4.0,2976.955432
2025-12-31 03:00:00+00:00,2980.2645,2980.2645,2963.05,2967.45,0.012871017,5.0,2975.297545
2025-12-31 04:00:00+00:00,2968.455,2970.8,2965.6115,2965.6115,0.011076,4.0,2969.742045
2025-12-31 05:00:00+00:00,2966.85,2975.305,2966.85,2972.415,0.106216881,4.0,2974.29587
2025-12-31 06:00:00+00:00,2971.24,2975.4,2971.09,2971.238,0.023649,4.0,2971.810662
2025-12-31 07:00:00+00:00,2971.59,2973.65,2967.46,2972.928,0.254362452,4.0,2971.194864
2025-12-31 08:00:00+00:00,2975.255,2975.585,2961.63,2965.545,0.681353287,8.0,2973.267897
2025-12-31 09:00:00+00:00,2968.02,2974.421,2966.69,2974.421,0.306403657,4.0,2970.895378
2025-12-31 10:00:00+00:00,2975.432,2978.865,2972.55,2978.0175,0.016903,5.0,2974.023859
2025-12-31 11:00:00+00:00,2979.4985,3000.115,2979.4985,2998.735,0.00828923,4.0,2991.426226
2025-12-31 12:00:00+00:00,2997.42,2997.847,2981.552,2983.5545,0.006366,3.0,2994.598257
2025-12-31 13:00:00+00:00,2985.92,2995.6,2983.42,2994.425,0.008187018,1.0,2993.74
2025-12-31 14:00:00+00:00,2995.85,3022.7735,2979.4955,2989.975,7.936278199,11.0,3004.234816
2025-12-31 15:00:00+00:00,2990.7,2990.71,2965.51,2981.358,0.360136559,11.0,2983.229799
2025-12-31 16:00:00+00:00,2981.9,2992.14,2957.97,2973.25,0.200569205,13.0,2981.363897
2025-12-31 17:00:00+00:00,2971.385,2976.257,2962.4,2971.54,0.073196713,6.0,2974.345273
2025-12-31 18:00:00+00:00,2969.4,2981.3235,2967.8165,2969.9915,0.013294443,3.0,2976.702616
2025-12-31 19:00:00+00:00,2972.44,2977.696,2966.6,2966.8135,19.983113895,9.0,2972.840013
2025-12-31 20:00:00+00:00,2967.857,2974.0865,2958.2,2971.796,0.854362583,38.0,2962.021818
2025-12-31 21:00:00+00:00,2970.297,2980.0,2970.2,2977.176,0.014056225,4.0,2976.257011
2025-12-31 22:00:00+00:00,2978.63,2979.659,2969.996,2971.705,0.016199591,5.0,2977.432511
2025-12-31 23:00:00+00:00,2969.79,2974.11,2965.975,2967.945,0.090536736,5.0,2970.203553
2026-01-01 00:00:00+00:00,2966.39,2976.55,2966.39,2974.7,0.011028,3.0,2969.377649
2026-01-01 01:00:00+00:00,2976.364,2982.8,2975.0955,2979.85,0.001643,1.0,2982.8
2026-01-01 02:00:00+00:00,2981.0,2983.03,2976.915,2978.8575,0.008917,3.0,2978.977905
2026-01-01 03:00:00+00:00,2977.35,2981.7,2974.825,2974.825,0.017944,5.0,2980.937984
2026-01-01 04:00:00+00:00,2976.1,2976.1,2968.1955,2970.2,0.009145,5.0,2972.732198
2026-01-01 05:00:00+00:00,2971.09,2980.26,2971.09,2976.6955,0.02097,6.0,2977.053661
2026-01-01 06:00:00+00:00,2978.291,2978.291,2970.495,2971.7605,0.34727443,8.0,2977.999055
2026-01-01 07:00:00+00:00,2971.9,2977.161625,2971.9,2973.92,0.00724,3.0,2976.304041
2026-01-01 08:00:00+00:00,2972.65,2978.95,2972.65,2977.553,0.205449099,6.0,2976.415536
2026-01-01 09:00:00+00:00,2977.91225,2982.135,2976.69,2978.8175,0.435016,6.0,2981.286396
2026-01-01 10:00:00+00:00,2979.288125,2982.7,2977.2,2980.616,0.013937,2.0,2979.941831
2026-01-01 11:00:00+00:00,2981.0145,2986.49,2980.47,2984.95,0.342254486,4.0,2981.757359
2026-01-01 12:00:00+00:00,2983.885,2985.9,2979.9165,2981.945,0.187353823,4.0,2982.776254
2026-01-01 13:00:00+00:00,2983.38,2985.574,2978.87,2979.85,0.023578,3.0,2981.646536
2026-01-01 14:00:00+00:00,2978.305,2981.886,2973.721,2981.886,0.340709636,5.0,2977.235995
2026-01-01 15:00:00+00:00,2980.57,2990.56,2977.145,2985.96,0.01368353,4.0,2983.002759
2026-01-01 16:00:00+00:00,2983.9,2986.04,2976.76,2977.855,0.011550137,7.0,2982.454175
2026-01-01 17:00:00+00:00,2979.339,3000.528,2979.339,2985.2,0.003412598,1.0,2990.121
2026-01-01 18:00:00+00:00,2986.5985,2988.1455,2980.84,2985.65,0.073623261,3.0,2985.981336
2026-01-01 19:00:00+00:00,2984.1885,2992.63,2982.885,2990.4625,1.750066121,3.0,2992.367491
2026-01-01 20:00:00+00:00,2992.61,2992.61,2981.9,2983.375,0.484001298,32.0,2984.347833
2026-01-01 21:00:00+00:00,2985.835,2989.9,2984.65,2985.7295,0.017413914,2.0,2989.760018
2026-01-01 22:00:00+00:00,2988.112,2996.677,2983.3265,2995.1735,0.048198988,6.0,2993.442585
2026-01-01 23:00:00+00:00,2996.065,3005.5845,2988.835,3000.531,0.01396299,5.0,2999.50793
2026-01-02 00:00:00+00:00,3002.45,3004.6875,2993.3545,3001.41,0.019845,6.0,2999.245451
2026-01-02 01:00:00+00:00,3002.655,3004.0,2995.2755,2999.7275,0.013788,3.0,2999.569209
2026-01-02 02:00:00+00:00,2998.555,2999.7275,2988.8275,2997.81,0.006442,3.0,2994.479485
2026-01-02 03:00:00+00:00,2997.05,3030.238,2997.05,3019.1515,0.086567381,10.0,3015.782118
2026-01-02 04:00:00+00:00,3020.721,3020.721,3007.655,3007.655,0.005313,3.0,3014.958276
2026-01-02 05:00:00+00:00,3009.42,3013.755,3005.8285,3012.7,0.003688922,2.0,3008.045219
2026-01-02 06:00:00+00:00,3014.5805,3034.008,3011.1545,3023.96,0.070072046,5.0,3028.70912
2026-01-02 07:00:00+00:00,3025.14,3027.9045,3012.67,3015.635,0.016598,7.0,3020.765892
2026-01-02 08:00:00+00:00,3016.6615,3029.995,3013.037,3027.75,0.131303027,2.0,3023.870182
2026-01-02 09:00:00+00:00,3026.6,3049.683,3026.6,3043.95,6.008625277,11.0,3041.755266
2026-01-02 10:00:00+00:00,3045.355,3065.833,3043.884,3053.74,0.11420753,11.0,3054.647628
2026-01-02 11:00:00+00:00,3051.835,3051.904,3036.6165,3043.8,0.090111535,8.0,3048.456707
2026-01-02 12:00:00+00:00,3042.5,3053.8145,3041.2,3046.0955,0.132355,8.0,3043.771005
2026-01-02 13:00:00+00:00,3044.685,3055.3,3044.685,3048.301,0.03227476,7.0,3051.193009
2026-01-02 14:00:00+00:00,3049.81,3104.63,3018.6045,3079.911,11.150149351,25.0,3095.887925
2026-01-02 15:00:00+00:00,3082.0295,3095.7,3053.01,3085.1245,0.428305546,11.0,3066.22001
2026-01-02 16:00:00+00:00,3083.445,3144.419,3079.2815,3131.379,3.269737252,19.0,3128.888983
2026-01-02 17:00:00+00:00,3133.64,3147.95,3109.745,3121.075,0.75761597,16.0,3124.155463
2026-01-02 18:00:00+00:00,3123.015,3130.675,3097.055,3108.4,5.54283544,9.0,3121.647649
2026-01-02 19:00:00+00:00,3109.654,3126.9,3106.3735,3122.1555,1.095963718,5.0,3120.477489
2026-01-02 20:00:00+00:00,3123.1435,3127.105,3112.4175,3117.378,0.205561162,43.0,3116.460898
2026-01-02 21:00:00+00:00,3118.4,3131.465,3115.176,3128.65,1.561094205,6.0,3119.418555
2026-01-02 22:00:00+00:00,3127.1155,3142.615,3127.1155,3131.97,0.001376,1.0,3135.22
2026-01-02 23:00:00+00:00,3130.452,3132.914,3119.955,3123.9905,0.006347002,5.0,3124.726902
2026-01-03 00:00:00+00:00,3125.7175,3134.6625,3123.4815,3130.775,0.041945,2.0,3127.22206
2026-01-03 01:00:00+00:00,3130.01,3131.3,3120.8,3130.0,0.046039979,10.0,3125.806637
2026-01-03 02:00:00+00:00,3129.307,3129.307,3119.538,3125.5525,0.008335,4.0,3124.594124
2026-01-03 03:00:00+00:00,3124.2645,3126.2485,3118.924,3126.2485,0.02579,10.0,3122.912347
2026-01-03 04:00:00+00:00,3124.15,3126.044,3114.6995,3116.235,0.108467531,5.0,3121.22154
2026-01-03 05:00:00+00:00,3117.88,3118.31,3103.613,3112.2165,0.062853792,7.0,3112.640669
2026-01-03 06:00:00+00:00,3110.035,3115.8,3096.975,3096.975,0.052258021,7.0,3111.000141
2026-01-03 07:00:00+00:00,3098.588,3104.17,3076.059,3088.18,0.435347592,7.0,3087.707306
2026-01-03 08:00:00+00:00,3086.997,3104.35,3083.097,3094.91,0.001583,1.0,3097.815
2026-01-03 09:00:00+00:00,3096.6405,3109.592,3092.2,3100.0585,0.020547481,5.0,3103.174694
2026-01-03 10:00:00+00:00,3098.427,3106.38,3096.3025,3096.3025,0.100937179,6.0,3105.218631
2026-01-03 11:00:00+00:00,3094.265,3098.356,3091.3385,3098.0095,0.065222,7.0,3093.850217
2026-01-03 12:00:00+00:00,3097.3065,3103.793,3091.5975,3103.004,0.285071992,6.0,3102.943709
2026-01-03 13:00:00+00:00,3104.7655,3105.487,3099.855,3102.038,0.008622,3.0,3103.317767
2026-01-03 14:00:00+00:00,3103.6,3112.69,3100.415,3102.94,0.192492403,7.0,3102.68071
2026-01-03 15:00:00+00:00,3102.4025,3105.2545,3098.9035,3099.105,0.004252,2.0,3102.134281
2026-01-03 16:00:00+00:00,3100.245,3109.965,3096.157,3106.83,0.029550152,8.0,3103.378875
2026-01-03 17:00:00+00:00,3104.359,3108.25,3104.359,3106.8455,0.001873,1.0,3106.34
2026-01-03 18:00:00+00:00,3105.323,3116.7,3104.39,3113.435,0.4527318,4.0,3112.87448
2026-01-03 19:00:00+00:00,3112.515,3113.52,3108.482,3111.205,0.317960175,4.0,3110.448136
2026-01-03 20:00:00+00:00,3109.4945,3116.9,3106.37,3113.536,0.521545432,24.0,3113.895755
2026-01-03 21:00:00+00:00,3112.4445,3126.8,3110.7,3118.059,0.479681393,2.0,3113.54292
2026-01-03 22:00:00+00:00,3117.16,3124.575,3111.997,3121.595,1.012046125,5.0,3118.224487
2026-01-03 23:00:00+00:00,3121.95625,3128.55875,3120.241,3125.338125,0.003780572,3.0,3126.158633
2026-01-04 00:00:00+00:00,3124.9605,3165.2715,3124.9605,3157.1565,0.062378721,8.0,3142.298829
2026-01-04 01:00:00+00:00,3155.6835,3160.222,3140.7605,3149.25,0.066129337,11.0,3151.808242
2026-01-04 02:00:00+00:00,3147.189,3149.6,3137.57,3139.5695,0.003327,2.0,3145.079687
2026-01-04 03:00:00+00:00,3141.3,3149.54,3139.062,3146.88,0.020471,3.0,3147.107313
2026-01-04 04:00:00+00:00,3145.315,3153.89,3143.9,3148.46,0.015640011,9.0,3147.578128
2026-01-04 05:00:00+00:00,3147.1425,3151.9,3145.077,3149.3,0.011537796,5.0,3149.935829
2026-01-04 06:00:00+00:00,3151.5,3161.13,3139.1,3139.1,0.026728719,11.0,3150.739831
2026-01-04 07:00:00+00:00,3141.108,3145.8,3133.5885,3139.45,0.182828349,12.0,3140.276273
2026-01-04 08:00:00+00:00,3141.5785,3141.5785,3124.841,3136.2615,0.042576246,7.0,3131.20333
2026-01-04 09:00:00+00:00,3138.365,3147.2435,3132.957,3143.55,0.121018519,15.0,3140.476343
2026-01-04 10:00:00+00:00,3145.47,3148.287,3141.0,3145.55,3.287024795,7.0,3146.112977
2026-01-04 11:00:00+00:00,3143.6395,3143.6395,3134.0,3137.255,0.030361251,7.0,3137.809345
2026-01-04 12:00:00+00:00,3139.323,3144.705,3132.904,3135.1025,0.488020426,22.0,3137.247254
2026-01-04 13:00:00+00:00,3133.62,3140.19,3130.225,3139.28,0.29304053,24.0,3135.471248
2026-01-04 14:00:00+00:00,3140.7,3143.4,3129.137,3136.4025,0.412690599,29.0,3137.97794
2026-01-04 15:00:00+00:00,3134.895,3139.0,3119.121,3132.619,0.015917221,8.0,3134.732063
2026-01-04 16:00:00+00:00,3134.8175,3138.4,3129.95,3137.129,0.030261382,5.0,3136.175567
2026-01-04 17:00:00+00:00,3139.047,3142.625,3134.5485,3135.632,0.043787,5.0,3137.370861
2026-01-04 18:00:00+00:00,3134.26,3134.26,3121.6,3133.613,0.020164722,2.0,3129.51696
2026-01-04 19:00:00+00:00,3132.1545,3133.992,3119.051,3132.693,0.052588221,2.0,3128.394175
2026-01-04 20:00:00+00:00,3130.37,3142.6,3130.37,3140.684,0.43720205,18.0,3140.455349
2026-01-04 21:00:00+00:00,3139.0915,3154.8435,3136.2155,3143.685,0.488872621,1.0,3139.95
2026-01-04 22:00:00+00:00,3145.75,3147.9,3134.45,3138.945,0.399726,2.0,3142.694398
2026-01-04 23:00:00+00:00,3139.957,3151.065,3134.556,3144.3575,0.014617,5.0,3142.212588
2026-01-05 00:00:00+00:00,3142.074,3173.32,3142.074,3166.9075,0.072169306,10.0,3165.721023
2026-01-05 01:00:00+00:00,3168.99,3218.135,3163.208,3197.634,1.155820191,8.0,3192.571342
2026-01-05 02:00:00+00:00,3198.9,3202.7,3183.048,3192.18,21.806886148,13.0,3188.261827
2026-01-05 03:00:00+00:00,3190.175,3195.5,3182.266,3185.5805,0.45160748,15.0,3188.808522
2026-01-05 04:00:00+00:00,3185.174,3187.2075,3157.59,3165.95,0.199887476,15.0,3174.504382
2026-01-05 05:00:00+00:00,3164.75,3167.46,3146.174,3147.865,0.356907665,21.0,3160.28328
2026-01-05 06:00:00+00:00,3150.446,3157.942,3134.804,3155.8055,20.078197335,10.0,3136.639646
2026-01-05 07:00:00+00:00,3154.752,3161.6505,3154.2055,3155.9315,0.026425652,9.0,3156.976059
2026-01-05 08:00:00+00:00,3157.401,3170.639,3156.16,3162.59,0.353620201,20.0,3162.364749
2026-01-05 09:00:00+00:00,3160.681,3173.295,3152.3585,3166.425,0.051708793,8.0,3164.103613
2026-01-05 10:00:00+00:00,3168.5695,3177.8,3161.555,3171.85,0.150676419,12.0,3171.131694
2026-01-05 11:00:00+00:00,3170.005,3182.615,3167.55,3180.25,0.03041982,9.0,3178.723372
2026-01-05 12:00:00+00:00,3181.815,3181.815,3164.31,3168.735,0.085178343,12.0,3173.398516
2026-01-05 13:00:00+00:00,3169.57,3171.67,3142.4,3152.7,0.618839963,13.0,3148.409913
2026-01-05 14:00:00+00:00,3154.185,3176.4,3135.6565,3164.435,3.596372462,21.0,3166.542976
2026-01-05 15:00:00+00:00,3166.6,3202.6501625,3150.98,3195.25,0.86890835,18.0,3174.574324
2026-01-05 16:00:00+00:00,3193.2655,3201.548,3172.98,3183.7425,0.131792658,19.0,3183.210255
2026-01-05 17:00:00+00:00,3181.7265,3227.744,3159.7005,3212.775,1.965589753,20.0,3177.12356
2026-01-05 18:00:00+00:00,3214.6735,3228.64,3189.1495,3226.6,0.913523262,13.0,3196.6331
2026-01-05 19:00:00+00:00,3225.895,3227.68,3214.349,3223.7,5.194786699,13.0,3221.846574
2026-01-05 20:00:00+00:00,3221.712,3264.895,3219.6,3241.561,12.577101483,73.0,3237.919732
2026-01-05 21:00:00+00:00,3242.509,3248.996625,3232.475,3238.555,0.121365959,6.0,3239.320699
2026-01-05 22:00:00+00:00,3238.164,3250.98,3232.615,3240.425,1.508936606,17.0,3245.891195
2026-01-05 23:00:00+00:00,3239.255,3239.255,3225.476,3226.5185,0.084006789,10.0,3232.609825
2026-01-06 00:00:00+00:00,3228.255,3231.42,3202.796,3215.499,0.558134403,14.0,3216.909875
2026-01-06 01:00:00+00:00,3216.9375,3246.9975,3216.9375,3218.425,0.164003303,18.0,3226.618009
2026-01-06 02:00:00+00:00,3219.507,3225.0,3209.8895,3218.194,0.494154191,9.0,3213.273554
2026-01-06 03:00:00+00:00,3216.8,3232.65,3214.705,3224.5395,1.171555382,10.0,3225.239451
2026-01-06 04:00:00+00:00,3226.8295,3233.9,3221.749,3223.8435,0.108846177,16.0,3225.652212
2026-01-06 05:00:00+00:00,3221.669,3227.85,3217.03,3217.62,0.043258083,13.0,3224.859588
2026-01-06 06:00:00+00:00,3219.275,3251.5125,3218.071,3241.8185,0.32997917,15.0,3222.809924
2026-01-06 07:00:00+00:00,3239.96,3239.96,3211.4095,3218.1685,0.048850601,10.0,3222.765056
2026-01-06 08:00:00+00:00,3220.165,3228.0,3213.35,3218.4705,0.251508095,11.0,3222.479643
2026-01-06 09:00:00+00:00,3217.0115,3228.62,3217.0115,3222.215,0.037906931,8.0,3223.812941
2026-01-06 10:00:00+00:00,3224.43,3230.3725,3220.2,3227.4025,0.65904296,16.0,3224.883311
2026-01-06 11:00:00+00:00,3229.5805,3241.97,3229.5805,3237.095,0.875558664,13.0,3235.269367
2026-01-06 12:00:00+00:00,3239.011,3244.8105,3234.641,3238.821,1.919806592,23.0,3238.175134
2026-01-06 13:00:00+00:00,3235.574,3238.24,3230.1,3238.24,0.023813783,9.0,3233.100598
2026-01-06 14:00:00+00:00,3239.85,3307.2275,3237.55,3276.509,7.452499169,44.0,3277.588181
2026-01-06 15:00:00+00:00,3275.2,3300.2735,3261.0,3271.0595,1.238132274,20.0,3273.556357
2026-01-06 16:00:00+00:00,3272.921,3278.649,3233.809,3249.8935,0.311326454,19.0,3261.263237
2026-01-06 17:00:00+00:00,3249.1,3257.7,3189.0935,3194.02,9.743368945,19.0,3240.27354
2026-01-06 18:00:00+00:00,3192.36,3230.6,3182.33,3217.891,1.256725973,9.0,3216.321545
2026-01-06 19:00:00+00:00,3216.6045,3227.485,3213.7325,3221.749,0.09267497,6.0,3222.823501
2026-01-06 20:00:00+00:00,3222.948,3248.0715,3220.785,3240.038,0.382652403,42.0,3237.872006
2026-01-06 21:00:00+00:00,3241.3505,3298.3195,3236.7,3274.492,3.296420714,17.0,3287.238158
2026-01-06 22:00:00+00:00,3276.615,3288.6,3263.75,3274.65,0.079439437,8.0,3273.762761
2026-01-06 23:00:00+00:00,3276.56,3298.72,3275.35,3295.09,0.079492606,13.0,3292.065889
2026-01-07 00:00:00+00:00,3294.5,3294.766,3254.9265,3257.1,0.990832,4.0,3294.681903
2026-01-07 01:00:00+00:00,3255.8,3269.774,3237.618,3243.68,0.10023183,15.0,3258.386521
2026-01-07 02:00:00+00:00,3245.17,3272.27,3239.08,3268.455,0.248727152,19.0,3256.020162
2026-01-07 03:00:00+00:00,3270.1755,3279.934,3263.56,3263.82,0.288015641,11.0,3269.342841
2026-01-07 04:00:00+00:00,3265.34,3269.185,3252.067,3254.248,0.050406402,12.0,3260.383511
2026-01-07 05:00:00+00:00,3252.055,3259.86,3244.9,3246.269,0.15514162,13.0,3254.101268
2026-01-07 06:00:00+00:00,3247.8005,3258.205,3245.1,3249.31,0.016040196,5.0,3249.402617
2026-01-07 07:00:00+00:00,3250.535,3259.6755,3250.535,3253.1175,0.034750034,4.0,3254.929368
2026-01-07 08:00:00+00:00,3254.973,3260.39,3250.435,3253.2805,0.110808393,8.0,3254.557238
2026-01-07 09:00:00+00:00,3251.4655,3251.74,3197.7795,3199.5165,0.103174253,12.0,3207.216384
2026-01-07 10:00:00+00:00,3198.195,3219.569,3193.605,3216.975,0.61868168,9.0,3210.680528
2026-01-07 11:00:00+00:00,3214.8,3224.929,3214.8,3218.44,0.006284555,4.0,3218.346781
2026-01-07 12:00:00+00:00,3216.78,3219.44,3210.16,3211.1645,0.015037564,6.0,3213.157115
2026-01-07 13:00:00+00:00,3212.9125,3226.234,3199.628,3209.325,0.102385471,6.0,3206.299374
2026-01-07 14:00:00+00:00,3207.72,3207.72,3156.987054187,3189.431,7.224589895,10.0,3196.498828
2026-01-07 15:00:00+00:00,3190.1945,3190.1945,3143.528,3160.885,0.890415904,19.0,3155.028372
2026-01-07 16:00:00+00:00,3159.465,3205.5092216745,3148.1955,3154.3735,1.575386384,17.0,3164.061315
2026-01-07 17:00:00+00:00,3156.017,3167.84,3144.0555,3148.9255,1.133274366,11.0,3156.470689
2026-01-07 18:00:00+00:00,3147.5435,3161.667,3132.465,3142.8335,0.208287602,8.0,3149.181693
2026-01-07 19:00:00+00:00,3144.2165,3151.73,3123.42,3141.88,0.249787728,10.0,3142.173832
2026-01-07 20:00:00+00:00,3144.01,3148.9,3125.55,3136.8335,0.49724594,32.0,3134.64045
2026-01-07 21:00:00+00:00,3136.1445,3148.325,3134.5,3148.325,0.008951,3.0,3137.257081
2026-01-07 22:00:00+00:00,3146.25,3161.174,3141.0,3150.675,0.01897984,4.0,3146.005268
2026-01-07 23:00:00+00:00,3149.2975,3177.7475,3141.845,3166.15,0.855048257,14.0,3167.13419
2026-01-08 00:00:00+00:00,3167.3,3171.881,3152.177,3168.4235,0.235502577,7.0,3157.635437
2026-01-08 01:00:00+00:00,3166.215,3177.128,3164.6205,3172.15,0.022664415,8.0,3168.843149
2026-01-08 02:00:00+00:00,3170.662,3179.14,3146.5495,3155.58,0.128731384,5.0,3159.444473
2026-01-08 03:00:00+00:00,3153.6,3162.579,3129.865,3139.7,0.199748883,5.0,3156.511299
2026-01-08 04:00:00+00:00,3137.365,3154.57,3136.7455,3150.75,0.010665,2.0,3150.649478
2026-01-08 05:00:00+00:00,3152.79,3157.77,3138.9525,3138.9525,0.097216819,3.0,3156.970783
2026-01-08 06:00:00+00:00,3140.5825,3142.806,3103.448275862,3103.774137931,0.599504789,20.0,3112.684115
2026-01-08 07:00:00+00:00,3104.474137931,3128.555,3087.05,3124.4425,1.36341434,13.0,3104.85362
2026-01-08 08:00:00+00:00,3125.4905,3132.4,3109.7615,3113.1615,0.045807146,6.0,3128.130255
2026-01-08 09:00:00+00:00,3114.885,3120.38,3101.855,3108.35,0.038109048,3.0,3108.056937
2026-01-08 10:00:00+00:00,3106.71,3128.5605,3094.026,3124.15,0.418658,4.0,3115.463879
2026-01-08 11:00:00+00:00,3127.14,3127.14,3109.003,3116.504,0.269705,2.0,3117.284782
2026-01-08 12:00:00+00:00,3115.4855,3115.4855,3082.7845,3092.9,0.098658902,6.0,3098.26719
2026-01-08 13:00:00+00:00,3091.823,3098.715,3086.3,3093.2,0.008010872,5.0,3092.688544
2026-01-08 14:00:00+00:00,3091.5265,3091.788,3050.6525,3073.338,0.811854702,26.0,3070.670097
2026-01-08 15:00:00+00:00,3071.6885,3107.3555,3063.5055,3100.595,0.029338119,7.0,3083.511746
2026-01-08 16:00:00+00:00,3102.27,3119.488,3088.075,3119.488,0.446836337,14.0,3108.762733
2026-01-08 17:00:00+00:00,3121.295,3135.3165,3107.6025,3132.0185,1.352095224,12.0,3117.143267
2026-01-08 18:00:00+00:00,3130.7275,3133.1,3110.1,3117.3205,0.068558142,5.0,3122.330716
2026-01-08 19:00:00+00:00,3115.53,3125.2885,3102.7465,3107.3785,0.249215964,6.0,3115.351802
2026-01-08 20:00:00+00:00,3105.5515,3107.626,3087.3125,3103.7915,1.350843826,40.0,3103.226479
2026-01-08 21:00:00+00:00,3105.1465,3119.895,3104.995,3116.67,0.005942,2.0,3111.535072
2026-01-08 22:00:00+00:00,3117.74,3125.6,3105.56,3115.998,0.016764,4.0,3116.77962
2026-01-08 23:00:00+00:00,3117.485,3119.315,3102.832,3102.832,0.200232806,5.0,3110.378745
2026-01-09 00:00:00+00:00,3105.12,3113.855,3101.805,3112.5985,0.0,0.0,3105.12
2026-01-09 01:00:00+00:00,3114.7155,3144.721,3079.852,3102.9105,0.034477578,3.0,3113.678859
2026-01-09 02:00:00+00:00,3101.85,3122.2415,3101.85,3106.526,0.019693,3.0,3113.835988
2026-01-09 03:00:00+00:00,3104.38,3117.185,3101.301,3115.405,0.169227,4.0,3112.182089
2026-01-09 04:00:00+00:00,3116.9275,3119.225,3108.968,3114.7885,0.123492728,5.0,3116.989615
2026-01-09 05:00:00+00:00,3116.0405,3118.179,3109.59,3115.15,0.007475,3.0,3111.043433
2026-01-09 06:00:00+00:00,3114.7,3121.82,3113.034,3119.6625,0.010426843,4.0,3117.047838
2026-01-09 07:00:00+00:00,3117.8,3117.8,3106.737,3107.015,0.10045353,3.0,3117.303015
2026-01-09 08:00:00+00:00,3109.458,3110.7,3066.15534,3078.2525,0.023326509,8.0,3084.771959
2026-01-09 09:00:00+00:00,3080.415,3096.13,3080.415,3087.465,0.025606901,4.0,3090.542268
2026-01-09 10:00:00+00:00,3085.5115,3095.318,3084.95,3093.835,0.007547,2.0,3094.996815
2026-01-09 11:00:00+00:00,3094.765,3100.7125,3086.47,3086.47,0.011895561,6.0,3094.339748
2026-01-09 12:00:00+00:00,3087.2,3092.109,3079.985,3080.8435,0.018626656,3.0,3084.323179
2026-01-09 13:00:00+00:00,3082.5085,3105.8,3081.2075,3095.5565,0.810433251,4.0,3085.725524
2026-01-09 14:00:00+00:00,3097.253,3097.253,3059.2645,3075.2,0.116720254,11.0,3081.550043
2026-01-09 15:00:00+00:00,3076.65,3139.2,3055.6835,3107.7075,0.499254709,21.0,3110.90091
2026-01-09 16:00:00+00:00,3109.837,3141.5,3108.438,3130.65,0.326883416,10.0,3119.824285
2026-01-09 17:00:00+00:00,3129.59,3129.59,3100.93,3112.67,0.247685063,10.0,3116.013809
2026-01-09 18:00:00+00:00,3111.075,3115.36,3071.3875,3091.055,0.052146975,8.0,3092.883624
2026-01-09 19:00:00+00:00,3088.8395,3088.91,3065.6815,3077.339,2.097797926,6.0,3067.713097
2026-01-09 20:00:00+00:00,3075.7135,3088.239,3067.7,3069.1705,0.38525421,4.0,3077.254595
2026-01-09 21:00:00+00:00,3070.665,3088.1875,3063.77,3081.3,0.024638575,4.0,3072.198625
2026-01-09 22:00:00+00:00,3082.788,3084.7345,3072.2915,3082.515,0.0042,1.0,3079.793
2026-01-09 23:00:00+00:00,3080.14,3088.63,3078.88,3083.88,0.026929033,4.0,3082.025093
2026-01-10 00:00:00+00:00,3082.371,3084.925,3077.8285,3079.4025,0.010618,2.0,3081.361762
2026-01-10 01:00:00+00:00,3078.0,3087.177,3078.0,3084.36,0.077837,7.0,3082.830759
2026-01-10 02:00:00+00:00,3086.175,3088.745,3078.8,3082.3675,0.508073,9.0,3083.625572
2026-01-10 03:00:00+00:00,3083.635,3085.302,3076.839,3082.75,0.177665,5.0,3081.431413
2026-01-10 04:00:00+00:00,3080.9015,3083.073,3074.635,3074.635,0.061547,2.0,3082.712352
2026-01-10 05:00:00+00:00,3076.825,3083.295,3076.825,3082.255,0.602286987,3.0,3082.91801
2026-01-10 06:00:00+00:00,3082.7595,3084.5165,3079.97,3083.0,0.004295,2.0,3082.857937
2026-01-10 07:00:00+00:00,3083.655,3088.515,3083.0975,3086.38,0.004902315,4.0,3087.809953
2026-01-10 08:00:00+00:00,3087.68,3088.951,3083.625,3086.6,0.232857211,6.0,3087.002483
2026-01-10 09:00:00+00:00,3087.845,3094.004,3084.919,3091.65,0.019440558,4.0,3087.337775
2026-01-10 10:00:00+00:00,3092.035,3099.765,3089.4,3099.765,0.163009506,7.0,3090.239124
2026-01-10 11:00:00+00:00,3097.51,3097.51,3090.827,3091.47,0.00259799,2.0,3092.883525
2026-01-10 12:00:00+00:00,3093.34,3099.7,3091.463,3094.209,0.006568,2.0,3095.358039
2026-01-10 13:00:00+00:00,3092.595,3095.4,3091.55,3091.55,0.010932,2.0,3095.364874
2026-01-10 14:00:00+00:00,3093.8,3093.8,3086.5,3086.5,0.039859174,3.0,3089.96425
2026-01-10 15:00:00+00:00,3089.125,3092.691,3088.465,3090.94,0.145230034,2.0,3092.644559
2026-01-10 16:00:00+00:00,3089.68,3093.928,3088.825,3092.053,0.011827321,5.0,3092.909185
2026-01-10 17:00:00+00:00,3093.8,3093.8,3089.1015,3089.1015,5.684367008,2.0,3091.101757
2026-01-10 18:00:00+00:00,3087.7535,3090.18,3087.7535,3088.3,0.0,0.0,3087.7535
2026-01-10 19:00:00+00:00,3089.0945,3090.9,3086.344,3087.27,0.091586,2.0,3090.867963
2026-01-10 20:00:00+00:00,3087.8,3089.405,3083.502,3085.835,0.855134278,13.0,3084.80874
2026-01-10 21:00:00+00:00,3084.87,3085.835,3081.832,3081.92,0.72700726,4.0,3084.663143
2026-01-10 22:00:00+00:00,3080.04,3085.17,3075.2075,3077.1,2.105672,4.0,3080.049821
2026-01-10 23:00:00+00:00,3074.9,3085.933,3074.9,3082.875,0.066075667,4.0,3085.361377
2026-01-11 00:00:00+00:00,3080.8685,3088.705,3079.93,3087.5995,0.01577,2.0,3085.771166
2026-01-11 01:00:00+00:00,3087.4795,3090.0725,3085.36,3090.03,0.007038,2.0,3087.134552
2026-01-11 02:00:00+00:00,3091.82,3093.621,3087.3,3088.95,0.127453318,6.0,3090.123773
2026-01-11 03:00:00+00:00,3091.3,3094.33,3088.95,3093.1935,0.030659,4.0,3092.479066
2026-01-11 04:00:00+00:00,3092.27,3095.21,3090.916,3093.65,0.007919,3.0,3093.541711
2026-01-11 05:00:00+00:00,3094.306,3098.045,3092.7,3095.115,0.005192375,2.0,3094.996798
2026-01-11 06:00:00+00:00,3096.149,3097.825,3086.2885,3093.2395,0.108385491,7.0,3097.03812
2026-01-11 07:00:00+00:00,3094.069,3094.069,3089.07,3090.95,2.008528108,2.0,3089.614048
2026-01-11 08:00:00+00:00,3090.655,3103.9965,3088.351,3099.215,0.007617,3.0,3091.921698
2026-01-11 09:00:00+00:00,3099.2565,3104.72,3097.36,3099.87,0.004226,2.0,3100.216628
2026-01-11 10:00:00+00:00,3102.001,3104.1335,3099.009,3102.625,0.017231197,5.0,3102.428108
2026-01-11 11:00:00+00:00,3101.2645,3104.73,3100.8,3101.161,0.013558152,4.0,3103.215674
2026-01-11 12:00:00+00:00,3102.95,3112.7935,3102.514,3110.8,0.01029498,4.0,3106.098952
2026-01-11 13:00:00+00:00,3109.5145,3111.974,3103.447,3106.7595,0.001581,1.0,3111.974
2026-01-11 14:00:00+00:00,3108.119,3125.2065,3106.137,3121.47,0.030973488,8.0,3115.758768
2026-01-11 15:00:00+00:00,3122.9,3126.1,3106.589,3112.649,3.799878623,3.0,3110.017333
2026-01-11 16:00:00+00:00,3115.2895,3142.025,3111.711,3126.578,7.3208509,8.0,3118.062888
2026-01-11 17:00:00+00:00,3128.5,3130.373,3115.06,3122.76,0.015211977,6.0,3125.483475
2026-01-11 18:00:00+00:00,3120.35,3128.155,3115.403,3124.3,0.037040104,7.0,3119.202848
2026-01-11 19:00:00+00:00,3126.23,3128.59,3114.8375,3121.715,0.027830817,3.0,3122.125829
2026-01-11 20:00:00+00:00,3119.709,3119.709,3098.562,3112.01,4.003784607,11.0,3109.331943
2026-01-11 21:00:00+00:00,3109.702,3120.149,3105.166,3118.352,0.063066397,4.0,3117.051152
2026-01-11 22:00:00+00:00,3116.88,3116.88,3102.97,3106.415,0.133072774,6.0,3111.902926
2026-01-11 23:00:00+00:00,3105.645,3120.875,3088.4,3118.258,0.886515486,5.0,3114.364809
2026-01-12 00:00:00+00:00,3116.894,3122.33,3093.2415,3115.664,0.279692456,8.0,3110.012526
2026-01-12 01:00:00+00:00,3117.3045,3132.375,3110.705,3121.575,0.0,0.0,3120.51325
2026-01-12 02:00:00+00:00,3120.412,3163.7675,3118.347,3154.7,1.079562272,11.0,3158.663535
2026-01-12 03:00:00+00:00,3156.6,3168.175,3148.15,3148.15,0.101008634,10.0,3164.681339
2026-01-12 04:00:00+00:00,3149.2615,3160.07,3143.419,3154.986,2.519676216,11.0,3148.475213
2026-01-12 05:00:00+00:00,3153.715,3162.6475,3151.111,3153.773,0.312798888,4.0,3162.416459
2026-01-12 06:00:00+00:00,3152.7215,3160.6,3148.8225,3149.44,0.243455,14.0,3154.861306
2026-01-12 07:00:00+00:00,3148.5,3157.3275,3130.134,3131.99,0.291023749,10.0,3148.941618
2026-01-12 08:00:00+00:00,3129.953,3142.7,3098.06,3111.8355,0.209535984,12.0,3133.658807
2026-01-12 09:00:00+00:00,3113.855,3120.141,3108.54,3112.255,0.36475846,1.0,3118.828
2026-01-12 10:00:00+00:00,3110.95,3115.614,3100.85,3103.077,0.004431,2.0,3112.60263
2026-01-12 11:00:00+00:00,3101.724,3117.7,3101.724,3111.525,0.364475263,8.0,3106.754714
2026-01-12 12:00:00+00:00,3113.4,3119.358,3109.9,3113.7,0.02484697,6.0,3116.37435
2026-01-12 13:00:00+00:00,3111.928,3114.977,3102.953,3105.51,0.979662377,1.0,3109.99
2026-01-12 14:00:00+00:00,3104.375,3112.092,3063.4765,3102.193,0.174973437,5.0,3103.963119
2026-01-12 15:00:00+00:00,3100.975,3127.85,3090.1,3126.955,0.609379103,12.0,3094.029252
2026-01-12 16:00:00+00:00,3128.0,3143.865,3120.2745,3127.265,0.300262145,12.0,3129.749362
2026-01-12 17:00:00+00:00,3128.8,3133.6315,3084.335,3101.325,0.286896169,6.0,3101.335859
2026-01-12 18:00:00+00:00,3099.4495,3116.576,3095.3895,3104.8915,1.578692112,44.0,3113.555679
2026-01-12 19:00:00+00:00,3105.813,3121.6,3095.4755,3118.775,0.203036561,83.0,3109.445896
2026-01-12 20:00:00+00:00,3119.124,3124.485,3098.3585,3099.9905,0.765581201,39.0,3101.905187
2026-01-12 21:00:00+00:00,3097.885,3103.91,3083.522,3089.81,0.079344335,25.0,3095.519018
2026-01-12 22:00:00+00:00,3091.125,3104.233,3091.125,3092.362,0.085655766,6.0,3098.634908
2026-01-12 23:00:00+00:00,3094.198,3096.0,3085.02,3091.3165,0.004822,3.0,3089.591381
2026-01-13 00:00:00+00:00,3089.9945,3105.2445,3089.9945,3105.2445,0.057318235,1.0,3103.088
2026-01-13 01:00:00+00:00,3104.1,3110.5665,3088.451,3092.887,0.000659,1.0,3096.1
2026-01-13 02:00:00+00:00,3094.185,3104.036,3094.185,3097.0365,0.332674464,6.0,3099.976534
2026-01-13 03:00:00+00:00,3098.66,3114.311,3098.4345,3113.14,0.073314,6.0,3104.900797
2026-01-13 04:00:00+00:00,3114.44,3118.427,3109.5015,3118.2595,0.069341487,6.0,3111.359303
2026-01-13 05:00:00+00:00,3119.854,3142.175,3119.854,3127.7645,0.02952088,6.0,3127.038545
2026-01-13 06:00:00+00:00,3125.529,3133.5615,3120.86,3132.205,0.013897,4.0,3127.955975
2026-01-13 07:00:00+00:00,3129.56,3130.2,3119.111,3119.111,0.055051429,4.0,3126.885993
2026-01-13 08:00:00+00:00,3120.402,3134.655,3119.6045,3133.03,0.101019508,3.0,3129.799466
2026-01-13 09:00:00+00:00,3130.9,3143.76,3127.33,3134.8,0.427413871,6.0,3143.58844
2026-01-13 10:00:00+00:00,3136.535,3138.005,3127.65,3131.256,0.108439859,5.0,3127.906167
2026-01-13 11:00:00+00:00,3132.845,3135.465,3127.58,3130.6345,0.158687108,2.0,3135.398281
2026-01-13 12:00:00+00:00,3131.7965,3135.82,3125.2,3132.18,0.044925433,5.0,3134.849308
2026-01-13 13:00:00+00:00,3130.46,3156.41,3127.467,3139.551,0.030162443,8.0,3144.146325
2026-01-13 14:00:00+00:00,3137.82,3162.0885,3129.052,3141.875,3.18853562,19.0,3146.023636
2026-01-13 15:00:00+00:00,3140.654,3184.78,3132.05,3181.945,0.777844079,85.0,3159.943497
2026-01-13 16:00:00+00:00,3183.069,3194.4195,3170.2725,3179.0825,1.923040796,20.0,3184.436914
2026-01-13 17:00:00+00:00,3181.6925,3184.85,3172.4095,3177.8335,0.372968958,12.0,3182.369104
2026-01-13 18:00:00+00:00,3179.055,3212.445,3176.6,3198.908,0.402321475,19.0,3199.340773
2026-01-13 19:00:00+00:00,3199.593,3217.1225,3190.5,3214.8,0.225799871,10.0,3200.245218
2026-01-13 20:00:00+00:00,3217.208,3218.205,3189.9395,3204.605,5.942271997,26.0,3213.631939
2026-01-13 21:00:00+00:00,3203.26,3215.55,3203.19,3209.7,3.004517426,2.0,3207.285967
2026-01-13 22:00:00+00:00,3211.943,3360.19,3204.1689656,3328.69,3.553388851,35.0,3326.532483
2026-01-13 23:00:00+00:00,3329.84,3343.93,3313.45,3323.605,0.775999015,22.0,3324.927745
2026-01-14 00:00:00+00:00,3325.2215,3334.567,3314.44,3321.5265,0.146851399,23.0,3328.62302
2026-01-14 01:00:00+00:00,3324.204,3343.5835,3320.85,3335.945,0.055351944,11.0,3330.682516
2026-01-14 02:00:00+00:00,3334.125,3353.75,3318.8625,3323.8795,1.075302722,11.0,3333.348041
2026-01-14 03:00:00+00:00,3322.87,3350.07,3319.4685,3350.07,0.147206567,9.0,3323.915642
2026-01-14 04:00:00+00:00,3351.6015,3362.2085,3334.762,3337.2275,0.684556384,12.0,3348.895192
2026-01-14 05:00:00+00:00,3335.866,3337.8895,3324.035,3329.573,43.451346902,15.0,3333.534485
2026-01-14 06:00:00+00:00,3327.0815,3334.7,3320.78,3331.9875,0.026954109,7.0,3324.169445
2026-01-14 07:00:00+00:00,3334.255,3339.927,3326.141,3333.8695,0.017102947,9.0,3334.115535
2026-01-14 08:00:00+00:00,3335.1175,3340.804,3326.15,3327.731,4.244862451,10.0,3331.962845
2026-01-14 09:00:00+00:00,3326.25,3332.76,3324.2,3326.01,0.064404064,8.0,3328.688371
2026-01-14 10:00:00+00:00,3328.72,3331.32,3306.045,3313.495,3.697088057,15.0,3318.510764
2026-01-14 11:00:00+00:00,3310.6,3310.6,3281.65,3284.908,0.028567157,13.0,3294.782359
2026-01-14 12:00:00+00:00,3283.41,3297.576,3280.035,3294.935,0.329856192,8.0,3293.342425
2026-01-14 13:00:00+00:00,3293.05,3305.7065,3288.01,3300.579,0.034584898,10.0,3297.767627
2026-01-14 14:00:00+00:00,3302.415,3356.6,3302.415,3349.632,0.073743914,22.0,3329.635006
2026-01-14 15:00:00+00:00,3347.26,3360.783,3296.9718210915,3346.38,1.204073217,22.0,3345.334132
2026-01-14 16:00:00+00:00,3347.9705,3402.56,3345.885,3369.403,5.595132335,36.0,3379.87907
2026-01-14 17:00:00+00:00,3367.9,3381.16,3339.353,3343.202,2.400401319,24.0,3361.760764
2026-01-14 18:00:00+00:00,3341.7,3354.435,3316.4055,3340.377,3.151447879,14.0,3345.720809
2026-01-14 19:00:00+00:00,3338.4985,3398.88,3332.2295,3366.9075,0.109524893,14.0,3346.937852
2026-01-14 20:00:00+00:00,3368.2,3391.632,3362.19,3383.2215,2.681076871,87.0,3372.914532
2026-01-14 21:00:00+00:00,3382.24,3382.24,3357.875,3372.2015,0.220195652,9.0,3374.824254
2026-01-14 22:00:00+00:00,3370.71,3374.6,3349.002,3350.4585,0.032664074,8.0,3358.60789
2026-01-14 23:00:00+00:00,3352.45,3369.6445,3351.6355,3354.522,0.03874956,4.0,3361.439512
2026-01-15 00:00:00+00:00,3353.3905,3353.3905,3326.264,3330.218,0.426512908,7.0,3333.072735
2026-01-15 01:00:00+00:00,3332.0465,3342.245,3318.98,3323.861,0.037103134,8.0,3327.596211
2026-01-15 02:00:00+00:00,3326.315,3332.42,3305.4015,3313.2465,0.434175845,7.0,3316.238992
2026-01-15 03:00:00+00:00,3315.645,3321.15,3277.019,3285.178,0.035667,7.0,3310.867167
2026-01-15 04:00:00+00:00,3283.715,3307.35,3283.715,3304.1445,0.186455224,6.0,3294.805386
2026-01-15 05:00:00+00:00,3305.41,3313.985,3303.389,3312.0375,0.632470614,15.0,3307.995117
2026-01-15 06:00:00+00:00,3310.2695,3322.9325,3310.2695,3315.3595,0.082358834,6.0,3315.685425
2026-01-15 07:00:00+00:00,3317.7,3333.789,3313.677,3330.15,0.313180451,12.0,3321.783945
2026-01-15 08:00:00+00:00,3327.724,3337.4235,3319.8905,3336.121,2.35747516,31.0,3325.288914
2026-01-15 09:00:00+00:00,3336.6,3372.91,3330.103,3365.4615,0.313362264,21.0,3368.547541
2026-01-15 10:00:00+00:00,3364.25,3377.0,3356.6435,3363.915,1.277592035,15.0,3360.330166
2026-01-15 11:00:00+00:00,3361.8865,3365.5,3346.486,3350.85,0.501541387,8.0,3348.820252
2026-01-15 12:00:00+00:00,3348.229,3369.4,3342.8,3369.0,0.654263464,14.0,3351.523982
2026-01-15 13:00:00+00:00,3368.0,3383.292,3357.47,3370.495,0.144137945,6.0,3367.008903
2026-01-15 14:00:00+00:00,3372.534,3381.805,3321.1845,3341.245,0.267172509,13.0,3366.125026
2026-01-15 15:00:00+00:00,3342.8905,3357.35,3285.25,3329.075,0.121151643,16.0,3313.069976
2026-01-15 16:00:00+00:00,3327.511,3333.6745,3309.2,3330.8825,0.309260391,13.0,3322.703377
2026-01-15 17:00:00+00:00,3329.479,3336.225,3296.42,3300.4265,0.227405182,10.0,3323.087004
2026-01-15 18:00:00+00:00,3298.3765,3306.6,3273.808,3287.325,0.041285681,5.0,3291.346599
2026-01-15 19:00:00+00:00,3285.78,3302.08,3276.932,3294.347,1.269616801,5.0,3285.024462
2026-01-15 20:00:00+00:00,3296.325,3304.75,3277.821,3285.75,3.653021152,36.0,3288.569015
2026-01-15 21:00:00+00:00,3287.1235,3304.663,3284.5295,3297.125,0.052611924,6.0,3295.497443
2026-01-15 22:00:00+00:00,3299.5,3317.2655,3295.866,3308.85,0.00386,2.0,3310.744394
2026-01-15 23:00:00+00:00,3306.026,3320.2155,3301.8325,3317.175,0.081729,10.0,3308.403423
2026-01-16 00:00:00+00:00,3319.09,3326.8,3315.8745,3316.3625,0.037846665,6.0,3320.303063
2026-01-16 01:00:00+00:00,3314.89,3321.62,3302.9345,3313.4245,0.063539593,6.0,3310.085323
2026-01-16 02:00:00+00:00,3312.43,3312.43,3293.0,3302.5095,0.230671295,9.0,3306.994779
2026-01-16 03:00:00+00:00,3303.8125,3307.26,3294.1775,3294.27,0.032045,6.0,3302.84793
2026-01-16 04:00:00+00:00,3296.145,3302.935,3277.5895,3287.885,0.025271,11.0,3289.601735
2026-01-16 05:00:00+00:00,3288.67,3314.103,3283.359,3308.5925,0.03172838,5.0,3292.838925
2026-01-16 06:00:00+00:00,3310.384,3316.373,3301.387,3313.514,0.307206842,5.0,3314.080312
2026-01-16 07:00:00+00:00,3311.7845,3314.6105,3302.879,3308.468,0.0,0.0,3311.7845
2026-01-16 08:00:00+00:00,3309.5295,3318.436,3308.7,3311.6315,0.357108353,9.0,3315.987298
2026-01-16 09:00:00+00:00,3311.3455,3315.9,3307.32,3307.32,0.484222277,6.0,3308.374245
2026-01-16 10:00:00+00:00,3304.85,3307.324,3293.95,3295.2985,0.300907958,8.0,3299.107869
2026-01-16 11:00:00+00:00,3295.225,3304.49,3292.3785,3301.364,0.340478927,4.0,3301.890211
2026-01-16 12:00:00+00:00,3299.66,3313.3985,3299.66,3306.1245,0.001632,1.0,3302.012
2026-01-16 13:00:00+00:00,3304.004,3311.1,3295.0665,3307.56,0.627328853,8.0,3305.808
2026-01-16 14:00:00+00:00,3309.67,3317.8985,3289.55,3293.35,3.796539513,10.0,3308.28981
2026-01-16 15:00:00+00:00,3292.06,3310.185,3252.805418719,3263.025,1.038311908,12.0,3275.750874
2026-01-16 16:00:00+00:00,3261.47,3284.968,3259.743,3277.615,0.179892388,10.0,3266.005888
2026-01-16 17:00:00+00:00,3275.82,3283.401,3265.75,3283.401,0.054387895,7.0,3276.264673
2026-01-16 18:00:00+00:00,3285.25,3286.8,3276.437,3278.65,0.018348967,5.0,3283.307926
2026-01-16 19:00:00+00:00,3277.36,3277.63,3267.35,3273.45,0.15292739,3.0,3276.128944
2026-01-16 20:00:00+00:00,3271.8,3292.445,3262.3625,3290.065,8.177938587,26.0,3288.464477
2026-01-16 21:00:00+00:00,3291.7,3298.6,3288.8685,3292.765,0.047095638,6.0,3295.336681
2026-01-16 22:00:00+00:00,3291.815,3292.557,3280.6,3292.557,0.008357,3.0,3285.041977
2026-01-16 23:00:00+00:00,3294.686,3299.671,3291.103,3295.192,0.011746,4.0,3297.831091
2026-01-17 00:00:00+00:00,3294.284,3294.47,3288.6,3291.9095,0.068035333,2.0,3288.960264
2026-01-17 01:00:00+00:00,3292.123,3295.0835,3286.35,3289.3395,0.02541153,6.0,3290.755689
2026-01-17 02:00:00+00:00,3289.0045,3291.655,3283.39,3291.27,0.010575,4.0,3286.382905
2026-01-17 03:00:00+00:00,3290.8535,3292.26,3286.485,3287.786,0.021966872,2.0,3288.381792
2026-01-17 04:00:00+00:00,3287.4,3290.8145,3284.225,3290.15,0.024040592,3.0,3286.678937
2026-01-17 05:00:00+00:00,3292.207,3293.45,3288.374,3289.85,0.039775379,9.0,3291.515436
2026-01-17 06:00:00+00:00,3287.905,3291.455,3286.2,3289.8315,0.110908271,6.0,3290.078341
2026-01-17 07:00:00+00:00,3289.91,3293.061,3286.9,3290.755,0.050017301,4.0,3288.619746
2026-01-17 08:00:00+00:00,3289.824,3295.8615,3289.824,3295.6,0.300538945,3.0,3294.710986
2026-01-17 09:00:00+00:00,3295.5015,3302.771,3292.55,3298.045,0.016864,4.0,3295.214632
2026-01-17 10:00:00+00:00,3299.1,3300.5,3293.5,3295.111,0.014313,5.0,3296.588442
2026-01-17 11:00:00+00:00,3294.08,3304.455,3292.025,3301.4285,0.038404,5.0,3294.541445
2026-01-17 12:00:00+00:00,3302.9,3304.818,3298.33,3301.804,1.180145346,7.0,3302.703756
2026-01-17 13:00:00+00:00,3299.753,3304.36,3298.05,3303.07,0.004736,3.0,3303.332109
2026-01-17 14:00:00+00:00,3302.02,3310.96,3300.3,3309.55,0.257358616,5.0,3306.189563
2026-01-17 15:00:00+00:00,3308.6855,3328.655,3307.6745,3328.655,0.014554189,4.0,3322.003288
2026-01-17 16:00:00+00:00,3326.976,3328.1425,3313.1325,3317.884,0.018841266,6.0,3322.277913
2026-01-17 17:00:00+00:00,3318.768,3326.5085,3315.705,3318.4405,0.007848416,3.0,3319.892881
2026-01-17 18:00:00+00:00,3317.3035,3320.774,3314.432,3316.925,0.134860704,2.0,3320.632402
2026-01-17 19:00:00+00:00,3316.8295,3319.96,3313.9805,3315.285,0.002567,2.0,3316.283276
2026-01-17 20:00:00+00:00,3315.7825,3319.1,3313.4205,3316.9015,0.151493609,21.0,3315.78142
2026-01-17 21:00:00+00:00,3316.579,3317.9,3307.7875,3311.655,0.077215,3.0,3316.040413
2026-01-17 22:00:00+00:00,3311.2655,3312.6,3297.23,3301.4345,0.011873,3.0,3306.225193
2026-01-17 23:00:00+00:00,3303.585,3309.415,3303.585,3308.482,0.001481,1.0,3309.0
2026-01-18 00:00:00+00:00,3308.817,3315.453,3301.353,3302.55,0.08396806,6.0,3304.01448
2026-01-18 01:00:00+00:00,3301.405,3305.5755,3295.3075,3299.46,0.009838,4.0,3300.829556
2026-01-18 02:00:00+00:00,3301.905,3305.19,3296.02,3301.86,0.043847,38.0,3301.247626
2026-01-18 03:00:00+00:00,3302.007,3318.015,3301.8,3314.5955,0.010386,8.0,3305.800874
2026-01-18 04:00:00+00:00,3316.2795,3316.2795,3308.7,3310.2295,0.008755311,4.0,3310.834376
2026-01-18 05:00:00+00:00,3310.0415,3317.4,3308.353,3315.479,0.081391271,8.0,3310.371974
2026-01-18 06:00:00+00:00,3313.835,3315.93,3311.6,3314.6935,0.013046,6.0,3314.483493
2026-01-18 07:00:00+00:00,3313.269,3315.15,3304.87,3305.825,0.070889181,6.0,3310.779381
2026-01-18 08:00:00+00:00,3304.505,3315.642,3303.2135,3314.005,0.097134,13.0,3311.765646
2026-01-18 09:00:00+00:00,3314.3975,3323.98,3312.2,3323.35,0.0108375,7.0,3318.600174
2026-01-18 10:00:00+00:00,3323.65,3326.586,3317.7,3324.0245,0.610148565,8.0,3318.218864
2026-01-18 11:00:00+00:00,3324.0625,3324.0625,3316.56,3320.7,0.020721,3.0,3317.349438
2026-01-18 12:00:00+00:00,3322.4,3326.376,3316.63,3321.2165,0.032116,10.0,3322.762494
2026-01-18 13:00:00+00:00,3320.239,3328.1325,3313.789,3324.275,0.015439,3.0,3321.666114
2026-01-18 14:00:00+00:00,3326.2,3345.279,3322.54,3322.54,0.253091196,10.0,3336.514758
2026-01-18 15:00:00+00:00,3325.395,3334.482,3318.8435,3332.8665,0.018398545,7.0,3330.547965
2026-01-18 16:00:00+00:00,3331.057,3337.5,3328.6,3332.9545,0.054586272,12.0,3330.751204
2026-01-18 17:00:00+00:00,3333.27,3344.46,3332.15,3344.46,0.028474,4.0,3334.735505
2026-01-18 18:00:00+00:00,3342.06,3367.471,3337.3565,3361.8355,0.016134109,4.0,3357.139497
2026-01-18 19:00:00+00:00,3362.875,3366.04,3342.221,3345.8125,0.402554399,11.0,3351.956938
2026-01-18 20:00:00+00:00,3347.1535,3351.624,3337.642,3340.0225,0.072563516,23.0,3342.000614
2026-01-18 21:00:00+00:00,3337.8625,3344.63,3336.55,3340.1175,0.495642238,9.0,3340.445528
2026-01-18 22:00:00+00:00,3341.5,3354.061,3339.3365,3349.445,0.034370197,4.0,3343.641411
2026-01-18 23:00:00+00:00,3347.61,3349.183,3278.855,3283.2375,0.052571346,4.0,3291.95197
2026-01-19 00:00:00+00:00,3281.725,3283.457,3177.92,3212.494,1.195504585,23.0,3247.92662
2026-01-19 01:00:00+00:00,3210.6865,3220.325,3193.76,3205.6,3.015472589,3.0,3211.742208
2026-01-19 02:00:00+00:00,3204.15,3215.332,3193.8965,3204.69,0.101662,5.0,3201.98502
2026-01-19 03:00:00+00:00,3203.35,3211.365,3194.405,3211.365,0.012181,5.0,3204.264422
2026-01-19 04:00:00+00:00,3209.74,3215.5175,3203.77,3210.839,0.16977861,5.0,3209.152556
2026-01-19 05:00:00+00:00,3213.323,3215.128,3197.279,3202.096,3.011510229,3.0,3215.119174
2026-01-19 06:00:00+00:00,3199.9235,3203.135,3188.0135,3193.2955,0.039875576,2.0,3195.11721
2026-01-19 07:00:00+00:00,3195.2385,3207.4125,3195.2385,3205.6555,0.133059264,7.0,3198.72509
2026-01-19 08:00:00+00:00,3204.0365,3219.4,3196.825,3212.627,0.42356795,5.0,3212.569867
2026-01-19 09:00:00+00:00,3211.3245,3211.3295,3205.024,3207.106,0.002767,1.0,3209.1
2026-01-19 10:00:00+00:00,3205.67,3213.9145,3204.004,3213.9145,0.113700995,2.0,3211.777203
2026-01-19 11:00:00+00:00,3211.9475,3229.3,3211.9475,3220.695,0.43140334,6.0,3223.797688
2026-01-19 12:00:00+00:00,3219.674,3233.18,3218.165,3222.2345,0.014989,5.0,3225.875266
2026-01-19 13:00:00+00:00,3220.8435,3223.474,3210.9545,3215.805,0.016766967,2.0,3222.293088
2026-01-19 14:00:00+00:00,3218.5,3220.2,3202.5945,3210.597,0.193042028,6.0,3209.108395
2026-01-19 15:00:00+00:00,3212.8,3218.95,3207.496,3215.129,0.231040274,6.0,3214.218165
2026-01-19 16:00:00+00:00,3212.7,3225.78,3212.05,3222.615,0.010980958,5.0,3216.757474
2026-01-19 17:00:00+00:00,3220.0835,3222.64,3216.0175,3217.768,3.008409543,4.0,3218.835454
2026-01-19 18:00:00+00:00,3216.32,3216.32,3207.3,3212.745,0.005696998,1.0,3207.3
2026-01-19 19:00:00+00:00,3215.3,3221.667,3214.629,3216.743,0.004422919,2.0,3219.87555
2026-01-19 20:00:00+00:00,3218.45,3222.4375,3210.4135,3212.415,0.119707526,26.0,3215.449643
2026-01-19 21:00:00+00:00,3214.313,3218.3465,3209.2,3211.9815,0.02135,3.0,3213.553008
2026-01-19 22:00:00+00:00,3210.432,3213.41,3185.265,3185.265,0.019164,4.0,3209.997661
2026-01-19 23:00:00+00:00,3187.1605,3195.135,3163.563,3187.4115,0.587107361,8.0,3183.517689
2026-01-20 00:00:00+00:00,3189.6,3196.7,3174.8,3180.6665,0.070795124,5.0,3191.856634
2026-01-20 01:00:00+00:00,3179.615,3196.258,3174.8945,3191.755,0.053245,5.0,3186.32395
2026-01-20 02:00:00+00:00,3189.7045,3197.405,3176.9,3189.8865,0.05966322,4.0,3190.640953
2026-01-20 03:00:00+00:00,3192.7385,3192.7385,3182.335,3184.5425,0.538246,1.0,3186.2
2026-01-20 04:00:00+00:00,3184.55,3187.0785,3167.185,3170.031,0.310386881,10.0,3181.794949
2026-01-20 05:00:00+00:00,3168.2725,3171.545,3152.709359605,3170.35,0.17788673,5.0,3164.681516
2026-01-20 06:00:00+00:00,3168.15,3168.15,3107.015,3113.1145,0.142121325,9.0,3145.84451
2026-01-20 07:00:00+00:00,3112.285,3128.074,3108.54,3120.65,3.202386731,8.0,3121.32845
2026-01-20 08:00:00+00:00,3118.1235,3118.3285,3082.7195,3103.11,0.026935964,5.0,3104.106185
2026-01-20 09:00:00+00:00,3101.1345,3102.9,3085.68,3090.5685,0.331933025,10.0,3091.469826
2026-01-20 10:00:00+00:00,3088.515,3104.0,3088.515,3100.0505,0.809507565,6.0,3094.373095
2026-01-20 11:00:00+00:00,3101.4395,3109.85,3101.0,3107.283,0.245169131,9.0,3105.990658
2026-01-20 12:00:00+00:00,3105.5305,3111.4695,3100.465,3109.025,0.057813988,4.0,3108.518751
2026-01-20 13:00:00+00:00,3110.3315,3110.3315,3072.1,3076.3035,0.194331,4.0,3089.982807
2026-01-20 14:00:00+00:00,3078.31,3086.05,3032.515,3043.755,0.545379677,19.0,3058.128445
2026-01-20 15:00:00+00:00,3041.3005,3046.6,2993.004,3029.6825,1.635112315,66.0,3026.902959
2026-01-20 16:00:00+00:00,3028.41,3039.82,2996.63,3006.868,0.273299203,11.0,3014.078022
2026-01-20 17:00:00+00:00,3008.715,3018.775,2984.0025,2996.8,8.614261874,18.0,2998.198815
2026-01-20 18:00:00+00:00,2998.1455,3005.625,2985.28125,2988.59,3.687576425,8.0,2991.575407
2026-01-20 19:00:00+00:00,2990.345,2999.022,2977.168,2992.15,0.792611587,8.0,2989.425743
2026-01-20 20:00:00+00:00,2990.6445,3003.3,2982.455,3001.3525,3.005196597,51.0,2994.150021
2026-01-20 21:00:00+00:00,3002.629,3002.629,2986.1,2990.05,0.41057,2.0,2988.219536
2026-01-20 22:00:00+00:00,2989.1,3050.0753571429,2927.4025,2947.315,0.222519102,13.0,2944.514433
2026-01-20 23:00:00+00:00,2946.231,2948.965,2927.63,2935.92,0.136193,11.0,2938.511503
2026-01-21 00:00:00+00:00,2935.59,2964.17,2918.5005,2956.18,0.43406362,10.0,2938.996331
2026-01-21 01:00:00+00:00,2955.2885,2969.7465,2952.566,2961.4455,1.209153,12.0,2957.272661
2026-01-21 02:00:00+00:00,2963.295,2971.5,2955.0,2957.74,0.101868,9.0,2961.714827
2026-01-21 03:00:00+00:00,2958.7915,2979.6108,2957.95,2978.1915,0.417901204,9.0,2968.66176
2026-01-21 04:00:00+00:00,2979.2158,2983.2,2970.47,2976.293,0.05495588,7.0,2979.112959
2026-01-21 05:00:00+00:00,2978.0,2998.6,2973.352,2988.91,2.23288558,12.0,2993.576934
2026-01-21 06:00:00+00:00,2988.35,2990.135,2973.6,2976.54,20.070163288,3.0,2977.26206
2026-01-21 07:00:00+00:00,2975.8165,2982.85,2963.7735,2967.536,0.082191994,6.0,2972.451649
2026-01-21 08:00:00+00:00,2965.745,2971.61,2954.0825,2961.967,0.126668007,5.0,2965.979605
2026-01-21 09:00:00+00:00,2963.9865,2970.7575,2947.3,2950.8445,0.525671828,10.0,2969.175908
2026-01-21 10:00:00+00:00,2949.07,2965.9,2949.07,2961.65,0.006188,3.0,2962.639745
2026-01-21 11:00:00+00:00,2960.067,2968.085,2936.155,2941.04,1.076306267,9.0,2960.303823
2026-01-21 12:00:00+00:00,2938.84,2942.888,2900.51,2928.13,1.624110734,15.0,2904.149212
2026-01-21 13:00:00+00:00,2930.0,2941.75,2917.07,2926.1275,10.876906693,8.0,2920.803696
2026-01-21 14:00:00+00:00,2924.065,2991.575,2922.0185,2978.57,0.459836674,14.0,2964.361381
2026-01-21 15:00:00+00:00,2977.06,3022.5565,2973.2025,2999.6395,1.350326425,20.0,2979.711562
2026-01-21 16:00:00+00:00,3001.765,3001.9,2883.88,2890.5845,6.520826495,16.0,2915.079268
2026-01-21 17:00:00+00:00,2891.551,2910.75,2864.952,2900.7,0.713173757,15.0,2883.344304
2026-01-21 18:00:00+00:00,2902.7215,2931.066,2885.985,2925.3075,2.174385105,9.0,2914.384789
2026-01-21 19:00:00+00:00,2924.37,3065.665,2914.47,3051.86,0.12158913,10.0,2974.336461
2026-01-21 20:00:00+00:00,3054.0745,3055.298,3001.443,3028.79,0.403735374,24.0,3035.757934
2026-01-21 21:00:00+00:00,3026.289,3040.65,3018.622,3030.478,1.271839108,5.0,3039.027306
2026-01-21 22:00:00+00:00,3032.296,3041.582,3007.445,3008.285,0.556060749,9.0,3027.801084
2026-01-21 23:00:00+00:00,3007.3585,3021.285,2970.4855,2978.6975,0.018540455,3.0,2998.468251
2026-01-22 00:00:00+00:00,2980.185,3009.01,2980.185,3001.66,0.035014471,6.0,3006.270871
2026-01-22 01:00:00+00:00,3003.215,3029.865,3000.34,3025.5815,0.13941763,5.0,3021.354764
2026-01-22 02:00:00+00:00,3024.182,3034.7645,3013.041,3014.7105,0.036957,4.0,3026.737536
2026-01-22 03:00:00+00:00,3013.18,3027.819,2996.875,3011.9325,0.132243853,7.0,3015.018876
2026-01-22 04:00:00+00:00,3009.365,3021.736,3008.839,3019.6775,0.028597064,5.0,3016.465612
2026-01-22 05:00:00+00:00,3021.28,3023.8635,3012.1305,3016.4,0.017918626,3.0,3016.940727
2026-01-22 06:00:00+00:00,3017.8465,3024.2465,3006.604,3017.3955,0.036399,7.0,3013.846697
2026-01-22 07:00:00+00:00,3018.7455,3018.7455,2997.55,2997.55,0.11595,3.0,3006.720427
2026-01-22 08:00:00+00:00,2999.125,3005.23,2990.2005,3002.764,0.125743,9.0,2996.449016
2026-01-22 09:00:00+00:00,3002.04,3014.559,3001.444,3011.92,0.355023117,7.0,3004.806101
2026-01-22 10:00:00+00:00,3010.7165,3010.7165,2997.06,3000.4855,0.014867705,3.0,3004.920409
2026-01-22 11:00:00+00:00,2998.87,3004.129,2975.658,2983.657,0.007625,4.0,2987.697782
2026-01-22 12:00:00+00:00,2982.5,2994.6265,2976.275,2987.315,0.261077,3.0,2986.574321
2026-01-22 13:00:00+00:00,2989.53,3006.7,2959.5925,2970.6405,0.426295196,8.0,2969.167371
2026-01-22 14:00:00+00:00,2972.6,2979.019,2932.674,2937.68,0.782380269,10.0,2949.714363
2026-01-22 15:00:00+00:00,2936.775,2964.639,2903.7,2941.0875,0.36461216,12.0,2935.108381
2026-01-22 16:00:00+00:00,2941.8,2954.6665,2921.425,2943.733,0.726929336,11.0,2946.562978
2026-01-22 17:00:00+00:00,2944.885,2960.525,2933.123,2959.1105,1.858462079,7.0,2937.619841
2026-01-22 18:00:00+00:00,2958.02,2968.86,2936.01,2936.01,0.924315102,8.0,2954.624135
2026-01-22 19:00:00+00:00,2937.3,2961.09,2924.7435,2951.67,1.687241804,8.0,2947.29465
2026-01-22 20:00:00+00:00,2950.6105,2955.2255,2928.95,2935.465,1.510197293,21.0,2934.843554
2026-01-22 21:00:00+00:00,2937.8495,2948.037,2930.9175,2943.5735,0.010789841,4.0,2943.86888
2026-01-22 22:00:00+00:00,2940.95,2954.59,2940.95,2948.685,0.032199,3.0,2945.682563
2026-01-22 23:00:00+00:00,2949.9425,2951.4145,2939.487,2949.691,0.019556,1.0,2950.47
2026-01-23 00:00:00+00:00,2947.9,2953.451,2944.2325,2950.73,0.002583,1.0,2948.12
2026-01-23 01:00:00+00:00,2952.695,2966.125,2951.055,2966.125,0.178921293,5.0,2957.162175
2026-01-23 02:00:00+00:00,2968.5555,2968.5555,2949.8975,2949.8975,0.091587398,5.0,2958.066441
2026-01-23 03:00:00+00:00,2951.4755,2961.406,2951.114,2960.357,0.023674756,4.0,2958.3097
2026-01-23 04:00:00+00:00,2961.75,2980.8165,2961.75,2975.199,0.043275367,6.0,2973.551082
2026-01-23 05:00:00+00:00,2974.185,2976.261,2961.38,2965.55,0.687233567,8.0,2971.864343
2026-01-23 06:00:00+00:00,2964.075,2971.875,2934.35,2934.8935,0.00448,2.0,2952.697086
2026-01-23 07:00:00+00:00,2937.095,2947.135,2931.565,2944.4875,0.008319,3.0,2942.240865
2026-01-23 08:00:00+00:00,2943.1165,2946.075,2920.17,2924.05,0.127372,8.0,2935.036731
2026-01-23 09:00:00+00:00,2924.6555,2931.65,2911.53,2917.4,0.527349638,6.0,2921.269852
2026-01-23 10:00:00+00:00,2916.128,2929.322,2911.285,2926.6495,0.061626101,5.0,2927.461922
2026-01-23 11:00:00+00:00,2925.1,2942.035,2925.028,2937.4895,0.261896642,7.0,2939.942633
2026-01-23 12:00:00+00:00,2936.04,2936.14,2926.55,2931.3465,0.020598062,5.0,2931.042809
2026-01-23 13:00:00+00:00,2929.5355,2940.3205,2924.3185,2927.145,24.036009069,7.0,2927.799133
2026-01-23 14:00:00+00:00,2928.99,2938.4155,2890.1105,2912.7095,0.233168343,13.0,2915.443063
2026-01-23 15:00:00+00:00,2913.875,2959.64,2896.06,2947.846,1.870940008,12.0,2916.943486
2026-01-23 16:00:00+00:00,2949.9225,2975.735,2936.1575,2962.96,0.164030852,10.0,2955.447901
2026-01-23 17:00:00+00:00,2961.9695,3014.73,2915.417913196,2984.455,3.095390833,10.0,2993.884159
2026-01-23 18:00:00+00:00,2982.46,3003.355,2976.466,2985.1625,0.060547591,2.0,2987.253027
2026-01-23 19:00:00+00:00,2984.277,2985.534,2944.1905,2955.35,0.795095643,18.0,2963.735157
2026-01-23 20:00:00+00:00,2954.171,2959.9495,2927.81,2936.76,0.008139556,4.0,2933.107439
2026-01-23 21:00:00+00:00,2935.105,2948.959,2935.105,2941.008,0.013146957,3.0,2943.020769
2026-01-23 22:00:00+00:00,2938.928,2958.36,2938.928,2955.9,0.008037705,3.0,2948.031336
2026-01-23 23:00:00+00:00,2955.15,2955.15,2947.4745,2952.8155,0.005991,4.0,2951.151242
2026-01-24 00:00:00+00:00,2955.052,2955.052,2946.2,2947.25,0.067328516,4.0,2949.646472
2026-01-24 01:00:00+00:00,2948.885,2954.9365,2947.233,2951.244,0.165333588,2.0,2952.421178
2026-01-24 02:00:00+00:00,2953.074,2957.7995,2950.7025,2955.0135,0.015370267,6.0,2955.42754
2026-01-24 03:00:00+00:00,2954.49,2965.747,2954.49,2958.7015,0.025291,4.0,2959.286419
2026-01-24 04:00:00+00:00,2958.526,2962.62,2955.753,2958.45,0.028527,3.0,2959.466383
2026-01-24 05:00:00+00:00,2958.5985,2961.245,2954.2225,2956.46,0.004635,1.0,2957.58
2026-01-24 06:00:00+00:00,2957.155,2959.3255,2955.75,2956.8335,0.002216,1.0,2959.18
2026-01-24 07:00:00+00:00,2957.6,2959.199,2951.26,2952.72,0.061513741,6.0,2957.255056
2026-01-24 08:00:00+00:00,2954.24,2958.1905,2951.25,2957.969,0.076629405,7.0,2954.44576
2026-01-24 09:00:00+00:00,2958.8025,2959.2515,2955.03,2956.7,0.120744079,2.0,2959.183784
2026-01-24 10:00:00+00:00,2956.8,2958.03,2953.7135,2958.03,0.114399,6.0,2956.389481
2026-01-24 11:00:00+00:00,2957.2,2960.3955,2955.56,2956.26,1.226426568,10.0,2957.49487
2026-01-24 12:00:00+00:00,2956.535,2959.62,2953.417,2958.3315,6.005966,3.0,2953.422623
2026-01-24 13:00:00+00:00,2959.334,2959.704,2945.193,2945.193,0.012999747,3.0,2956.886453
2026-01-24 14:00:00+00:00,2943.6305,2956.1,2940.46,2954.943,0.050353,7.0,2953.674256
2026-01-24 15:00:00+00:00,2956.06,2963.485,2949.743,2953.2,0.024791966,4.0,2958.566479
2026-01-24 16:00:00+00:00,2954.2705,2957.149,2947.5705,2954.575,0.043049745,7.0,2951.215209
2026-01-24 17:00:00+00:00,2956.05,2961.77,2953.3395,2959.605,0.013800427,3.0,2959.194285
2026-01-24 18:00:00+00:00,2959.347,2964.49,2957.75,2959.28,0.190570034,7.0,2960.357226
2026-01-24 19:00:00+00:00,2957.9365,2957.9365,2949.185,2949.605,0.330280282,3.0,2954.461168
2026-01-24 20:00:00+00:00,2949.15,2954.455,2948.7,2952.823,0.18822291,6.0,2950.885912
2026-01-24 21:00:00+00:00,2952.15,2953.685,2946.4725,2953.685,0.002841,1.0,2949.36
2026-01-24 22:00:00+00:00,2953.46,2959.945,2953.372,2957.364,0.062882704,2.0,2953.823773
2026-01-24 23:00:00+00:00,2959.75,2959.75,2948.1675,2948.71,0.04069825,4.0,2953.225024
2026-01-25 00:00:00+00:00,2949.6135,2954.4395,2948.7605,2954.4395,0.00332,2.0,2952.549367
2026-01-25 01:00:00+00:00,2955.649,2955.649,2944.935,2950.25,0.072263743,4.0,2952.961768
2026-01-25 02:00:00+00:00,2951.4685,2952.8,2948.5,2949.3255,1.440879388,5.0,2949.5941
2026-01-25 03:00:00+00:00,2949.2345,2950.073,2933.45,2938.4275,0.1063112,5.0,2939.272606
2026-01-25 04:00:00+00:00,2937.454,2944.452,2935.25,2941.32,1.507968364,2.0,2935.264704
2026-01-25 05:00:00+00:00,2940.33,2944.7465,2937.7,2943.7,0.005649,2.0,2944.030358
2026-01-25 06:00:00+00:00,2942.0,2943.35,2931.5895,2938.7485,0.105519242,3.0,2938.037086
2026-01-25 07:00:00+00:00,2939.637,2940.53,2934.2385,2934.95,0.008919,4.0,2938.444823
2026-01-25 08:00:00+00:00,2934.7535,2940.755,2917.42,2924.833,0.106236137,9.0,2935.466413
2026-01-25 09:00:00+00:00,2923.25,2935.1495,2923.0805,2931.7855,0.648473,3.0,2926.609961
2026-01-25 10:00:00+00:00,2931.467,2943.2215,2931.275,2941.275,0.022078916,4.0,2936.049127
2026-01-25 11:00:00+00:00,2939.789,2941.48,2929.65,2933.18,0.114343976,6.0,2935.336703
2026-01-25 12:00:00+00:00,2931.215,2939.487,2928.343,2938.05,0.05128475,5.0,2934.680872
2026-01-25 13:00:00+00:00,2938.1965,2941.053,2931.6,2938.3105,0.117871399,9.0,2936.773463
2026-01-25 14:00:00+00:00,2937.48,2939.045,2921.0,2929.0355,0.05293988,4.0,2925.871736
2026-01-25 15:00:00+00:00,2927.084,2932.145,2917.688,2922.85,0.02382804,5.0,2925.964549
2026-01-25 16:00:00+00:00,2920.73,2922.9635,2874.244,2894.45,0.200890014,11.0,2901.606326
2026-01-25 17:00:00+00:00,2893.2,2894.185,2876.46,2879.99,0.137773242,4.0,2885.298207
2026-01-25 18:00:00+00:00,2881.38,2897.096028571,2825.836,2844.865,5.033682968,23.0,2855.642349
2026-01-25 19:00:00+00:00,2846.9,2850.9,2796.516,2809.964,21.131467781,19.0,2802.013059
2026-01-25 20:00:00+00:00,2811.3335,2820.7,2785.6535,2807.464,1.715253071,32.0,2808.252092
2026-01-25 21:00:00+00:00,2805.8455,2821.76,2799.85,2815.25,0.260389112,4.0,2813.566771
2026-01-25 22:00:00+00:00,2814.7425,2814.7425,2787.2845,2803.635,3.623633602,6.0,2807.208357
2026-01-25 23:00:00+00:00,2804.55,2818.0215,2785.795,2814.831,0.150426,9.0,2805.847403
2026-01-26 00:00:00+00:00,2813.091,2843.21,2810.11,2839.628,0.060020427,8.0,2832.314087
2026-01-26 01:00:00+00:00,2840.43,2894.5655,2835.823,2878.8245,0.05215437,8.0,2874.224887
2026-01-26 02:00:00+00:00,2879.7155,2880.3,2861.19,2862.68,0.138753542,5.0,2870.612999
2026-01-26 03:00:00+00:00,2863.7,2868.385,2838.125,2846.6,0.175616547,4.0,2843.616977
2026-01-26 04:00:00+00:00,2848.597,2870.9545,2846.39,2862.64,0.235316502,7.0,2862.430666
2026-01-26 05:00:00+00:00,2863.6955,2869.625,2857.233,2866.3,0.41098663,10.0,2864.399836
2026-01-26 06:00:00+00:00,2864.915,2888.0,2863.35,2888.0,7.01877417,8.0,2876.300209
2026-01-26 07:00:00+00:00,2888.95,2907.111,2883.3,2901.2,0.112549043,9.0,2896.41836
2026-01-26 08:00:00+00:00,2902.485,2930.435,2894.89,2909.35,0.052235293,8.0,2908.341736
2026-01-26 09:00:00+00:00,2910.092,2910.092,2878.5175,2882.95,1.122573881,11.0,2886.007257
2026-01-26 10:00:00+00:00,2881.9935,2898.02,2881.9935,2893.77,0.086863706,7.0,2896.324782
2026-01-26 11:00:00+00:00,2895.969,2898.801,2886.3,2889.367,0.026882522,4.0,2894.412653
2026-01-26 12:00:00+00:00,2890.9,2910.9405,2890.9,2900.4305,0.361329799,12.0,2898.795661
2026-01-26 13:00:00+00:00,2901.4645,2907.6665,2894.9065,2907.366,0.045724818,6.0,2904.321525
2026-01-26 14:00:00+00:00,2909.141,2930.42,2874.271,2920.294,1.788784863,18.0,2897.317846
2026-01-26 15:00:00+00:00,2919.35,2947.5855,2884.839,2895.27,6.665101217,19.0,2922.846465
2026-01-26 16:00:00+00:00,2897.28,2914.34,2889.16,2897.405,0.184946866,18.0,2904.865531
2026-01-26 17:00:00+00:00,2896.05,2912.6555,2883.9995,2906.526,2.430809615,20.0,2902.322949
2026-01-26 18:00:00+00:00,2904.72,2931.1,2904.72,2928.2,0.521888133,9.0,2929.581323
2026-01-26 19:00:00+00:00,2929.913,2932.8,2917.22,2919.98,0.151341631,5.0,2927.075358
2026-01-26 20:00:00+00:00,2918.6385,2926.5005,2896.3895,2897.955,0.102154177,22.0,2913.700997
2026-01-26 21:00:00+00:00,2899.8495,2940.18,2892.825,2925.625,0.443365226,11.0,2896.876309
2026-01-26 22:00:00+00:00,2924.4745,2933.5115,2916.83,2923.895,0.098743372,10.0,2923.4814
2026-01-26 23:00:00+00:00,2922.3,2941.722,2915.7595,2926.089,0.160526768,8.0,2935.108118
2026-01-27 00:00:00+00:00,2927.955,2927.955,2915.41,2917.775,0.29887,3.0,2921.391034
2026-01-27 01:00:00+00:00,2916.636,2936.0765,2909.161,2927.791,0.048245775,10.0,2928.586268
2026-01-27 02:00:00+00:00,2929.825,2943.255,2929.825,2942.2765,0.028310917,5.0,2937.484612
2026-01-27 03:00:00+00:00,2940.98,2945.957,2932.8965,2937.65,0.152468795,8.0,2944.42257
2026-01-27 04:00:00+00:00,2936.5,2952.015,2934.8,2937.6825,0.068211305,13.0,2942.182829
2026-01-27 05:00:00+00:00,2937.112,2939.324,2930.741,2935.2295,0.107569448,5.0,2939.028261
2026-01-27 06:00:00+00:00,2936.7,2939.1,2922.1945,2925.563,0.358269326,10.0,2927.325912
2026-01-27 07:00:00+00:00,2926.185,2934.9,2924.1855,2924.1855,0.188909776,8.0,2934.325461
2026-01-27 08:00:00+00:00,2925.661,2930.7,2915.75,2919.465,0.081745767,11.0,2921.764874
2026-01-27 09:00:00+00:00,2917.95,2917.95,2903.695,2903.85,0.406167062,3.0,2905.930257
2026-01-27 10:00:00+00:00,2905.075,2910.942,2897.5715,2899.3465,0.298519752,6.0,2906.060155
2026-01-27 11:00:00+00:00,2897.9995,2917.137,2896.015,2912.708,1.230434953,3.0,2913.415419
2026-01-27 12:00:00+00:00,2914.585,2923.187,2911.7445,2913.315,0.308873775,4.0,2916.002945
2026-01-27 13:00:00+00:00,2914.3,2914.3,2902.05,2907.27,0.002244,2.0,2909.648725
2026-01-27 14:00:00+00:00,2909.365,2939.41,2903.6,2914.3675,0.19016877,10.0,2916.7685
2026-01-27 15:00:00+00:00,2912.95,2937.1485,2909.745,2933.886,0.511134096,13.0,2915.070171
2026-01-27 16:00:00+00:00,2935.1845,2994.6825,2931.02,2987.2355,0.390894806,31.0,2975.950109
2026-01-27 17:00:00+00:00,2988.725,2990.447,2914.845,2926.3605,0.161164294,17.0,2952.772354
2026-01-27 18:00:00+00:00,2924.8215,2984.25,2923.496,2974.605,26.387166893,12.0,2948.241488
2026-01-27 19:00:00+00:00,2973.355,2987.095,2962.4865,2975.303,0.282379989,12.0,2970.611098
2026-01-27 20:00:00+00:00,2977.89,3022.9455,2975.5905,3017.7635,1.587334393,41.0,3013.153726
2026-01-27 21:00:00+00:00,3019.708,3025.47,3002.05,3011.505,2.058757,8.0,3018.290052
2026-01-27 22:00:00+00:00,3012.895,3018.1165,3001.1,3015.65,0.134179731,9.0,3010.888743
2026-01-27 23:00:00+00:00,3013.7625,3031.489,3007.489,3022.05,0.387548412,8.0,3023.096811
2026-01-28 00:00:00+00:00,3024.0315,3025.144,3009.9,3019.68,0.517026217,11.0,3017.504211
2026-01-28 01:00:00+00:00,3018.4005,3022.4315,3004.674,3015.1155,0.061618531,11.0,3011.851121
2026-01-28 02:00:00+00:00,3013.7215,3013.7215,3001.761,3006.635,0.021260741,4.0,3005.614155
2026-01-28 03:00:00+00:00,3005.4565,3006.95,2993.535,3001.497,0.03779577,9.0,3001.536189
2026-01-28 04:00:00+00:00,3000.324,3003.851,2988.9155,2995.02,0.021765,8.0,2996.419903
2026-01-28 05:00:00+00:00,2996.44,3004.15,2993.565,3000.643,0.035456562,3.0,3001.29729
2026-01-28 06:00:00+00:00,3001.975,3013.9,3000.545,3009.218,0.062632247,18.0,3009.319698
2026-01-28 07:00:00+00:00,3008.55,3010.375,2997.345,3001.46,0.312354082,19.0,3003.631049
2026-01-28 08:00:00+00:00,3000.11,3002.227,2984.5315,2986.0075,2.386667292,24.0,2990.995481
2026-01-28 09:00:00+00:00,2988.04,3013.084,2982.35,3013.084,0.12870776,17.0,2998.733922
2026-01-28 10:00:00+00:00,3014.205,3033.994,3009.208,3022.8525,0.147445318,18.0,3020.091642
2026-01-28 11:00:00+00:00,3020.7,3040.7025,3011.44,3036.9125,0.045528866,12.0,3026.112645
2026-01-28 12:00:00+00:00,3035.591,3035.591,3020.38,3027.115,0.265809929,16.0,3025.769887
2026-01-28 13:00:00+00:00,3025.44,3040.9395,3025.4045,3029.6,0.097255437,17.0,3031.002896
2026-01-28 14:00:00+00:00,3027.7535,3031.583,3002.838,3009.444,5.462801161,16.0,3029.286857
2026-01-28 15:00:00+00:00,3010.815,3017.522,2981.2605,3003.67,0.246441615,10.0,2995.747127
2026-01-28 16:00:00+00:00,3005.5125,3013.2795,2993.1315,2996.04,0.138117136,16.0,3007.010531
2026-01-28 17:00:00+00:00,2997.5855,3027.75,2987.4795,3010.625,2.075793295,9.0,3004.407481
2026-01-28 18:00:00+00:00,3009.7595,3022.321,2996.6385,3012.1375,0.219834623,9.0,3010.088029
2026-01-28 19:00:00+00:00,3010.164,3019.5125,2993.5755,3013.331,7.589183766,5.0,3006.653141
2026-01-28 20:00:00+00:00,3012.3135,3033.735,3004.0,3006.948,0.044095473,11.0,3018.960295
2026-01-28 21:00:00+00:00,3008.481,3019.65,2992.7215,3016.877,0.054132768,9.0,3006.438002
2026-01-28 22:00:00+00:00,3018.105,3022.165,3005.3395,3014.32,0.011465437,3.0,3016.664658
2026-01-28 23:00:00+00:00,3015.86,3017.71,3004.2,3005.8375,0.067487561,9.0,3013.297357
2026-01-29 00:00:00+00:00,3006.885,3009.1,2993.25,3004.0845,0.044896126,7.0,3007.545822
2026-01-29 01:00:00+00:00,3006.289,3007.265,2984.0,2988.922,1.866368324,7.0,2993.129969
2026-01-29 02:00:00+00:00,2986.65,3005.6316395935,2941.421,2955.15,0.120910306,13.0,2962.377477
2026-01-29 03:00:00+00:00,2953.28,2967.8475,2943.3915,2948.189,0.404810614,7.0,2949.025749
2026-01-29 04:00:00+00:00,2947.1065,2955.2,2934.3055,2955.0425,0.145158615,13.0,2946.822602
2026-01-29 05:00:00+00:00,2956.45,2960.6,2944.7,2946.15,0.056232086,6.0,2951.467645
2026-01-29 06:00:00+00:00,2947.85,2954.931,2946.976,2952.2895,0.016420339,3.0,2948.11234
2026-01-29 07:00:00+00:00,2953.234,2960.545,2951.367,2957.74,0.04939381,5.0,2955.590117
2026-01-29 08:00:00+00:00,2955.975,2964.6,2940.1,2948.52,0.047455143,8.0,2951.097896
2026-01-29 09:00:00+00:00,2949.44,2951.01,2938.99,2938.99,0.296585117,6.0,2947.549127
2026-01-29 10:00:00+00:00,2937.448,2945.67,2937.448,2939.9505,0.10007305,3.0,2943.899235
2026-01-29 11:00:00+00:00,2939.577,2941.01,2918.995,2925.677,0.11904,7.0,2924.79623
2026-01-29 12:00:00+00:00,2926.86,2932.465,2921.829,2931.415,0.031186884,2.0,2926.437539
2026-01-29 13:00:00+00:00,2932.975,2934.6,2927.825,2930.655,0.051432517,6.0,2933.399617
2026-01-29 14:00:00+00:00,2931.9695,2931.9695,2871.9725,2871.9725,7.889697767,22.0,2906.463253
2026-01-29 15:00:00+00:00,2869.9605,2869.9605,2792.6285,2819.105,10.483986434,34.0,2832.173291
2026-01-29 16:00:00+00:00,2817.6255,2831.3755,2797.85,2829.5415,5.117811757,24.0,2810.795204
2026-01-29 17:00:00+00:00,2831.28,2855.4825,2815.618,2820.4375,3.485513038,16.0,2837.339313
2026-01-29 18:00:00+00:00,2821.6415,2829.1,2750.5375,2760.25,39.129970241,42.0,2774.170403
2026-01-29 19:00:00+00:00,2759.535,2804.95,2753.8,2791.78,2.423182442,34.0,2789.120111
2026-01-29 20:00:00+00:00,2792.92,2807.55,2784.8,2800.65,1.717691256,28.0,2794.392029
2026-01-29 21:00:00+00:00,2801.78,2819.755,2801.78,2814.4085,0.668429358,11.0,2813.954686
2026-01-29 22:00:00+00:00,2816.3405,2821.3,2806.4,2814.195,1.18897364,10.0,2819.075449
2026-01-29 23:00:00+00:00,2816.5455,2823.5,2809.317,2818.875,0.080393642,8.0,2818.10658
2026-01-30 00:00:00+00:00,2820.195,2823.23,2797.941,2800.387,0.362936,2.0,2821.825819
2026-01-30 01:00:00+00:00,2799.1545,2874.5608029555,2690.4,2742.466,5.156102592,27.0,2720.760522
2026-01-30 02:00:00+00:00,2743.74,2745.18,2696.175,2731.717,0.545291667,8.0,2722.439645
2026-01-30 03:00:00+00:00,2733.69,2742.3965,2731.3835,2737.1125,0.873119826,16.0,2734.206494
2026-01-30 04:00:00+00:00,2735.365,2769.945,2734.579,2748.8125,0.534950723,19.0,2750.712479
2026-01-30 05:00:00+00:00,2749.795,2756.45,2742.81,2742.81,0.366692116,16.0,2752.25671
2026-01-30 06:00:00+00:00,2743.902,2743.902,2693.4945,2714.211,0.265384129,9.0,2716.08886
2026-01-30 07:00:00+00:00,2715.835,2744.878,2715.305,2736.465,1.546537681,19.0,2726.611601
2026-01-30 08:00:00+00:00,2735.3,2742.97,2718.5745,2732.721,1.512709893,15.0,2735.475797
2026-01-30 09:00:00+00:00,2733.65,2740.1,2705.974,2718.605,2.240308684,15.0,2738.465126
2026-01-30 10:00:00+00:00,2719.4855,2733.1,2707.57,2731.245,0.113859125,5.0,2725.096663
2026-01-30 11:00:00+00:00,2731.9,2763.5775,2730.4765,2754.545,1.171169825,12.0,2736.344468
2026-01-30 12:00:00+00:00,2756.265,2762.4,2733.8235,2736.481,1.331951987,8.0,2742.856652
2026-01-30 13:00:00+00:00,2735.1985,2866.5500575935,2715.65,2725.2,1.329843792,10.0,2734.675652
2026-01-30 14:00:00+00:00,2726.845,2759.6995,2721.085,2732.8,2.748613763,32.0,2740.208056
2026-01-30 15:00:00+00:00,2733.903,2748.09,2691.1125862065,2725.3125,2.959464687,13.0,2731.888965
2026-01-30 16:00:00+00:00,2724.8145,2739.36,2704.0295,2721.55,1.842974726,14.0,2726.624819
2026-01-30 17:00:00+00:00,2723.228,2736.65,2703.014,2708.275,1.767595111,9.0,2717.913026
2026-01-30 18:00:00+00:00,2709.731,2847.8426395935,2633.15,2735.4105,4.564036257,32.0,2672.143598
2026-01-30 19:00:00+00:00,2737.497,2757.1945,2730.87,2738.414,0.210700311,6.0,2744.508409
2026-01-30 20:00:00+00:00,2736.93,2828.261358805,2661.145,2676.395,0.067479338,6.0,2694.301225
2026-01-30 21:00:00+00:00,2677.81,2710.8115,2673.275,2701.9,0.058536637,5.0,2688.155966
2026-01-30 22:00:00+00:00,2700.675,2705.75,2689.49,2705.75,0.033780645,3.0,2699.373296
2026-01-30 23:00:00+00:00,2707.145,2707.145,2690.2565,2702.966,0.027548241,6.0,2698.963557
2026-01-31 00:00:00+00:00,2703.5835,2711.17,2699.667,2702.8195,0.159619,3.0,2703.147458
2026-01-31 01:00:00+00:00,2702.0395,2710.55,2695.55,2695.55,0.066212054,9.0,2701.105166
2026-01-31 02:00:00+00:00,2693.9055,2702.881,2680.31,2697.1325,0.094712253,5.0,2693.503554
2026-01-31 03:00:00+00:00,2699.5,2701.927,2689.88,2691.6,1.053362748,7.0,2698.153403
2026-01-31 04:00:00+00:00,2693.4305,2701.11,2688.537,2689.3715,0.032487316,3.0,2696.320503
2026-01-31 05:00:00+00:00,2688.35,2698.2,2687.2515,2692.3415,0.01229,4.0,2696.752889
2026-01-31 06:00:00+00:00,2693.0495,2696.25,2680.57,2687.7715,6.628699849,5.0,2683.970076
2026-01-31 07:00:00+00:00,2687.965,2689.24,2663.919,2674.589,0.033879209,5.0,2680.912764
2026-01-31 08:00:00+00:00,2676.17,2677.805,2605.285,2639.8715,0.486363794,12.0,2641.935512
2026-01-31 09:00:00+00:00,2641.043,2655.2,2629.973,2644.027,0.540635031,7.0,2637.782411
2026-01-31 10:00:00+00:00,2645.2,2651.0835,2632.238,2646.385,0.137290763,9.0,2643.414906
2026-01-31 11:00:00+00:00,2645.9545,2645.9545,2629.835,2635.115,0.059169889,5.0,2642.694238
2026-01-31 12:00:00+00:00,2636.42,2639.4295,2625.057,2628.588,1.001875,2.0,2636.199701
2026-01-31 13:00:00+00:00,2627.45,2632.655,2614.6945,2625.85,0.010637,3.0,2629.597923
2026-01-31 14:00:00+00:00,2626.83,2797.8426395935,2507.693,2535.9625,17.458998708,43.0,2541.435815
2026-01-31 15:00:00+00:00,2534.635,2550.35,2523.8305,2529.9565,1.450423356,22.0,2541.426493
2026-01-31 16:00:00+00:00,2531.171,2764.221949938,2466.0265,2480.269,48.59648781,23.0,2495.787067
2026-01-31 17:00:00+00:00,2479.205,2710.03475782,2369.8615,2400.25,31.36551627,49.0,2422.198246
2026-01-31 18:00:00+00:00,2400.45,2461.7226968885,2242.9465,2377.695,27.144489322,43.0,2332.182666
2026-01-31 19:00:00+00:00,2379.4305,2469.8182090965,2370.48,2379.655,2.669232358,26.0,2384.221875
2026-01-31 20:00:00+00:00,2381.075,2402.265,2352.935,2379.9115,0.727342599,17.0,2371.55609
2026-01-31 21:00:00+00:00,2378.95,2420.875,2371.405,2416.982,1.41284959,21.0,2410.73617
2026-01-31 22:00:00+00:00,2418.064,2421.9685,2404.875,2416.553,0.405174295,16.0,2411.674508
2026-01-31 23:00:00+00:00,2417.506,2470.775,2414.94,2449.835,64.217328255,34.0,2469.867749
2026-02-01 00:00:00+00:00,2448.6,2473.2,2444.2495,2450.6,0.248839006,27.0,2462.86573
2026-02-01 01:00:00+00:00,2451.645,2453.484,2428.4455,2442.035,0.07514734,8.0,2441.845922
2026-02-01 02:00:00+00:00,2443.445,2459.284,2437.735,2450.1,0.761149299,20.0,2448.174876
2026-02-01 03:00:00+00:00,2451.785,2454.485,2436.185,2443.403,0.050473185,8.0,2442.716847
2026-02-01 04:00:00+00:00,2442.2635,2451.7,2438.106,2445.835,4.799653039,17.0,2449.722051
2026-02-01 05:00:00+00:00,2447.1495,2447.1495,2422.0645,2428.92,0.196465706,7.0,2434.821407
2026-02-01 06:00:00+00:00,2429.835,2437.05,2407.1675,2416.7125,1.664340187,12.0,2423.24616
2026-02-01 07:00:00+00:00,2415.785,2469.8182090965,2391.65,2409.08,4.147558182,13.0,2400.496472
2026-02-01 08:00:00+00:00,2410.495,2425.62,2395.1555,2411.4995,1.228162781,6.0,2406.555996
2026-02-01 09:00:00+00:00,2410.492,2435.1805,2405.047,2429.935,1.27181432,9.0,2415.240864
2026-02-01 10:00:00+00:00,2431.3,2435.8,2374.8825,2379.353,0.701501337,7.0,2415.243924
2026-02-01 11:00:00+00:00,2380.45,2421.763,2380.45,2410.29,4.643610481,12.0,2403.480641
2026-02-01 12:00:00+00:00,2409.12,2409.961,2382.87,2394.475,1.707077475,16.0,2397.459357
2026-02-01 13:00:00+00:00,2395.6455,2408.495,2368.407,2379.27,0.250172755,12.0,2401.893494
2026-02-01 14:00:00+00:00,2377.83,2387.054,2326.575,2371.5405,0.71098932,19.0,2363.384128
2026-02-01 15:00:00+00:00,2370.2415,2370.2415,2286.041642857,2312.999,1.542564131,14.0,2297.555628
2026-02-01 16:00:00+00:00,2313.896,2330.1595,2285.777142857,2302.14,2.137722803,13.0,2311.226238
2026-02-01 17:00:00+00:00,2304.023,2320.205,2295.405,2312.394,0.723047604,9.0,2309.136494
2026-02-01 18:00:00+00:00,2313.6265,2464.5087411165,2313.35,2350.531,7.336621311,7.0,2347.929978
2026-02-01 19:00:00+00:00,2349.1235,2353.9405,2305.536,2318.455,0.471398301,7.0,2338.710075
2026-02-01 20:00:00+00:00,2316.955,2347.395,2297.25,2314.938,0.248317449,6.0,2311.19066
2026-02-01 21:00:00+00:00,2315.98,2316.7955,2279.53,2288.18,0.101463459,5.0,2294.081247
2026-02-01 22:00:00+00:00,2289.589,2332.3,2286.205,2316.9055,1.956788121,5.0,2316.711941
2026-02-01 23:00:00+00:00,2315.41,2445.1876672245,2222.1595,2267.395,12.17324745,12.0,2236.740272
2026-02-02 00:00:00+00:00,2268.7235,2321.7935,2240.549,2290.7345,0.34961456,10.0,2297.17013
2026-02-02 01:00:00+00:00,2292.95,2316.08,2248.9525,2289.867,64.025234948,7.0,2262.528957
2026-02-02 02:00:00+00:00,2289.15,2298.45,2258.2585,2260.688,0.359023738,3.0,2291.017117
2026-02-02 03:00:00+00:00,2259.53,2397.1827411165,2163.74,2236.4,39.088070069,46.0,2186.366139
2026-02-02 04:00:00+00:00,2237.815,2265.56,2206.05,2237.9205,4.982771814,16.0,2237.785582
2026-02-02 05:00:00+00:00,2239.4,2400.852691855,2182.775,2196.55,3.5524606,19.0,2191.068144
2026-02-02 06:00:00+00:00,2195.4775,2394.1827411165,2156.39,2224.765,1.885638642,22.0,2186.049009
2026-02-02 07:00:00+00:00,2224.08,2249.438,2216.5,2226.2435,0.124163936,24.0,2228.556416
2026-02-02 08:00:00+00:00,2227.073,2255.774,2227.073,2247.7425,2.67753029,20.0,2246.991464
2026-02-02 09:00:00+00:00,2248.9875,2315.7075,2236.795,2289.433,5.745834458,19.0,2275.402612
2026-02-02 10:00:00+00:00,2288.566,2296.878,2272.15,2274.5,2.403653756,13.0,2287.663787
2026-02-02 11:00:00+00:00,2275.797,2295.8,2272.449,2280.722,0.519603078,7.0,2280.016579
2026-02-02 12:00:00+00:00,2281.6895,2315.386,2280.106,2310.65,0.874439675,19.0,2293.107966
2026-02-02 13:00:00+00:00,2309.385,2334.1405,2301.435,2326.9725,2.181823029,16.0,2310.405472
2026-02-02 14:00:00+00:00,2327.909,2432.8723962885,2298.8955,2328.52,4.113402601,29.0,2345.211886
2026-02-02 15:00:00+00:00,2326.875,2432.8723962885,2320.315,2371.48,5.621544973,36.0,2347.696902
2026-02-02 16:00:00+00:00,2370.26,2385.65,2349.01,2356.8745,13.34525791,28.0,2362.206339
2026-02-02 17:00:00+00:00,2355.772,2380.5575,2344.617,2354.944,2.823995781,23.0,2366.135103
2026-02-02 18:00:00+00:00,2353.6815,2357.095,2334.194,2343.3415,1.460634944,17.0,2343.688466
2026-02-02 19:00:00+00:00,2342.35,2349.3055,2326.91,2330.204,1.278528563,7.0,2339.456665
2026-02-02 20:00:00+00:00,2329.425,2338.545,2311.94,2319.662,0.515378677,12.0,2315.681597
2026-02-02 21:00:00+00:00,2318.3,2342.98,2318.3,2340.175,0.055390896,5.0,2338.997618
2026-02-02 22:00:00+00:00,2340.584,2351.84,2334.109,2347.9335,0.233117139,5.0,2342.90555
2026-02-02 23:00:00+00:00,2350.04,2352.8355,2337.83,2344.69,0.110484,5.0,2345.813677
2026-02-03 00:00:00+00:00,2346.576,2353.275,2324.6,2352.33,0.144512559,5.0,2347.200592
2026-02-03 01:00:00+00:00,2351.1,2356.72,2336.4115,2351.484,2.068815394,10.0,2351.0651
2026-02-03 02:00:00+00:00,2352.51,2352.51,2295.05,2296.3035,6.187535,6.0,2314.976651
2026-02-03 03:00:00+00:00,2298.033,2342.634,2283.7425,2341.566,0.328774536,6.0,2305.337147
2026-02-03 04:00:00+00:00,2340.8,2352.415,2331.6,2343.016,2.440111448,18.0,2338.801449
2026-02-03 05:00:00+00:00,2342.218,2342.218,2313.131,2314.53,1.321737001,7.0,2335.88196
2026-02-03 06:00:00+00:00,2316.0225,2326.585,2297.488,2319.01,1.884971002,10.0,2309.156082
2026-02-03 07:00:00+00:00,2317.0145,2331.05,2311.536,2321.086,5.599985908,12.0,2318.886657
2026-02-03 08:00:00+00:00,2319.0505,2330.0,2308.63,2314.952,2.972005947,10.0,2324.533228
2026-02-03 09:00:00+00:00,2312.9,2452.1827411165,2262.865,2291.011,7.07742778,15.0,2291.554
2026-02-03 10:00:00+00:00,2292.027,2297.6165,2275.15,2279.86,1.623794349,8.0,2284.886043
2026-02-03 11:00:00+00:00,2281.5,2285.795,2269.049,2274.6005,2.309448802,7.0,2277.132041
2026-02-03 12:00:00+00:00,2275.092,2432.8723962885,2270.5195,2299.815,0.028422572,5.0,2286.922651
2026-02-03 13:00:00+00:00,2298.746,2315.065,2294.27,2310.0675,2.406189114,6.0,2303.820889
2026-02-03 14:00:00+00:00,2309.2635,2315.3,2253.77,2255.93,2.405913213,17.0,2309.942051
2026-02-03 15:00:00+00:00,2255.5865,2432.8723962885,2251.7,2300.8775,3.577390306,22.0,2273.587936
2026-02-03 16:00:00+00:00,2300.15,2300.15,2234.733,2238.9495,7.29179029,22.0,2258.44574
2026-02-03 17:00:00+00:00,2240.25,2242.774,2192.15,2192.541,7.041638683,30.0,2213.707113
2026-02-03 18:00:00+00:00,2194.081,2203.95,2108.4435,2118.81,41.999896544,50.0,2137.883221
2026-02-03 19:00:00+00:00,2117.395,2362.1827411165,2111.092,2202.5,1.770469753,23.0,2179.696455
2026-02-03 20:00:00+00:00,2203.734,2398.389637668,2186.478,2297.2495,2.635087973,18.0,2209.243938
2026-02-03 21:00:00+00:00,2296.35,2333.1495,2277.5575,2281.15,0.781231954,8.0,2297.417228
2026-02-03 22:00:00+00:00,2282.804,2282.804,2226.874,2234.07,0.014286285,3.0,2261.593137
2026-02-03 23:00:00+00:00,2233.12,2245.355,2210.6665,2230.9465,1.218761,4.0,2222.152348
2026-02-04 00:00:00+00:00,2229.606,2253.472,2221.085,2237.445,0.32391,8.0,2228.89139
2026-02-04 01:00:00+00:00,2238.8985,2278.47,2238.8985,2265.915,0.136088449,6.0,2273.992741
2026-02-04 02:00:00+00:00,2264.847,2273.2705,2240.58,2249.585,0.213033,2.0,2256.931149
2026-02-04 03:00:00+00:00,2250.9315,2291.93,2247.45,2280.18,0.095006673,2.0,2270.42305
2026-02-04 04:00:00+00:00,2279.3125,2287.005,2269.1055,2271.335,0.167163365,4.0,2279.402105
2026-02-04 05:00:00+00:00,2269.5,2277.562,2253.945,2262.6725,0.097566242,3.0,2259.069847
2026-02-04 06:00:00+00:00,2261.2295,2281.359,2255.86,2275.1445,1.136533463,4.0,2277.02115
2026-02-04 07:00:00+00:00,2273.1695,2288.605,2261.102,2280.185,0.687072159,6.0,2280.315582
2026-02-04 08:00:00+00:00,2281.35,2282.66,2263.556,2277.622,0.656075393,6.0,2278.55082
2026-02-04 09:00:00+00:00,2276.395,2276.395,2249.7065,2257.1815,0.604483868,7.0,2268.655566
2026-02-04 10:00:00+00:00,2258.335,2260.6635,2248.003,2257.2895,0.006757,2.0,2254.125122
2026-02-04 11:00:00+00:00,2258.3445,2262.685,2224.0125,2252.5135,0.012832321,4.0,2237.778562
2026-02-04 12:00:00+00:00,2251.01,2259.2,2228.79,2241.905,0.016004,3.0,2251.032102
2026-02-04 13:00:00+00:00,2241.045,2242.2,2194.5,2195.415,5.217325082,11.0,2199.277555
2026-02-04 14:00:00+00:00,2194.48,2243.4505513735,2166.4425,2168.4945,1.029689423,15.0,2187.770001
2026-02-04 15:00:00+00:00,2167.207,2231.1352804375,2134.22,2148.7075,4.167579745,15.0,2162.573365
2026-02-04 16:00:00+00:00,2149.375,2220.68327165,2103.6,2131.4895,3.451407708,24.0,2127.275505
2026-02-04 17:00:00+00:00,2130.44,2207.243654822,2089.2,2121.2315,29.082949812,17.0,2104.701159
2026-02-04 18:00:00+00:00,2122.663,2191.7264134425,2072.7355,2143.136,19.238223329,17.0,2081.480965
2026-02-04 19:00:00+00:00,2144.6415,2191.7264134425,2129.551,2183.225,4.010482285,111.0,2156.634567
2026-02-04 20:00:00+00:00,2184.0105,2187.17,2157.4,2166.882,0.61896893,9.0,2174.02418
2026-02-04 21:00:00+00:00,2168.155,2174.719,2104.0165,2124.875,0.007344567,3.0,2111.752597
2026-02-04 22:00:00+00:00,2124.057,2191.7264134425,2085.2,2115.536,0.467138831,10.0,2120.895385
2026-02-04 23:00:00+00:00,2114.131,2161.124,2111.106,2142.615,0.171095975,4.0,2143.610189
2026-02-05 00:00:00+00:00,2141.527,2159.085,2132.59,2145.1605,0.0,0.0,2141.527
2026-02-05 01:00:00+00:00,2144.8095,2191.7264134425,2119.45,2142.6,0.247369804,13.0,2149.343997
2026-02-05 02:00:00+00:00,2144.3825,2157.6715,2108.97,2119.173,0.159767871,8.0,2130.702263
2026-02-05 03:00:00+00:00,2120.385,2131.58,2094.858,2106.7705,9.017676808,7.0,2118.807655
2026-02-05 04:00:00+00:00,2107.503,2133.5127586205,2076.9,2099.44,4.618282982,11.0,2087.55206
2026-02-05 05:00:00+00:00,2100.828,2119.6,2074.3,2096.78,0.909754893,11.0,2104.727032
2026-02-05 06:00:00+00:00,2098.3775,2191.7264134425,2067.276,2083.6965,3.70064196,15.0,2071.851002
2026-02-05 07:00:00+00:00,2082.23,2132.17,2082.23,2085.06,1.767316065,12.0,2101.284763
2026-02-05 08:00:00+00:00,2087.325,2116.14,2087.3,2108.0,5.226508966,11.0,2105.840191
2026-02-05 09:00:00+00:00,2108.5295,2196.938654822,2108.5295,2129.7,1.999222225,15.0,2131.025939
2026-02-05 10:00:00+00:00,2130.6,2182.243654822,2083.4315,2093.9205,0.581238235,6.0,2111.751643
2026-02-05 11:00:00+00:00,2092.795,2100.8425,2059.335,2076.15,1.991350887,9.0,2068.137115
2026-02-05 12:00:00+00:00,2077.23,2088.396,2042.4,2059.58,22.216053637,18.0,2050.822023
2026-02-05 13:00:00+00:00,2058.3835,2075.76,2046.312,2055.082,6.011289833,11.0,2057.102407
2026-02-05 14:00:00+00:00,2055.765,2174.485034132,2039.9325,2043.058,12.145138874,20.0,2066.309773
2026-02-05 15:00:00+00:00,2044.0135,2140.623654822,1924.431,1957.33,84.191831044,74.0,1996.598627
2026-02-05 16:00:00+00:00,1958.735,2025.395,1941.975,1994.3005,9.126540431,28.0,1979.025369
2026-02-05 17:00:00+00:00,1995.157,1997.688,1941.66,1951.035,6.941807521,24.0,1969.490742
2026-02-05 18:00:00+00:00,1952.021,1964.375,1912.178,1946.914,43.87916249,29.0,1922.605173
2026-02-05 19:00:00+00:00,1948.0,1948.1365,1914.426,1924.425,5.886531461,22.0,1929.000438
2026-02-05 20:00:00+00:00,1925.3,1938.31,1822.776049261,1865.0425,25.108506367,41.0,1852.892895
2026-02-05 21:00:00+00:00,1863.98,1907.937,1836.45,1847.32,2.094745831,12.0,1862.745566
2026-02-05 22:00:00+00:00,1848.19,1887.19,1816.2675,1867.35,0.487795667,10.0,1838.111605
2026-02-05 23:00:00+00:00,1866.011,2005.4339408865,1817.461,1823.588,1.242813296,7.0,1877.995175
2026-02-06 00:00:00+00:00,1824.038,2027.573654822,1740.66,1868.3,15.613446737,30.0,1772.351037
2026-02-06 01:00:00+00:00,1869.241,1936.76,1868.223,1929.165,1.61407413,17.0,1890.31874
2026-02-06 02:00:00+00:00,1930.03,2043.943162211,1873.945,1905.7,0.197225059,10.0,1927.02542
2026-02-06 03:00:00+00:00,1904.704,1915.476,1877.606,1889.305,0.364938893,10.0,1903.542621
2026-02-06 04:00:00+00:00,1888.321,1916.2085,1884.405,1906.795,5.570520677,12.0,1903.955095
2026-02-06 05:00:00+00:00,1905.926,1972.685,1905.1745,1956.505,1.214085273,14.0,1921.132339
2026-02-06 06:00:00+00:00,1957.45,1964.056,1905.445,1905.5805,2.059465077,10.0,1931.672261
2026-02-06 07:00:00+00:00,1906.22,1912.745,1886.175,1896.325,1.476715655,13.0,1898.924742
2026-02-06 08:00:00+00:00,1897.318,1904.43,1864.1285,1871.9595,0.870126794,9.0,1883.322398
2026-02-06 09:00:00+00:00,1873.055,1926.6195,1869.05,1916.9,7.85017473,14.0,1908.572805
2026-02-06 10:00:00+00:00,1917.463,1931.405,1907.9,1923.8755,7.826296607,15.0,1919.384356
2026-02-06 11:00:00+00:00,1922.9695,1936.415,1917.708,1930.492,2.848901323,9.0,1926.967922
2026-02-06 12:00:00+00:00,1929.1575,1929.585,1912.6,1920.135,2.550898249,14.0,1918.535001
2026-02-06 13:00:00+00:00,1920.524,1959.59,1917.78,1947.8555,1.994182627,19.0,1943.09278
2026-02-06 14:00:00+00:00,1946.879,2000.895,1932.102,1977.52,7.971977752,35.0,1967.52847
2026-02-06 15:00:00+00:00,1976.6195,1996.8,1960.165,1979.37,10.000755559,43.0,1979.54735
2026-02-06 16:00:00+00:00,1981.052,2046.045,1971.3845,2035.345,8.820750052,51.0,2019.948801
2026-02-06 17:00:00+00:00,2034.3905,2089.306,2027.991,2066.6755,7.900048205,41.0,2071.814105
2026-02-06 18:00:00+00:00,2067.85,2068.8275,2029.85,2042.7965,11.358877811,13.0,2053.613383
2026-02-06 19:00:00+00:00,2044.305,2069.885,2031.7775,2064.6775,6.885151736,14.0,2048.639663
2026-02-06 20:00:00+00:00,2063.542,2226.851354822,2033.8566748765,2053.3035,0.178389994,19.0,2101.12557
2026-02-06 21:00:00+00:00,2054.3415,2059.756,2041.3,2052.53,24.790940595,34.0,2051.89303
2026-02-06 22:00:00+00:00,2053.308,2083.397,2044.394,2073.0725,2.70815918,68.0,2063.115047
2026-02-06 23:00:00+00:00,2074.095,2086.415,2049.635,2061.071,0.254820438,12.0,2073.013822
2026-02-07 00:00:00+00:00,2062.719,2062.719,2036.305,2042.43,0.256101,7.0,2043.044148
2026-02-07 01:00:00+00:00,2040.9465,2064.665,2032.4855,2061.285,1.582371827,4.0,2050.932069
2026-02-07 02:00:00+00:00,2060.8335,2063.87,2048.3015,2058.6805,1.27638932,11.0,2056.940564
2026-02-07 03:00:00+00:00,2059.3965,2083.915,2057.4415,2080.35,4.595774167,9.0,2076.263719
2026-02-07 04:00:00+00:00,2079.1315,2117.155,2077.789,2086.91,4.13121441,16.0,2093.257674
2026-02-07 05:00:00+00:00,2085.18,2102.972,2077.25,2082.41,1.114365213,21.0,2087.190767
2026-02-07 06:00:00+00:00,2081.5425,2156.5412690355,2046.535,2046.67,0.327299699,15.0,2082.13854
2026-02-07 07:00:00+00:00,2047.5485,2072.9802709355,1994.5175,2027.0,6.681274558,17.0,2007.888634
2026-02-07 08:00:00+00:00,2026.145,2030.9345,2014.9585,2018.915,1.22614428,16.0,2022.458162
2026-02-07 09:00:00+00:00,2020.065,2029.0525,2004.2085,2012.7,4.011366725,9.0,2010.223713
2026-02-07 10:00:00+00:00,2011.629,2017.377,1998.558,2009.92,1.168244741,6.0,2007.713497
2026-02-07 11:00:00+00:00,2010.875,2019.45,2005.573,2017.185,0.530296593,9.0,2011.434448
2026-02-07 12:00:00+00:00,2016.565,2072.65,2016.565,2040.1775,0.340195813,10.0,2041.531967
2026-02-07 13:00:00+00:00,2041.0375,2048.4855,2026.9115,2039.25,0.846485187,9.0,2030.519453
2026-02-07 14:00:00+00:00,2040.269,2047.1645,2008.345,2018.5985,4.791189548,15.0,2019.725759
2026-02-07 15:00:00+00:00,2017.795,2061.04,2012.4345,2050.5,3.806715908,9.0,2048.700555
2026-02-07 16:00:00+00:00,2051.7765,2123.5412690355,1998.8689330045,2048.2745,5.791620621,11.0,2029.258945
2026-02-07 17:00:00+00:00,2049.6055,2071.403,2030.44,2059.5495,2.558549811,7.0,2053.353981
2026-02-07 18:00:00+00:00,2060.81,2107.558,2058.0,2095.3005,4.27027745,4.0,2066.846824
2026-02-07 19:00:00+00:00,2093.65,2099.573,2082.585,2090.892,0.152706118,4.0,2090.771669
2026-02-07 20:00:00+00:00,2089.4525,2110.485,2084.118,2103.48,1.176540091,5.0,2089.259343
2026-02-07 21:00:00+00:00,2105.1,2108.7945,2096.5515,2099.75,1.771003424,7.0,2103.889483
2026-02-07 22:00:00+00:00,2098.773,2105.939,2086.7,2087.026,1.961856957,7.0,2095.345084
2026-02-07 23:00:00+00:00,2087.995,2094.585,2072.0995,2086.93,0.07769525,3.0,2084.170969
2026-02-08 00:00:00+00:00,2088.382,2093.4,2075.725,2082.3855,3.253815176,8.0,2088.310288
2026-02-08 01:00:00+00:00,2083.485,2095.95,2081.155,2094.4,0.094029933,8.0,2086.157329
2026-02-08 02:00:00+00:00,2095.35,2106.08,2081.729,2086.65,72.082277344,9.0,2095.949308
2026-02-08 03:00:00+00:00,2087.89,2091.6015,2076.813,2077.349,0.028064,6.0,2086.515004
2026-02-08 04:00:00+00:00,2078.647,2087.078,2065.589,2085.75,2.031051779,5.0,2077.201986
2026-02-08 05:00:00+00:00,2084.92,2086.4545,2077.0485,2083.863,1.125000617,3.0,2083.065244
2026-02-08 06:00:00+00:00,2082.475,2086.62,2076.135,2077.4875,0.045830334,6.0,2079.442128
2026-02-08 07:00:00+00:00,2078.3955,2082.47,2067.52,2082.47,0.237193805,3.0,2078.133224
2026-02-08 08:00:00+00:00,2080.905,2121.6,2077.2425,2113.895,2.191843019,9.0,2087.992165
2026-02-08 09:00:00+00:00,2115.108,2120.36,2095.389,2098.76,0.216472677,4.0,2109.662663
2026-02-08 10:00:00+00:00,2100.3245,2113.28,2082.8185,2093.84,1.197531627,13.0,2108.381811
2026-02-08 11:00:00+00:00,2092.8135,2135.51,2092.8135,2130.7585,0.287283543,12.0,2113.045811
2026-02-08 12:00:00+00:00,2132.17,2142.15,2124.2,2129.986,0.574072164,8.0,2131.696587
2026-02-08 13:00:00+00:00,2128.475,2139.11,2117.585,2124.235,0.267060261,7.0,2125.342403
2026-02-08 14:00:00+00:00,2125.1265,2128.053,2115.347,2126.649,0.490367365,12.0,2122.210867
2026-02-08 15:00:00+00:00,2126.15,2128.88,2097.093,2107.4435,1.488122337,2.0,2115.093044
2026-02-08 16:00:00+00:00,2106.646,2114.5,2072.17,2078.9,1.261716724,9.0,2105.315271
2026-02-08 17:00:00+00:00,2080.1265,2097.0695,2080.1265,2090.5,1.972603987,6.0,2090.291141
2026-02-08 18:00:00+00:00,2091.9,2120.02,2089.415,2108.968,2.487538832,7.0,2096.022813
2026-02-08 19:00:00+00:00,2107.4725,2128.0475,2106.0355,2124.98,4.787988403,9.0,2111.540238
2026-02-08 20:00:00+00:00,2126.041,2126.041,2101.385,2102.3755,0.009642216,2.0,2106.280689
2026-02-08 21:00:00+00:00,2103.659,2113.205,2089.58,2092.995,2.049180705,4.0,2102.547711
2026-02-08 22:00:00+00:00,2095.135,2110.184,2093.115,2107.55,3.489058479,2.0,2103.697913
2026-02-08 23:00:00+00:00,2107.9935,2149.31,2071.4,2089.1065,3.013320308,7.0,2102.062615
2026-02-09 00:00:00+00:00,2087.95,2095.668,2075.915,2083.452,0.009413765,2.0,2082.773387
2026-02-09 01:00:00+00:00,2082.375,2099.0825,2054.407,2069.8005,1.643192632,7.0,2092.05753
2026-02-09 02:00:00+00:00,2068.412,2094.0,2064.92,2079.817,2.339149582,2.0,2066.27643
2026-02-09 03:00:00+00:00,2080.689,2100.015,2079.928,2098.433,0.003656,2.0,2083.022484
2026-02-09 04:00:00+00:00,2099.2,2099.9,2085.9055,2089.198,0.562829945,8.0,2092.67955
2026-02-09 05:00:00+00:00,2087.575,2095.395,2082.533,2094.09,1.757404562,5.0,2085.890591
2026-02-09 06:00:00+00:00,2092.9165,2092.9165,2071.077,2079.576,0.09157757,7.0,2079.326981
2026-02-09 07:00:00+00:00,2078.865,2085.635,2063.8555,2063.8555,0.05743258,2.0,2072.477454
2026-02-09 08:00:00+00:00,2065.23,2068.8345,2033.05,2049.073,0.536716727,7.0,2065.415444
2026-02-09 09:00:00+00:00,2047.995,2055.345,2033.165,2040.0335,4.629934046,12.0,2044.316711
2026-02-09 10:00:00+00:00,2039.201,2044.515,2011.81,2020.985,1.396545424,11.0,2019.112353
2026-02-09 11:00:00+00:00,2021.89,2034.7125,2019.495,2026.115,1.170821231,5.0,2029.661836
2026-02-09 12:00:00+00:00,2027.875,2037.3325,2027.45,2033.629,1.589353323,4.0,2031.806328
2026-02-09 13:00:00+00:00,2035.2505,2048.042,2021.2205,2021.2205,0.169864419,5.0,2037.452978
2026-02-09 14:00:00+00:00,2022.5975,2048.425,2006.915,2042.8715,1.14980741,22.0,2028.237144
2026-02-09 15:00:00+00:00,2043.928,2071.741,2031.2195,2060.955,3.03778154,17.0,2059.3235
2026-02-09 16:00:00+00:00,2059.6855,2107.745,2046.8235,2090.3185,0.531102347,15.0,2057.259642
2026-02-09 17:00:00+00:00,2089.25,2134.295,2076.631,2126.856,2.379500156,12.0,2101.651199
2026-02-09 18:00:00+00:00,2127.415,2142.07,2107.61,2128.7895,1.186334835,11.0,2130.349905
2026-02-09 19:00:00+00:00,2127.152,2137.25,2118.344,2129.5105,0.183572006,5.0,2127.57715
2026-02-09 20:00:00+00:00,2128.903,2144.709,2117.084,2124.07,2.204436861,12.0,2123.362407
2026-02-09 21:00:00+00:00,2124.8905,2126.2745,2088.75,2120.7665,0.076943429,9.0,2110.444275
2026-02-09 22:00:00+00:00,2122.5585,2124.0,2110.8,2114.358,0.246381786,8.0,2117.153075
2026-02-09 23:00:00+00:00,2112.91,2120.707,2101.2,2103.73,0.01641077,5.0,2109.091838
2026-02-10 00:00:00+00:00,2104.125,2111.273,2095.0125,2096.355,0.020525155,5.0,2099.474572
2026-02-10 01:00:00+00:00,2097.262,2122.7725,2095.848,2116.0875,1.478843395,15.0,2111.676218
2026-02-10 02:00:00+00:00,2115.383,2120.075,2101.6585,2106.705,0.170075405,9.0,2113.938695
2026-02-10 03:00:00+00:00,2107.6345,2108.7385,2052.884,2062.945,2.615525081,15.0,2061.077102
2026-02-10 04:00:00+00:00,2064.567,2073.2,2061.55,2069.603,0.458670088,7.0,2064.176164
2026-02-10 05:00:00+00:00,2070.008,2070.008,2044.9475,2052.0575,0.699563997,8.0,2053.324857
2026-02-10 06:00:00+00:00,2051.1425,2056.4,1996.2,2007.149,3.621630023,14.0,2004.422385
2026-02-10 07:00:00+00:00,2006.0735,2015.945,2000.2985,2005.943,0.150762612,26.0,2007.568111
2026-02-10 08:00:00+00:00,2007.203,2016.39,1995.085,2012.65,0.478169094,31.0,2012.179745
2026-02-10 09:00:00+00:00,2011.8655,2027.645,2008.725,2014.849,11.292294088,32.0,2015.164297
2026-02-10 10:00:00+00:00,2013.9,2021.0,2008.229,2012.369,0.062245389,24.0,2014.290254
2026-02-10 11:00:00+00:00,2011.905,2020.348,1999.397,2001.5,3.133606311,27.0,2004.833217
2026-02-10 12:00:00+00:00,2002.355,2015.9545,2001.3,2006.1175,5.977298791,22.0,2012.867193
2026-02-10 13:00:00+00:00,2005.6985,2025.742,1998.7135,2022.0335,0.064874743,11.0,2012.278416
2026-02-10 14:00:00+00:00,2020.4365,2068.455,1990.0935,2009.135,7.356434831,21.0,2010.920277
2026-02-10 15:00:00+00:00,2007.705,2028.72,2002.56,2021.362,9.02172754,11.0,2021.210833
2026-02-10 16:00:00+00:00,2020.1055,2036.25,2011.3315,2024.825,1.246886833,14.0,2025.712984
2026-02-10 17:00:00+00:00,2024.265,2045.3,2019.45,2039.2,0.086056864,7.0,2031.489225
2026-02-10 18:00:00+00:00,2039.95,2041.232,1995.3485,2008.435,1.38332597,11.0,2018.711532
2026-02-10 19:00:00+00:00,2009.35,2023.735,2003.5335,2016.775,0.109015196,3.0,2018.623028
2026-02-10 20:00:00+00:00,2015.925,2020.4,2003.445,2010.257,1.122929791,7.0,2017.643398
2026-02-10 21:00:00+00:00,2011.179,2016.316,1996.86,2006.564,0.144098585,1.0,2010.47
2026-02-10 22:00:00+00:00,2007.965,2018.7765,2005.96,2016.2465,0.972900342,7.0,2013.722269
2026-02-10 23:00:00+00:00,2014.567,2021.29,2011.9905,2021.29,0.21313077,3.0,2014.786897
2026-02-11 00:00:00+00:00,2020.414,2028.2,2018.21,2024.355,0.662087021,6.0,2022.28809
2026-02-11 01:00:00+00:00,2025.49,2029.185,2016.044,2023.405,0.232276682,4.0,2024.324478
2026-02-11 02:00:00+00:00,2023.5115,2030.262,2013.2,2015.1,1.373615462,4.0,2029.209763
2026-02-11 03:00:00+00:00,2016.87,2020.5,1996.995,2008.5245,2.432529312,4.0,2011.830739
2026-02-11 04:00:00+00:00,2006.9245,2061.665,1963.280788177,1970.4395,17.561177723,19.0,1972.094012
2026-02-11 05:00:00+00:00,1972.175,1979.9025,1970.436,1973.271,0.078217661,3.0,1976.892796
2026-02-11 06:00:00+00:00,1974.0955,2036.665,1938.46,1947.325,15.665308838,15.0,1950.244406
2026-02-11 07:00:00+00:00,1948.2,1957.1245,1943.8,1950.47,0.514895189,13.0,1952.114547
2026-02-11 08:00:00+00:00,1949.395,1952.4845,1937.12,1949.018,10.686361061,26.0,1940.124546
2026-02-11 09:00:00+00:00,1949.84,1953.404,1942.465,1946.1425,5.215354471,25.0,1952.188058
2026-02-11 10:00:00+00:00,1944.825,1946.03,1931.055,1937.814,3.227327866,28.0,1933.546295
2026-02-11 11:00:00+00:00,1936.35,1954.87,1936.35,1952.7205,0.39109005,19.0,1947.769395
2026-02-11 12:00:00+00:00,1953.72,1965.5975,1948.025,1951.6,0.291873912,63.0,1957.353791
2026-02-11 13:00:00+00:00,1949.78,2041.08,1942.53,1959.715,1.040050341,22.0,1950.462527
2026-02-11 14:00:00+00:00,1960.325,2047.43,1937.589,1942.4775,2.977670482,70.0,1973.436623
2026-02-11 15:00:00+00:00,1941.8205,1948.95,1902.99,1928.45,6.972881749,33.0,1920.487429
2026-02-11 16:00:00+00:00,1929.3,1955.175,1910.835,1914.428,6.904460356,11.0,1922.997448
2026-02-11 17:00:00+00:00,1913.135,1940.695,1908.607,1929.211,5.278545061,15.0,1925.276222
2026-02-11 18:00:00+00:00,1928.5605,1947.085,1914.39,1942.375,1.822096892,12.0,1934.826889
2026-02-11 19:00:00+00:00,1943.665,1957.507,1936.966,1950.6825,1.194481208,14.0,1950.806383
2026-02-11 20:00:00+00:00,1950.172,1957.384,1939.5705,1952.25,0.517839081,14.0,1945.653184
2026-02-11 21:00:00+00:00,1952.928,1985.8,1949.3,1969.1755,1.972824838,7.0,1969.259733
2026-02-11 22:00:00+00:00,1968.1,1971.571,1947.46,1950.361,3.676124362,7.0,1949.832422
2026-02-11 23:00:00+00:00,1949.298,1954.935,1931.395,1940.73,11.031106757,15.0,1935.665817
2026-02-12 00:00:00+00:00,1941.66,1961.97,1939.0,1957.8715,0.321937499,18.0,1951.196935
2026-02-12 01:00:00+00:00,1958.859,1975.686,1958.859,1964.933,0.033575841,6.0,1967.631275
2026-02-12 02:00:00+00:00,1963.797,1969.693,1955.13,1956.5225,0.120346025,5.0,1962.24107
2026-02-12 03:00:00+00:00,1955.3535,1967.1845,1955.3535,1967.1845,0.002357,1.0,1965.1
2026-02-12 04:00:00+00:00,1965.925,1973.621,1958.895,1964.75,0.200557488,7.0,1967.465663
2026-02-12 05:00:00+00:00,1963.65,1970.351,1951.605,1968.7645,0.061699,3.0,1967.140901
2026-02-12 06:00:00+00:00,1967.7065,1980.99,1964.591,1972.845,0.655439179,9.0,1972.758576
2026-02-12 07:00:00+00:00,1971.966,1976.807,1965.02,1967.766,0.013897825,5.0,1968.731221
2026-02-12 08:00:00+00:00,1968.38,1972.45,1956.208,1963.85,0.023036,5.0,1963.292246
2026-02-12 09:00:00+00:00,1963.535,1988.565,1962.6135,1981.165,3.929454627,7.0,1975.269156
2026-02-12 10:00:00+00:00,1980.4815,1994.116,1976.8,1993.1125,1.990510029,8.0,1986.533237
2026-02-12 11:00:00+00:00,1992.13,2017.5639518885,1983.05,1988.69,2.162980612,10.0,1991.302778
2026-02-12 12:00:00+00:00,1987.485,1989.71,1974.39,1980.1955,1.296492121,6.0,1980.476691
2026-02-12 13:00:00+00:00,1978.7495,1995.41,1974.44,1993.15,0.491077553,7.0,1982.315867
2026-02-12 14:00:00+00:00,1994.4725,1994.4725,1972.48,1977.85,0.276472184,4.0,1981.677936
2026-02-12 15:00:00+00:00,1978.65,1984.03,1944.5365,1948.073,0.176465403,8.0,1963.211589
2026-02-12 16:00:00+00:00,1948.825,1948.85,1897.2708620685,1908.285,10.623892413,26.0,1909.081313
2026-02-12 17:00:00+00:00,1907.25,1925.7625,1902.085,1909.02,3.106443917,16.0,1911.441385
2026-02-12 18:00:00+00:00,1909.8925,1923.913,1900.595,1917.6115,0.376763653,8.0,1918.309814
2026-02-12 19:00:00+00:00,1918.697,1938.675,1911.5,1923.501,2.043349639,5.0,1912.837304
2026-02-12 20:00:00+00:00,1924.505,1930.3425,1907.8,1913.877,5.656768044,9.0,1911.572911
2026-02-12 21:00:00+00:00,1914.836,1925.54,1912.335,1921.0505,0.251238721,1.0,1921.85
2026-02-12 22:00:00+00:00,1922.4,1944.736,1918.65,1941.29,0.141577936,6.0,1924.19801
2026-02-12 23:00:00+00:00,1939.971,1950.635,1937.395,1945.826,0.49537015,6.0,1943.726847
2026-02-13 00:00:00+00:00,1944.78,1952.47,1926.285,1931.84,0.106936,4.0,1936.537791
2026-02-13 01:00:00+00:00,1932.95,1948.3295,1932.95,1941.139,0.419948401,6.0,1941.107468
2026-02-13 02:00:00+00:00,1942.475,1950.143,1939.915,1947.045,0.056190968,3.0,1946.861897
2026-02-13 03:00:00+00:00,1948.3815,1956.08,1942.893,1951.5615,0.123424978,15.0,1951.058481
2026-02-13 04:00:00+00:00,1952.504,1953.851,1942.097,1943.378,0.064431587,2.0,1951.624046
2026-02-13 05:00:00+00:00,1943.8,1946.052,1932.14,1932.14,0.05958025,3.0,1944.13163
2026-02-13 06:00:00+00:00,1933.435,1937.232,1923.5965,1935.15,0.879378742,12.0,1934.637157
2026-02-13 07:00:00+00:00,1935.96,1947.016,1931.48,1934.634,1.924366881,5.0,1935.43531
2026-02-13 08:00:00+00:00,1934.0295,1961.7515,1932.755,1957.48,0.016559,3.0,1954.261325
2026-02-13 09:00:00+00:00,1956.615,1964.585,1951.689,1960.3,0.412882914,3.0,1961.536898
2026-02-13 10:00:00+00:00,1961.484,1967.2745,1955.75,1957.65,0.04273,1.0,1959.7
2026-02-13 11:00:00+00:00,1956.847,1959.844,1945.004,1958.395,0.178499387,4.0,1957.557798
2026-02-13 12:00:00+00:00,1957.1865,1962.765,1951.1085,1959.29,0.030562779,3.0,1958.586871
2026-02-13 13:00:00+00:00,1960.2095,1979.46,1954.1385,1968.445,0.367405167,5.0,1972.418658
2026-02-13 14:00:00+00:00,1969.49,1999.96,1961.8885,1989.317,0.53010803,10.0,1981.366613
2026-02-13 15:00:00+00:00,1990.4835,2049.485,1985.3715,2033.45,0.581843164,11.0,2006.452136
2026-02-13 16:00:00+00:00,2034.555,2071.385,2030.8825,2059.42,0.151647791,16.0,2054.405465
2026-02-13 17:00:00+00:00,2059.272,2066.5,2048.415,2058.365,0.069174634,7.0,2060.089662
2026-02-13 18:00:00+00:00,2058.761,2062.784,2050.2245,2056.09,1.382051459,7.0,2052.949092
2026-02-13 19:00:00+00:00,2057.45,2060.71,2051.6205,2056.924,0.849464686,7.0,2057.744648
2026-02-13 20:00:00+00:00,2056.173,2058.35,2038.75,2045.17,0.416523968,7.0,2051.318805
2026-02-13 21:00:00+00:00,2044.235,2057.15,2044.235,2052.3215,0.116924149,2.0,2047.038775
2026-02-13 22:00:00+00:00,2053.512,2058.0,2044.56,2053.2,0.021482042,3.0,2050.861782
2026-02-13 23:00:00+00:00,2052.1505,2052.984,2045.4595,2047.0745,0.020066,1.0,2045.9
2026-02-14 00:00:00+00:00,2046.5,2055.5,2041.93,2054.3,0.038501586,3.0,2048.958936
2026-02-14 01:00:00+00:00,2053.3,2056.375,2050.1705,2052.96,0.048265,5.0,2053.367459
2026-02-14 02:00:00+00:00,2051.687,2052.9615,2047.208,2048.355,0.0,0.0,2051.1935
2026-02-14 03:00:00+00:00,2049.55,2055.3655,2047.467,2052.6805,0.027233414,4.0,2049.662056
2026-02-14 04:00:00+00:00,2052.225,2056.9,2051.39,2052.6875,1.033532,7.0,2055.762
2026-02-14 05:00:00+00:00,2051.141,2055.36,2050.25,2050.775,0.005522,3.0,2053.203431
2026-02-14 06:00:00+00:00,2049.9,2053.461,2048.0545,2052.178,0.121049163,5.0,2052.138007
2026-02-14 07:00:00+00:00,2053.3,2058.965,2050.08,2056.2495,0.049499712,9.0,2054.512301
2026-02-14 08:00:00+00:00,2057.542,2086.0965,2000.2216748765,2081.1,0.285073064,11.0,2072.442051
2026-02-14 09:00:00+00:00,2082.676,2087.1635,2075.64,2078.3455,0.147830315,5.0,2079.736855
2026-02-14 10:00:00+00:00,2077.3485,2077.3485,2071.7,2076.42,0.810356353,5.0,2074.679829
2026-02-14 11:00:00+00:00,2077.45,2106.197,2077.45,2097.191,2.886568731,7.0,2100.342265
2026-02-14 12:00:00+00:00,2098.355,2098.355,2067.6,2069.4,0.198087341,10.0,2085.147501
2026-02-14 13:00:00+00:00,2068.899,2075.36,2064.62,2069.716,0.091919687,6.0,2071.066606
2026-02-14 14:00:00+00:00,2071.262,2088.15,2069.65,2084.0925,0.088602469,5.0,2071.712893
2026-02-14 15:00:00+00:00,2083.7095,2092.933,2080.99,2086.935,0.17428517,8.0,2087.039874
2026-02-14 16:00:00+00:00,2088.3,2088.3,2067.692,2081.835,0.061072221,5.0,2078.036113
2026-02-14 17:00:00+00:00,2081.4035,2088.5665,2076.825,2078.71,2.421967143,7.0,2079.420706
2026-02-14 18:00:00+00:00,2077.95,2086.039,2077.95,2083.575,0.076096124,7.0,2082.918187
2026-02-14 19:00:00+00:00,2084.715,2089.599,2077.9355,2086.8,0.394208208,6.0,2086.961762
2026-02-14 20:00:00+00:00,2087.7425,2090.8015,2080.675,2088.55,0.0,0.0,2087.7425
2026-02-14 21:00:00+00:00,2089.85,2097.25,2077.6435,2083.884,0.04441166,8.0,2082.099279
2026-02-14 22:00:00+00:00,2084.8615,2092.745,2083.1245,2089.695,11.013238708,4.0,2091.366799
2026-02-14 23:00:00+00:00,2088.5335,2091.25,2082.8195,2084.76,0.065377215,6.0,2087.551249
2026-02-15 00:00:00+00:00,2085.8265,2088.07,2072.8,2078.5,0.019993391,8.0,2080.345189
2026-02-15 01:00:00+00:00,2079.24,2084.03,2053.05,2062.76,0.073231729,13.0,2064.709746
2026-02-15 02:00:00+00:00,2063.75,2070.4695,2045.917,2059.5555,0.096441206,7.0,2057.984215
2026-02-15 03:00:00+00:00,2060.395,2062.3625,2035.662,2058.485,0.070386183,14.0,2046.66711
2026-02-15 04:00:00+00:00,2059.341,2086.7185,2059.2595,2076.4,0.047074503,5.0,2076.092279
2026-02-15 05:00:00+00:00,2074.81205,2095.31,2074.81205,2088.1,3.077885926,6.0,2091.295133
2026-02-15 06:00:00+00:00,2087.55,2093.2285,2082.47,2085.4,0.115544064,3.0,2086.661884
2026-02-15 07:00:00+00:00,2084.31,2101.4,2082.272,2090.56,2.414071091,5.0,2085.857047
2026-02-15 08:00:00+00:00,2091.7945,2095.52,2055.7855,2068.4115,0.159152388,10.0,2073.399112
2026-02-15 09:00:00+00:00,2067.565,2076.89,2066.455,2067.8,0.011154772,4.0,2073.480876
2026-02-15 10:00:00+00:00,2067.2,2068.835,2054.3755,2060.3645,0.087896144,13.0,2061.696852
2026-02-15 11:00:00+00:00,2061.65,2066.035,2058.1885,2060.394,0.106788252,5.0,2063.47751
2026-02-15 12:00:00+00:00,2061.28,2067.205,2009.81,2009.81,0.640195063,11.0,2040.478597
2026-02-15 13:00:00+00:00,2011.17,2026.327,1994.2075,2001.267,3.310960535,7.0,2009.48264
2026-02-15 14:00:00+00:00,2002.325,2011.5,1993.25,2009.3,4.521105941,14.0,2000.519793
2026-02-15 15:00:00+00:00,2010.305,2014.602,2002.75,2010.2685,0.145805685,7.0,2007.365288
2026-02-15 16:00:00+00:00,2009.4715,2010.343,1994.0555,2006.1,1.047742266,5.0,2006.1894
2026-02-15 17:00:00+00:00,2007.0,2062.0116748765,1956.72,1970.9605,1.546725016,21.0,1969.67465
2026-02-15 18:00:00+00:00,1970.15,1979.882,1953.3655,1958.0005,0.033175718,4.0,1958.17137
2026-02-15 19:00:00+00:00,1957.1,1959.97,1928.05,1941.25,0.477357398,12.0,1944.990927
2026-02-15 20:00:00+00:00,1940.3245,1956.7125,1933.545,1948.733,0.565038922,10.0,1946.429236
2026-02-15 21:00:00+00:00,1949.5955,1962.9,1949.5955,1957.1685,0.114198198,6.0,1959.580574
2026-02-15 22:00:00+00:00,1956.6,1972.75,1956.27,1968.765,0.089944214,7.0,1965.93458
2026-02-15 23:00:00+00:00,1967.9,1967.9,1944.395,1964.85,0.034820533,3.0,1960.6473
2026-02-16 00:00:00+00:00,1963.93,1977.269,1962.7,1967.925,0.190867411,11.0,1968.919301
2026-02-16 01:00:00+00:00,1967.0,1979.87,1956.0765,1962.83,0.021051317,2.0,1976.995375
2026-02-16 02:00:00+00:00,1961.682,1966.012,1953.046839,1956.196,0.11193373,6.0,1958.940387
2026-02-16 03:00:00+00:00,1956.965,1959.06,1948.2,1957.44,0.068273496,8.0,1957.461073
2026-02-16 04:00:00+00:00,1958.19,1972.57,1958.19,1972.57,0.05893577,3.0,1963.410878
2026-02-16 05:00:00+00:00,1973.244,1973.244,1952.265,1957.55,0.500696049,3.0,1958.042628
2026-02-16 06:00:00+00:00,1956.3665,1966.1,1955.073,1965.845,0.024751914,2.0,1962.718241
2026-02-16 07:00:00+00:00,1965.0,1977.4,1964.191,1970.413,0.244934986,8.0,1969.55824
2026-02-16 08:00:00+00:00,1971.1975,1977.061,1969.53,1976.0145,0.09455572,7.0,1972.798449
2026-02-16 09:00:00+00:00,1974.903,1992.45,1974.903,1986.742,0.06311347,6.0,1984.486918
2026-02-16 10:00:00+00:00,1985.555,1987.53,1976.685,1978.2155,0.025142236,4.0,1984.013874
2026-02-16 11:00:00+00:00,1979.05,1981.8635,1956.74,1975.1555,7.441833477,11.0,1971.176491
2026-02-16 12:00:00+00:00,1976.6105,2007.7235,1972.4,2004.9595,2.256276391,34.0,1995.957869
2026-02-16 13:00:00+00:00,2006.0755,2022.1,1960.12,1966.8015,0.781828507,37.0,2006.223188
2026-02-16 14:00:00+00:00,1967.6105,1977.22,1954.84,1971.687,0.667303223,16.0,1971.49173
2026-02-16 15:00:00+00:00,1972.56,2037.3811330045,1937.54,1955.871,1.255231186,21.0,1962.571113
2026-02-16 16:00:00+00:00,1955.064,1978.8,1955.064,1972.102,0.34806102,15.0,1969.395286
2026-02-16 17:00:00+00:00,1973.3735,1986.9665,1963.539,1978.1145,0.478091962,14.0,1978.749837
2026-02-16 18:00:00+00:00,1979.333,1984.474,1966.859,1967.8585,1.75263651,6.0,1975.578978
2026-02-16 19:00:00+00:00,1969.25,1978.314,1965.37,1973.4685,0.685456546,7.0,1968.596735
2026-02-16 20:00:00+00:00,1974.3,1993.0,1970.69,1992.99,2.089617538,8.0,1975.730215
2026-02-16 21:00:00+00:00,1992.242,2003.06,1985.7685,1998.3185,1.567302502,5.0,1987.47775
2026-02-16 22:00:00+00:00,1997.1655,2001.465,1984.85,1990.4635,0.512745825,5.0,1990.949393
2026-02-16 23:00:00+00:00,1988.755,2001.4965,1988.25,1997.275,0.08175,5.0,1992.129472
2026-02-17 00:00:00+00:00,1998.585,2004.57,1993.0555,1997.193,0.928955908,6.0,2001.036308
2026-02-17 01:00:00+00:00,1998.3855,2006.55,1991.061,1991.365,0.315331783,6.0,1995.907208
2026-02-17 02:00:00+00:00,1990.2045,2007.35,1979.57,1998.487,0.041900441,7.0,2003.229755
2026-02-17 03:00:00+00:00,1997.65,1997.65,1983.899,1985.1245,0.379728789,5.0,1992.792049
2026-02-17 04:00:00+00:00,1984.2305,1996.8,1981.385,1988.25,0.131524879,11.0,1992.155515
2026-02-17 05:00:00+00:00,1989.525,1989.525,1965.0875,1973.965,0.139127553,10.0,1973.413352
2026-02-17 06:00:00+00:00,1975.3,1983.95,1975.019,1980.105,1.061897468,11.0,1979.26448
2026-02-17 07:00:00+00:00,1978.785,1987.16,1972.75,1985.239,0.068350624,12.0,1981.552721
2026-02-17 08:00:00+00:00,1986.0265,1990.0,1973.224,1976.235,2.588124834,15.0,1978.46032
2026-02-17 09:00:00+00:00,1977.35,1978.7,1969.1045,1974.0205,0.025682536,3.0,1972.183798
2026-02-17 10:00:00+00:00,1975.3155,1976.65,1960.3405,1964.85,2.358562681,9.0,1965.077541
2026-02-17 11:00:00+00:00,1966.09,1970.705,1962.99,1967.015,0.179622373,12.0,1966.785751
2026-02-17 12:00:00+00:00,1968.0,1975.172,1965.7,1967.6665,0.155475513,10.0,1971.744483
2026-02-17 13:00:00+00:00,1969.015,1997.7855,1964.1785,1989.2595,1.065867784,18.0,1983.879119
2026-02-17 14:00:00+00:00,1990.1705,2037.3811330045,1943.55,1947.5905,0.575286497,28.0,1974.10452
2026-02-17 15:00:00+00:00,1948.727,1968.3855,1940.9945,1967.15,3.302516148,20.0,1950.87346
2026-02-17 16:00:00+00:00,1968.71,2009.31,1966.866,1979.37,0.897965735,28.0,1984.373913
2026-02-17 17:00:00+00:00,1977.923,1982.7925,1953.205,1965.99,0.246847558,10.0,1965.19453
2026-02-17 18:00:00+00:00,1964.1955,2005.6225,1960.5485,1998.2985,5.690322995,12.0,1998.237126
2026-02-17 19:00:00+00:00,1999.63,2014.53,1994.1,1997.1835,0.441876341,8.0,2008.338989
2026-02-17 20:00:00+00:00,1995.9475,2000.583,1987.85,1994.4755,0.733840952,4.0,1992.781444
2026-02-17 21:00:00+00:00,1993.475,2001.2465,1992.241,1999.3665,0.103009011,7.0,1997.425069
2026-02-17 22:00:00+00:00,1998.7,2002.9395,1992.35,1993.7755,0.00992,1.0,1998.93
2026-02-17 23:00:00+00:00,1992.213,1998.18,1989.196,1990.285,0.03211,4.0,1992.105847
2026-02-18 00:00:00+00:00,1991.125,1996.91,1980.88,1980.88,0.053250957,5.0,1990.208718
2026-02-18 01:00:00+00:00,1979.85,1982.71,1968.102,1976.975,0.060040155,10.0,1977.669628
2026-02-18 02:00:00+00:00,1977.51,1991.712,1977.51,1986.733,0.076784837,6.0,1986.946694
2026-02-18 03:00:00+00:00,1987.66,1999.119,1985.29,1996.95,0.041379625,6.0,1991.012264
2026-02-18 04:00:00+00:00,1997.379,2001.3045,1992.16,1997.3865,0.145490414,11.0,1995.387025
2026-02-18 05:00:00+00:00,1998.651,2001.95,1995.023,1995.6,3.606741599,13.0,1998.10812
2026-02-18 06:00:00+00:00,1996.3,2007.15,1995.551,2001.55,0.320950476,10.0,1999.360863
2026-02-18 07:00:00+00:00,2002.36,2021.695,1995.85,2017.5875,0.132240454,17.0,2011.000696
2026-02-18 08:00:00+00:00,2018.485,2037.2915,2015.83,2020.376,0.447183024,19.0,2023.236207
2026-02-18 09:00:00+00:00,2019.33,2022.6,2015.7585,2015.7585,1.92992786,9.0,2020.693592
2026-02-18 10:00:00+00:00,2014.42,2016.95,1994.596,1995.55,0.806187372,10.0,2010.406318
2026-02-18 11:00:00+00:00,1997.2365,1997.2365,1976.23,1981.3,0.098267207,9.0,1983.815272
2026-02-18 12:00:00+00:00,1980.35,1988.277,1971.3085,1981.595,0.643177024,8.0,1981.538746
2026-02-18 13:00:00+00:00,1982.85,1990.245,1960.8,1970.385,1.681338591,12.0,1966.426131
2026-02-18 14:00:00+00:00,1970.666,1974.815,1953.98,1973.62,1.321791414,13.0,1967.706493
2026-02-18 15:00:00+00:00,1974.2,2008.71,1974.2,1984.48,0.367100421,11.0,1984.21684
2026-02-18 16:00:00+00:00,1983.2525,1984.275,1964.435,1971.0425,0.686300473,9.0,1971.719875
2026-02-18 17:00:00+00:00,1970.0735,1986.52,1970.0735,1972.6,0.221823286,7.0,1974.837417
2026-02-18 18:00:00+00:00,1973.7765,2001.20027006,1948.77,1951.765,1.675828959,10.0,1960.050194
2026-02-18 19:00:00+00:00,1950.7885,2001.20027006,1923.345,1940.6665,5.149502892,8.0,1937.648316
2026-02-18 20:00:00+00:00,1939.5,1951.95,1935.15,1938.795,0.412459732,9.0,1945.040171
2026-02-18 21:00:00+00:00,1939.157,1947.36,1935.05,1940.975,0.273255635,2.0,1943.701724
2026-02-18 22:00:00+00:00,1942.542,1949.175,1939.112,1947.35,0.0,0.0,1942.542
2026-02-18 23:00:00+00:00,1947.834,1955.856,1944.0955,1955.2545,0.051319952,8.0,1948.187937
2026-02-19 00:00:00+00:00,1953.8,1959.28,1949.7,1955.275,0.201096953,8.0,1955.398621
2026-02-19 01:00:00+00:00,1956.3145,2001.20027006,1932.9157990795,1965.6785,0.357573198,17.0,1961.904484
2026-02-19 02:00:00+00:00,1966.717,2001.20027006,1944.3991330045,1967.11,0.173784453,87.0,1967.356133
2026-02-19 03:00:00+00:00,1966.0045,2001.20027006,1944.3991330045,1971.335,0.555393576,28.0,1963.929852
2026-02-19 04:00:00+00:00,1970.6565,1977.605,1968.884,1968.884,0.156540899,5.0,1974.949367
2026-02-19 05:00:00+00:00,1968.2755,1971.6805,1964.208,1969.7355,1.008494408,2.0,1969.156819
2026-02-19 06:00:00+00:00,1968.871,1984.11,1968.871,1982.3,0.517136135,9.0,1974.425498
2026-02-19 07:00:00+00:00,1983.4265,1986.39,1978.5725,1979.968,0.062408259,4.0,1981.525301
2026-02-19 08:00:00+00:00,1979.8405,1981.925,1965.454,1969.419,0.026781,1.0,1979.5
2026-02-19 09:00:00+00:00,1970.06,1978.781,1961.59,1962.643,0.158624436,6.0,1976.72551
2026-02-19 10:00:00+00:00,1962.292,1968.014,1956.8565,1958.7675,2.791326076,6.0,1963.725877
2026-02-19 11:00:00+00:00,1957.187,1963.83,1948.1225,1948.1225,0.244458163,7.0,1957.441602
2026-02-19 12:00:00+00:00,1949.3,1955.13,1944.056,1946.785,0.131269959,9.0,1951.41842
2026-02-19 13:00:00+00:00,1946.119,1946.925,1911.63,1920.832,0.68268496,12.0,1921.102089
2026-02-19 14:00:00+00:00,1921.37,1947.3315,1912.755,1935.73,0.631193893,13.0,1928.024172
2026-02-19 15:00:00+00:00,1936.485,1946.3955,1912.576,1926.14,2.55041059,15.0,1922.75395
2026-02-19 16:00:00+00:00,1924.75,1929.2985,1905.813,1921.492,1.796748887,14.0,1916.267434
2026-02-19 17:00:00+00:00,1922.2,1942.94,1910.33,1920.0875,0.219595224,5.0,1921.92066
2026-02-19 18:00:00+00:00,1919.28,1943.9365,1915.8,1938.9545,0.622679673,9.0,1923.608996
2026-02-19 19:00:00+00:00,1938.111,1946.47975,1926.9905,1939.955,0.870040249,8.0,1930.636066
2026-02-19 20:00:00+00:00,1940.847,1951.565,1934.725,1949.5855,0.008641,1.0,1941.0
2026-02-19 21:00:00+00:00,1948.5,1951.605,1945.277,1947.31,0.049511708,1.0,1950.42
2026-02-19 22:00:00+00:00,1946.5055,1947.6495,1936.2605,1943.24,0.06259475,3.0,1938.910233
2026-02-19 23:00:00+00:00,1944.61,1950.3255,1941.8255,1947.99,0.04055769,3.0,1948.994615
2026-02-20 00:00:00+00:00,1946.735,1963.095,1946.39,1957.2,0.0025,1.0,1960.5
2026-02-20 01:00:00+00:00,1956.4085,1960.3745,1949.95,1952.95,0.048302046,5.0,1956.128377
2026-02-20 02:00:00+00:00,1952.199,1956.145,1947.355,1949.013,0.063404964,5.0,1952.452857
2026-02-20 03:00:00+00:00,1950.4825,1959.95,1949.233,1953.058,0.056685678,4.0,1950.646806
2026-02-20 04:00:00+00:00,1954.639,1954.639,1931.5555,1938.6455,0.248192839,7.0,1939.988227
2026-02-20 05:00:00+00:00,1939.5,1964.82,1936.3,1954.32,0.406416556,6.0,1956.57988
2026-02-20 06:00:00+00:00,1955.554,1959.34,1949.843,1957.7105,0.375313608,7.0,1958.956267
2026-02-20 07:00:00+00:00,1959.145,1967.813,1956.15,1960.7185,0.168444082,4.0,1959.088683
2026-02-20 08:00:00+00:00,1961.112,1964.867,1956.735,1959.7375,0.269853506,6.0,1963.004435
2026-02-20 09:00:00+00:00,1960.0,1970.8645,1960.0,1967.975,0.014777,4.0,1967.47882
2026-02-20 10:00:00+00:00,1966.325,1972.915,1955.6,1956.376,0.224693037,4.0,1958.454041
2026-02-20 11:00:00+00:00,1955.0555,1955.8185,1939.9625,1942.8955,0.014655,4.0,1949.278999
2026-02-20 12:00:00+00:00,1944.675,1951.085,1942.1785,1948.3005,0.168606,5.0,1945.774904
2026-02-20 13:00:00+00:00,1948.445,1948.445,1922.95,1933.545,0.077672563,8.0,1933.81959
2026-02-20 14:00:00+00:00,1932.8225,1954.145,1932.8225,1942.485,0.726228923,16.0,1944.355325
2026-02-20 15:00:00+00:00,1943.34,2112.322994923,1935.1815,1963.321,9.430959332,14.0,1951.502264
2026-02-20 16:00:00+00:00,1962.636,1972.325,1953.505,1968.4,1.280233201,12.0,1962.335342
2026-02-20 17:00:00+00:00,1968.02,1969.985,1939.015,1966.454,0.431594668,7.0,1957.509818
2026-02-20 18:00:00+00:00,1964.925,1980.43,1959.585,1975.55,0.034319168,6.0,1969.303501
2026-02-20 19:00:00+00:00,1977.0035,1977.825,1961.048,1963.315,0.085886384,4.0,1967.627022
2026-02-20 20:00:00+00:00,1962.36,1970.188,1961.845,1970.127,0.14674915,5.0,1966.118562
2026-02-20 21:00:00+00:00,1969.011,1974.235,1966.84,1973.2,0.05564657,4.0,1972.163941
2026-02-20 22:00:00+00:00,1973.105,1973.105,1963.5,1971.279,0.058294295,2.0,1970.138384
2026-02-20 23:00:00+00:00,1970.6605,1972.8,1962.95,1968.183,0.126266872,7.0,1968.292739
2026-02-21 00:00:00+00:00,1968.956,1968.956,1961.15,1962.55,0.059695,4.0,1968.127173
2026-02-21 01:00:00+00:00,1963.836,1967.84,1962.358,1965.03,0.067899,3.0,1964.921286
2026-02-21 02:00:00+00:00,1965.879,1969.89,1964.245,1965.197,0.009784,2.0,1968.774765
2026-02-21 03:00:00+00:00,1964.812,1965.045,1956.05,1958.2585,0.229436758,5.0,1957.269373
2026-02-21 04:00:00+00:00,1957.5,1962.2,1955.8,1961.612,0.029856615,4.0,1957.417052
2026-02-21 05:00:00+00:00,1961.6845,1964.466,1960.177,1961.97,0.036401,7.0,1961.85469
2026-02-21 06:00:00+00:00,1961.945,1965.42,1959.873,1960.8205,0.009627,3.0,1963.232954
2026-02-21 07:00:00+00:00,1960.9325,1964.52,1959.8385,1961.86,0.151842237,6.0,1963.072645
2026-02-21 08:00:00+00:00,1962.1505,1970.9405,1961.646,1968.6865,0.012776,1.0,1962.732
2026-02-21 09:00:00+00:00,1968.0495,1976.7465,1967.0355,1969.7945,0.118602524,1.0,1976.043
2026-02-21 10:00:00+00:00,1970.99,1975.178,1970.25,1973.01,0.014316,3.0,1973.983652
2026-02-21 11:00:00+00:00,1973.8985,1987.593,1973.8985,1976.967,0.074446316,5.0,1981.911178
2026-02-21 12:00:00+00:00,1977.677,1977.677,1968.993,1975.8,0.134421939,3.0,1975.517721
2026-02-21 13:00:00+00:00,1974.6525,1981.22,1972.46,1980.7025,0.031715,6.0,1978.633999
2026-02-21 14:00:00+00:00,1979.805,1994.235,1965.0911330045,1987.451,1.811684838,10.0,1986.249719
2026-02-21 15:00:00+00:00,1988.9625,1992.464,1983.2845,1988.65,0.004988901,2.0,1989.649887
2026-02-21 16:00:00+00:00,1987.736,1989.7,1976.214,1985.2015,2.22015034,6.0,1983.00252
2026-02-21 17:00:00+00:00,1986.38,1991.45,1984.52,1988.1225,0.188458176,5.0,1989.283862
2026-02-21 18:00:00+00:00,1988.35,1995.7,1986.73,1991.9,0.296766867,10.0,1992.42707
2026-02-21 19:00:00+00:00,1990.45,1993.069,1987.5,1987.7785,0.038028,3.0,1988.423568
2026-02-21 20:00:00+00:00,1988.0,1990.09,1965.0911330045,1974.8255,0.015461167,3.0,1986.15681
2026-02-21 21:00:00+00:00,1975.6025,1982.4,1970.22,1981.88,1.62582875,5.0,1976.188576
2026-02-21 22:00:00+00:00,1981.68,1981.885,1971.7905,1974.425,0.0068,2.0,1974.807308
2026-02-21 23:00:00+00:00,1973.41,1976.62,1971.529,1974.19,0.143162,2.0,1971.589761
2026-02-22 00:00:00+00:00,1972.52,1974.41,1967.8135,1971.711,0.071836316,4.0,1971.09417
2026-02-22 01:00:00+00:00,1973.05,1979.1115,1971.867,1976.6395,1.05778612,5.0,1974.263545
2026-02-22 02:00:00+00:00,1975.49,1981.23,1971.78,1972.16,0.035885,5.0,1977.522926
2026-02-22 03:00:00+00:00,1972.6625,1975.5,1966.9235,1973.34,0.008447,2.0,1972.640247
2026-02-22 04:00:00+00:00,1974.7,1975.23,1970.34,1972.6865,0.006625,2.0,1972.113389
2026-02-22 05:00:00+00:00,1973.8,1975.791,1970.4515,1973.932,0.169981856,7.0,1971.83608
2026-02-22 06:00:00+00:00,1973.816,1978.63,1973.735,1975.615,0.244725905,5.0,1975.995294
2026-02-22 07:00:00+00:00,1975.96,1977.8105,1973.6,1975.66,0.070318,7.0,1975.517833
2026-02-22 08:00:00+00:00,1975.36,1976.829,1970.1075,1973.23,1.611038466,11.0,1973.556181
2026-02-22 09:00:00+00:00,1972.278,1976.4,1971.388,1975.142,0.286427087,6.0,1973.751228
2026-02-22 10:00:00+00:00,1976.0455,1979.086,1973.705,1977.52,0.158329477,10.0,1978.48932
2026-02-22 11:00:00+00:00,1978.775,1982.65,1978.761,1980.4285,0.513254456,6.0,1982.574547
2026-02-22 12:00:00+00:00,1979.215,1979.215,1962.0755,1965.655,0.071014178,4.0,1973.906927
2026-02-22 13:00:00+00:00,1966.765,1967.695,1944.905,1950.35,0.020716732,3.0,1947.673741
2026-02-22 14:00:00+00:00,1949.7615,1953.72,1943.3,1949.25,0.195586533,9.0,1949.564875
2026-02-22 15:00:00+00:00,1950.4685,1957.5695,1946.0045,1952.525,0.06702262,7.0,1951.134067
2026-02-22 16:00:00+00:00,1953.35,1954.917,1947.295,1951.575,0.108832368,4.0,1951.849036
2026-02-22 17:00:00+00:00,1952.98,1954.052,1934.676,1939.73,0.087205427,8.0,1946.700124
2026-02-22 18:00:00+00:00,1938.38,1944.5,1938.25,1942.2365,0.058066951,4.0,1943.071023
2026-02-22 19:00:00+00:00,1943.3135,1944.8545,1939.8985,1943.695,1.128120722,3.0,1943.331975
2026-02-22 20:00:00+00:00,1944.713,1944.9,1940.07,1940.07,0.094457811,2.0,1942.45862
2026-02-22 21:00:00+00:00,1941.15,1951.375,1939.8005,1949.325,1.33308779,3.0,1943.875994
2026-02-22 22:00:00+00:00,1950.3945,1960.003,1946.71,1958.4055,0.01094,3.0,1950.043528
2026-02-22 23:00:00+00:00,1957.3815,1960.439,1948.175,1957.0945,0.037328,5.0,1953.160821
2026-02-23 00:00:00+00:00,1956.23,1956.23,1928.345,1929.42,1.136155451,16.0,1941.892127
2026-02-23 01:00:00+00:00,1928.445,1973.6361651384,1847.771,1856.158,15.708093972,47.0,1874.948656
2026-02-23 02:00:00+00:00,1854.943,1867.914,1851.38,1862.963,0.613547266,17.0,1861.598503
2026-02-23 03:00:00+00:00,1863.876,1869.651,1856.1205,1862.8,4.333155446,12.0,1863.746723
2026-02-23 04:00:00+00:00,1862.275,1864.56,1853.95,1859.5525,1.060623977,6.0,1861.912836
2026-02-23 05:00:00+00:00,1860.25,1869.338,1859.7525,1865.65,11.837705212,9.0,1864.907239
2026-02-23 06:00:00+00:00,1865.5,1881.902,1865.5,1879.73,0.30556807,9.0,1877.958067
2026-02-23 07:00:00+00:00,1880.202,1888.046,1877.145,1885.0,2.188748499,12.0,1881.554994
2026-02-23 08:00:00+00:00,1884.03,1889.155,1877.004,1880.0,0.41376167,14.0,1883.584337
2026-02-23 09:00:00+00:00,1880.8215,1918.4905,1880.8215,1917.13,0.417840167,9.0,1885.107451
2026-02-23 10:00:00+00:00,1918.0,1927.6325,1912.212,1913.365,0.016568433,3.0,1919.224234
2026-02-23 11:00:00+00:00,1914.795,1919.87,1911.6055,1915.635,0.173863158,6.0,1917.638904
2026-02-23 12:00:00+00:00,1914.0525,1926.13,1905.802,1920.001,0.110302021,8.0,1916.650003
2026-02-23 13:00:00+00:00,1920.6415,1935.2645,1918.721,1921.666,3.129522802,16.0,1923.849385
2026-02-23 14:00:00+00:00,1921.15,1926.3,1894.818,1906.469,1.517105872,10.0,1919.923658
2026-02-23 15:00:00+00:00,1907.611,1912.41,1893.2045,1896.08,1.33319907,12.0,1902.077233
2026-02-23 16:00:00+00:00,1895.0,1899.226,1880.089,1884.453,2.316209053,15.0,1886.802262
2026-02-23 17:00:00+00:00,1885.5525,1888.8888888889,1837.56,1862.682,4.711186266,17.0,1870.01103
2026-02-23 18:00:00+00:00,1860.95,1873.465,1855.03,1857.95,1.514114189,13.0,1863.291877
2026-02-23 19:00:00+00:00,1858.753,1864.75,1848.0,1857.4,0.527507524,11.0,1859.737599
2026-02-23 20:00:00+00:00,1855.995,1861.9725,1846.5,1859.7,2.088378274,17.0,1855.970007
2026-02-23 21:00:00+00:00,1860.984,1869.223,1858.01,1862.575,0.638645305,19.0,1864.861419
2026-02-23 22:00:00+00:00,1863.1265,1868.595,1859.1605,1859.295,0.145458414,2.0,1867.411535
2026-02-23 23:00:00+00:00,1860.1,1867.37,1850.4975,1855.4645,0.028974,6.0,1863.840226
2026-02-24 00:00:00+00:00,1855.8805,1868.3995,1855.1545,1865.99,0.033184,4.0,1859.825411
2026-02-24 01:00:00+00:00,1865.189,1866.6255,1812.25,1840.31,35.413755265,24.0,1830.809284
2026-02-24 02:00:00+00:00,1839.6245,1853.209,1836.3054999995,1842.283,0.117973667,8.0,1843.758872
2026-02-24 03:00:00+00:00,1841.6795,1841.6795,1824.7,1830.69,3.915092204,6.0,1833.130687
2026-02-24 04:00:00+00:00,1831.051,1832.629,1813.633,1829.815,0.495041234,6.0,1821.266307
2026-02-24 05:00:00+00:00,1830.9,1838.945,1813.7385,1825.787,0.392507987,9.0,1824.608139
2026-02-24 06:00:00+00:00,1824.905,1829.96,1817.6005,1819.9215,1.820973164,10.0,1827.460295
2026-02-24 07:00:00+00:00,1820.7055,1831.11,1814.6055,1824.0,0.018819,3.0,1821.161238
2026-02-24 08:00:00+00:00,1823.4585,1835.18,1818.848,1831.35,0.155464983,11.0,1829.292413
2026-02-24 09:00:00+00:00,1832.3235,1833.8315,1814.5335,1826.485,0.485333392,10.0,1825.041579
2026-02-24 10:00:00+00:00,1826.257,1828.9945,1820.339,1826.0195,0.231057966,4.0,1825.422467
2026-02-24 11:00:00+00:00,1824.959,1826.5855,1818.663,1826.25,0.950669223,6.0,1822.503973
2026-02-24 12:00:00+00:00,1825.8,1829.1025,1820.67,1823.79,1.382585521,7.0,1825.853943
2026-02-24 13:00:00+00:00,1824.87,1844.4444444444,1803.815,1815.724,6.212373344,6.0,1819.9358
2026-02-24 14:00:00+00:00,1815.102,1849.235,1803.45,1834.4,4.700828807,20.0,1820.859173
2026-02-24 15:00:00+00:00,1835.667,1849.66,1829.3285,1847.65,1.159769711,9.0,1843.130447
2026-02-24 16:00:00+00:00,1848.7,1862.485,1838.395,1858.662,1.31168883,7.0,1850.233773
2026-02-24 17:00:00+00:00,1859.7295,1865.0375,1849.9835,1856.105,2.164529755,8.0,1856.384677
2026-02-24 18:00:00+00:00,1855.231,1860.161,1845.32,1854.6635,1.688118256,6.0,1853.360969
2026-02-24 19:00:00+00:00,1855.28,1861.778,1847.2085,1852.47,0.669750523,3.0,1851.388828
2026-02-24 20:00:00+00:00,1853.545,1861.7,1850.375,1858.385,0.002708,1.0,1852.0
2026-02-24 21:00:00+00:00,1857.9875,1857.9875,1846.182,1853.925,0.014698,3.0,1854.505251
2026-02-24 22:00:00+00:00,1853.005,1863.22,1853.005,1860.6,0.041364516,2.0,1861.079718
2026-02-24 23:00:00+00:00,1859.571,1859.996,1851.836,1851.892,0.002713,1.0,1859.15
2026-02-25 00:00:00+00:00,1850.984,1856.575,1846.462,1850.9,0.127763193,6.0,1850.46366
2026-02-25 01:00:00+00:00,1851.925,1923.347,1844.4444444444,1918.1195,1.259661983,63.0,1892.642391
2026-02-25 02:00:00+00:00,1919.3115,1936.69,1888.8888888889,1920.625,3.219426441,64.0,1923.084542
2026-02-25 03:00:00+00:00,1921.515,1922.795,1903.6005,1905.3215,3.054418588,10.0,1910.628003
2026-02-25 04:00:00+00:00,1906.85,1913.7215,1894.878,1905.84,0.061638531,6.0,1909.069297
2026-02-25 05:00:00+00:00,1905.4,1908.15,1878.2165,1887.53,0.710939265,47.0,1887.106394
2026-02-25 06:00:00+00:00,1888.1415,1895.3925,1885.485,1885.8605,0.448640042,8.0,1892.507204
2026-02-25 07:00:00+00:00,1885.903,1895.1,1882.247,1893.54,1.075506404,7.0,1894.66973
2026-02-25 08:00:00+00:00,1892.7665,1913.1155,1890.3,1909.565,0.027310273,4.0,1898.114625
2026-02-25 09:00:00+00:00,1909.37,1917.755,1907.869,1914.9,0.13579284,3.0,1911.882938
2026-02-25 10:00:00+00:00,1915.9,1922.05,1910.4065,1912.9,0.042686,3.0,1915.285908
2026-02-25 11:00:00+00:00,1911.3285,1927.522,1908.75,1925.675,1.257884257,3.0,1923.045757
2026-02-25 12:00:00+00:00,1926.404,1955.4695,1922.9,1953.171,1.387135007,62.0,1941.695651
2026-02-25 13:00:00+00:00,1954.102,1976.545,1952.074,1964.8205,0.175939748,11.0,1962.557878
2026-02-25 14:00:00+00:00,1965.6,2000.5,1962.2,1998.8,7.445649099,38.0,1978.039797
2026-02-25 15:00:00+00:00,1997.3575,2026.864,1987.891,2013.2855,8.793503021,45.0,2001.928243
2026-02-25 16:00:00+00:00,2013.93,2048.8,2013.0,2046.63,1.024435441,30.0,2033.833443
2026-02-25 17:00:00+00:00,2044.95,2084.43,2022.2222222222,2074.4605,3.480989018,42.0,2067.015384
2026-02-25 18:00:00+00:00,2073.402,2081.2725,2057.645,2074.7205,13.321972656,8.0,2071.293434
2026-02-25 19:00:00+00:00,2073.75,2074.77,2060.755,2071.4755,1.485819795,12.0,2065.877681
2026-02-25 20:00:00+00:00,2070.169,2083.5485,2059.04,2076.405,12.834431102,13.0,2066.808447
2026-02-25 21:00:00+00:00,2075.0145,2140.1785,2066.486,2099.896,15.393072304,17.0,2077.460706
2026-02-25 22:00:00+00:00,2101.118,2115.6775,2074.85,2084.2,0.444876923,16.0,2097.229504
2026-02-25 23:00:00+00:00,2083.0355,2086.778,2035.322,2056.407,0.477743319,7.0,2072.046456
2026-02-26 00:00:00+00:00,2055.39,2076.48,2047.339,2062.9015,0.379208292,9.0,2059.262991
2026-02-26 01:00:00+00:00,2061.67,2065.609,2050.3,2058.135,0.081460731,13.0,2058.108467
2026-02-26 02:00:00+00:00,2057.3175,2057.3175,2039.5075,2053.85,0.559873881,10.0,2047.670801
2026-02-26 03:00:00+00:00,2052.935,2058.5445,2047.15,2055.45,0.18037015,8.0,2054.884912
2026-02-26 04:00:00+00:00,2054.1595,2082.058,2051.696,2074.905,1.05504144,15.0,2069.340249
2026-02-26 05:00:00+00:00,2073.8915,2074.995,2056.871,2065.6905,0.150137,7.0,2066.283961
2026-02-26 06:00:00+00:00,2065.1725,2076.2,2060.062,2062.383,0.625417049,10.0,2065.783569
2026-02-26 07:00:00+00:00,2063.0485,2067.86,2052.027,2053.51,0.740228169,16.0,2064.499534
2026-02-26 08:00:00+00:00,2054.4145,2058.2035,2045.595,2053.95,0.527668675,9.0,2052.552961
2026-02-26 09:00:00+00:00,2055.085,2076.415,2052.88,2074.7105,0.498328562,5.0,2067.667328
2026-02-26 10:00:00+00:00,2075.75,2082.945,2063.003,2066.365,0.205106465,12.0,2069.859173
2026-02-26 11:00:00+00:00,2065.085,2067.185,2054.0905,2057.0995,0.057515,7.0,2057.542092
2026-02-26 12:00:00+00:00,2058.0905,2071.52,2056.2525,2070.15,0.402397783,9.0,2070.051944
2026-02-26 13:00:00+00:00,2068.81,2073.715,2062.112,2066.098,0.211223524,8.0,2070.417063
2026-02-26 14:00:00+00:00,2064.965,2076.361,2035.3555,2051.73,3.468725767,24.0,2057.004937
2026-02-26 15:00:00+00:00,2052.4985,2053.085,2012.0,2032.69,0.715301741,30.0,2024.177524
2026-02-26 16:00:00+00:00,2033.455,2037.882,1979.1795,1983.614,2.128652471,32.0,2015.061043
2026-02-26 17:00:00+00:00,1982.905,1998.4135,1982.905,1988.7,1.270645286,11.0,1992.76313
2026-02-26 18:00:00+00:00,1989.72,2008.86,1977.7777777777778,2003.94,0.868738895,51.0,1989.049595
2026-02-26 19:00:00+00:00,2005.54,2033.595,1996.3327859876,2029.855,3.041893117,52.0,2013.376439
2026-02-26 20:00:00+00:00,2030.724,2042.035,2022.4535,2023.3905,0.051868416,6.0,2031.380584
2026-02-26 21:00:00+00:00,2024.25,2034.95,2017.871,2029.805,0.103689,10.0,2029.15752
2026-02-26 22:00:00+00:00,2030.445,2037.9,2027.672,2033.45,0.057231,5.0,2035.091214
2026-02-26 23:00:00+00:00,2032.976,2032.976,2024.3905,2027.5235,3.953793459,4.0,2031.328418
2026-02-27 00:00:00+00:00,2026.3395,2030.35,2008.349,2014.89,0.191144988,6.0,2023.613425
2026-02-27 01:00:00+00:00,2014.28,2022.55,2001.7305,2021.433,0.140117995,5.0,2013.946343
2026-02-27 02:00:00+00:00,2021.613,2034.065,2019.306,2026.0,0.038949437,8.0,2028.983222
2026-02-27 03:00:00+00:00,2027.205,2048.45,2019.3275,2045.05,0.098135634,14.0,2034.56676
2026-02-27 04:00:00+00:00,2046.355,2063.1475,2041.102,2042.668,1.808968954,15.0,2051.118846
2026-02-27 05:00:00+00:00,2044.175,2049.723,2038.8275,2041.4885,0.916139677,19.0,2043.193198
2026-02-27 06:00:00+00:00,2042.577,2042.7,2028.435,2036.8485,0.10426818,6.0,2038.97328
2026-02-27 07:00:00+00:00,2035.4205,2041.0745,2023.1,2032.555,0.075010725,8.0,2030.986788
2026-02-27 08:00:00+00:00,2031.564,2044.88,2029.1425,2034.2645,1.634094398,16.0,2035.861154
2026-02-27 09:00:00+00:00,2032.6095,2042.205,2009.623,2010.88,0.114076,7.0,2029.321179
2026-02-27 10:00:00+00:00,2009.689,2013.076,1979.3,1980.85,0.921689985,16.0,1984.957909
2026-02-27 11:00:00+00:00,1979.98,1984.13,1954.405,1962.0375,1.446875544,59.0,1972.526605
2026-02-27 12:00:00+00:00,1963.297,1968.695,1949.976,1960.505,0.538268696,16.0,1960.13641
2026-02-27 13:00:00+00:00,1959.255,1977.7777777778,1939.745,1963.456,0.521592192,9.0,1959.717745
2026-02-27 14:00:00+00:00,1962.6855,1963.5875,1940.6375,1943.078,2.365551772,13.0,1954.986779
2026-02-27 15:00:00+00:00,1942.4105,1959.245,1940.65,1947.873,4.143883987,12.0,1947.380994
2026-02-27 16:00:00+00:00,1947.1755,1948.524,1924.87,1926.695,2.582513182,55.0,1936.514811
2026-02-27 17:00:00+00:00,1928.235,1933.87,1908.1,1932.525,1.630021141,14.0,1915.044231
2026-02-27 18:00:00+00:00,1931.951,1932.91,1916.846,1917.155,4.031697077,8.0,1924.31935
2026-02-27 19:00:00+00:00,1918.57,1922.4655,1912.135,1921.6,4.803642327,4.0,1916.267628
2026-02-27 20:00:00+00:00,1920.5585,1926.529,1920.5585,1922.965,0.16295213,5.0,1924.077789
2026-02-27 21:00:00+00:00,1922.056,1932.9235,1917.134,1920.91,0.336285949,18.0,1925.348862
2026-02-27 22:00:00+00:00,1921.6295,1933.3333333333,1889.955,1921.771,0.226154153,10.0,1917.978666
2026-02-27 23:00:00+00:00,1920.687,1932.382,1920.4525,1929.3485,0.890858839,9.0,1931.051846
2026-02-28 00:00:00+00:00,1928.8215,1936.535,1924.95,1932.6505,0.010399,3.0,1929.631546
2026-02-28 01:00:00+00:00,1931.9975,1935.8,1921.404,1924.99,0.104984785,3.0,1933.060267
2026-02-28 02:00:00+00:00,1923.6,1932.181,1923.01,1930.4105,0.01446,3.0,1929.272326
2026-02-28 03:00:00+00:00,1931.321,1931.321,1921.085,1924.212,0.024359,2.0,1931.180033
2026-02-28 04:00:00+00:00,1924.9775,1930.5005,1915.8775,1925.15,1.803418478,11.0,1926.239017
2026-02-28 05:00:00+00:00,1924.3,1927.745,1915.45,1920.5,0.017853,2.0,1925.513124
2026-02-28 06:00:00+00:00,1919.05,1933.3333333333,1836.9365,1843.21,3.541039939,83.0,1861.57934
2026-02-28 07:00:00+00:00,1842.41,1883.885,1835.865,1866.6745,8.209933912,29.0,1859.183888
2026-02-28 08:00:00+00:00,1865.51,1867.862,1849.171,1852.351,0.66333621,7.0,1858.477767
2026-02-28 09:00:00+00:00,1853.254,1862.515,1845.334,1855.3,12.092387725,15.0,1854.589179
2026-02-28 10:00:00+00:00,1854.3935,1867.2095,1849.5345,1865.1855,13.522191601,10.0,1859.880061
2026-02-28 11:00:00+00:00,1866.508,1880.53,1861.1932129169,1863.6525,0.976116623,8.0,1873.636316
2026-02-28 12:00:00+00:00,1864.655,1874.16,1863.15,1868.4885,3.821205621,11.0,1868.310214
2026-02-28 13:00:00+00:00,1869.485,1909.48,1865.385,1905.905,0.68287532,65.0,1885.323785
2026-02-28 14:00:00+00:00,1906.795,1913.365,1883.945,1888.105,0.14843237,9.0,1900.10402
2026-02-28 15:00:00+00:00,1889.1995,1903.591,1874.4935,1899.0455,6.336017383,8.0,1882.64408
2026-02-28 16:00:00+00:00,1898.2765,1909.65,1892.7315,1904.938,1.052873685,11.0,1900.857858
2026-02-28 17:00:00+00:00,1903.592,1910.85,1887.4,1907.635,1.044050959,7.0,1902.291065
2026-02-28 18:00:00+00:00,1907.003,1947.1015,1888.8888888889,1936.795,1.512933624,21.0,1924.939143
2026-02-28 19:00:00+00:00,1935.915,1954.2,1920.988,1948.069,8.523058629,14.0,1946.702721
2026-02-28 20:00:00+00:00,1947.101,1971.528,1939.0595,1966.0515,2.018399793,12.0,1963.697324
2026-02-28 21:00:00+00:00,1967.138,1967.5595,1945.815,1958.5,6.961986965,7.0,1948.178622
2026-02-28 22:00:00+00:00,1959.0335,1984.508,1955.759,1965.645,6.825353867,118.0,1970.527124
2026-02-28 23:00:00+00:00,1966.715,1969.972,1957.65,1964.6335,0.159035597,6.0,1965.104569
2026-03-01 00:00:00+00:00,1966.15,1969.155,1956.163,1962.65,0.01638,4.0,1960.766168
2026-03-01 01:00:00+00:00,1962.049,2021.8531111111,1944.73,2012.3,6.582353051,21.0,1961.764628
2026-03-01 02:00:00+00:00,2013.05,2054.6,1977.7777777778,2033.16,3.017174389,121.0,2031.119259
2026-03-01 03:00:00+00:00,2034.38,2038.9625,2016.8,2022.5265,0.930488,15.0,2031.9677
2026-03-01 04:00:00+00:00,2023.336,2029.8,1999.542,2016.7615,0.626599597,10.0,2009.503969
2026-03-01 05:00:00+00:00,2017.55,2022.8295,2009.1,2011.0,0.064703364,8.0,2016.73594
2026-03-01 06:00:00+00:00,2011.98,2011.98,1989.975,1998.729,0.041648223,7.0,1996.874042
2026-03-01 07:00:00+00:00,1998.101,2008.7535,1992.9515,2007.1305,0.276200578,9.0,2001.326389
2026-03-01 08:00:00+00:00,2008.19,2009.3665,1982.298,1985.629,0.094776241,10.0,1990.593981
2026-03-01 09:00:00+00:00,1986.928,1995.4665,1977.7777777777778,1980.295,1.348914513,82.0,1982.100223
2026-03-01 10:00:00+00:00,1981.235,1992.25,1973.2,1984.8995,1.637763336,11.0,1980.700416
2026-03-01 11:00:00+00:00,1985.8105,1989.1915,1981.715,1983.5195,0.034923,9.0,1985.456046
2026-03-01 12:00:00+00:00,1982.49,1988.3,1976.9245,1978.589,0.137092,8.0,1979.792494
2026-03-01 13:00:00+00:00,1979.1815,2022.2222222222222,1969.3375,2006.85,2.014892763,23.0,1997.449345
2026-03-01 14:00:00+00:00,2008.07,2026.471,1994.235,2001.6415,0.533915541,8.0,2009.075939
2026-03-01 15:00:00+00:00,2000.602,2015.805,1992.45,1992.45,0.198212918,16.0,2008.496533
2026-03-01 16:00:00+00:00,1993.81,2008.7115,1961.9785,1974.101,0.863335944,69.0,1984.929849
2026-03-01 17:00:00+00:00,1974.961,1976.1345,1953.75,1960.81,0.07427934,8.0,1967.979203
2026-03-01 18:00:00+00:00,1961.9535,1996.38,1961.9535,1975.517,0.166137272,11.0,1980.172405
2026-03-01 19:00:00+00:00,1976.15,1976.15,1948.67,1954.2,2.0361252,15.0,1952.349287
2026-03-01 20:00:00+00:00,1953.0695,1954.37,1908.2205,1914.65,0.615009313,53.0,1931.786019
2026-03-01 21:00:00+00:00,1915.8765,1932.2155,1913.413,1929.139,0.054952,4.0,1926.399814
2026-03-01 22:00:00+00:00,1930.22,1962.332,1914.995,1924.546,0.87122045,10.0,1930.655208
2026-03-01 23:00:00+00:00,1923.435,1947.445,1919.035,1938.9,5.892267856,9.0,1924.71139
2026-03-02 00:00:00+00:00,1937.899,1966.6455,1937.88,1961.804,0.030037,6.0,1948.67816
2026-03-02 01:00:00+00:00,1961.017,1985.878,1960.019,1963.8195,0.581671408,61.0,1975.827738
2026-03-02 02:00:00+00:00,1964.5755,1966.0,1940.0945,1955.603,0.282645082,9.0,1954.290005
2026-03-02 03:00:00+00:00,1954.542,1978.65,1948.75,1972.515,0.369627964,9.0,1971.800253
2026-03-02 04:00:00+00:00,1971.35,1979.5,1969.031,1972.795,0.026173,4.0,1971.230737
2026-03-02 05:00:00+00:00,1973.4745,1982.43,1963.0975,1970.995,0.051956921,7.0,1969.578309
2026-03-02 06:00:00+00:00,1969.9435,1969.9435,1938.0,1943.65,1.490739278,9.0,1949.97128
2026-03-02 07:00:00+00:00,1944.28,1944.28,1925.725,1941.0375,0.499780308,52.0,1933.872889
2026-03-02 08:00:00+00:00,1940.9275,1950.058,1921.65,1948.6915,0.164826,9.0,1932.751634
2026-03-02 09:00:00+00:00,1947.9145,1966.9315,1947.9145,1948.4515,0.013415,2.0,1957.922606
2026-03-02 10:00:00+00:00,1947.225,1955.6355,1944.3495,1951.9005,0.019584,2.0,1949.850715
2026-03-02 11:00:00+00:00,1950.71,1954.2105,1936.3,1946.8,0.025464,5.0,1943.228619
2026-03-02 12:00:00+00:00,1947.54,1949.087,1931.453,1937.765,0.082459,9.0,1943.580684
2026-03-02 13:00:00+00:00,1938.75,1944.245,1922.1035,1927.333,0.003978,1.0,1936.69
2026-03-02 14:00:00+00:00,1925.9,1985.078,1921.1385,1978.85,0.402792077,35.0,1972.727464
2026-03-02 15:00:00+00:00,1979.352,2065.0635,1974.6555,2047.21,2.620207325,54.0,2035.745433
2026-03-02 16:00:00+00:00,2048.445,2084.055,2042.5166718168,2064.2,4.093203704,94.0,2074.902079
2026-03-02 17:00:00+00:00,2065.087,2066.048,2026.1285,2041.3,1.292323281,13.0,2047.093179
2026-03-02 18:00:00+00:00,2039.8395,2039.8395,2025.4845,2029.047,0.083624,8.0,2032.489775
2026-03-02 19:00:00+00:00,2029.7735,2048.035,2021.371,2043.9405,0.474339915,51.0,2023.896764
2026-03-02 20:00:00+00:00,2042.5585,2056.9825,2026.1795,2035.315,0.132074976,5.0,2039.075896
2026-03-02 21:00:00+00:00,2036.025,2047.8,2029.495,2043.738,0.240136756,10.0,2036.075939
2026-03-02 22:00:00+00:00,2044.75,2057.85,2041.7275,2053.045,0.021052,6.0,2051.887162
2026-03-02 23:00:00+00:00,2054.244,2056.3,2024.93,2026.8695,0.192149299,9.0,2035.862706
2026-03-03 00:00:00+00:00,2027.35,2038.131,2019.22,2036.101,0.148707958,6.0,2030.807594
2026-03-03 01:00:00+00:00,2035.5605,2041.14,2020.263,2020.263,0.878302697,17.0,2024.784406
2026-03-03 02:00:00+00:00,2018.5805,2022.26,1998.45,2014.217,0.478045539,15.0,2006.945753
2026-03-03 03:00:00+00:00,2015.971,2015.971,2005.45,2008.72,0.309712232,9.0,2010.324366
2026-03-03 04:00:00+00:00,2009.526,2013.427,1998.52,1998.52,0.122251377,4.0,2000.404109
2026-03-03 05:00:00+00:00,1999.7,2017.98,1987.6,1993.308,0.937740015,18.0,1991.595987
2026-03-03 06:00:00+00:00,1992.535,2001.5,1988.495,1999.445,0.267778639,11.0,1994.151191
2026-03-03 07:00:00+00:00,1998.064,2002.4655,1993.5,1995.85,0.129080746,24.0,1997.902325
2026-03-03 08:00:00+00:00,1994.7,1999.62,1948.5945,1953.223,2.743211229,70.0,1982.661387
2026-03-03 09:00:00+00:00,1952.02,1968.2855,1939.4885,1951.2995,1.52054386,21.0,1956.569902
2026-03-03 10:00:00+00:00,1949.949,1963.853,1945.0485,1956.6135,0.258219682,12.0,1953.69822
2026-03-03 11:00:00+00:00,1955.96,1966.4855,1951.1,1961.179,0.618252871,16.0,1954.375466
2026-03-03 12:00:00+00:00,1962.41,1989.4485,1961.4165,1967.455,4.774754908,20.0,1968.723928
2026-03-03 13:00:00+00:00,1966.75,1966.75,1943.35,1952.035,2.879349173,40.0,1952.16613
2026-03-03 14:00:00+00:00,1950.945,1976.825,1933.3333333333333,1942.275,7.185674662,55.0,1944.550997
2026-03-03 15:00:00+00:00,1943.455,1972.06,1932.271,1969.385,2.831398512,15.0,1947.877186
2026-03-03 16:00:00+00:00,1968.65,2012.8125,1960.2,1984.421,0.20092059,10.0,1981.678376
2026-03-03 17:00:00+00:00,1985.28,1985.37,1960.3,1980.55,4.037661221,17.0,1967.399584
2026-03-03 18:00:00+00:00,1981.3305,2000.2,1970.3125,1988.335,7.495395847,13.0,1988.122558
2026-03-03 19:00:00+00:00,1989.3425,1994.5045,1977.2,1986.05,7.390567387,30.0,1983.271866
2026-03-03 20:00:00+00:00,1987.449,1989.255,1970.054,1977.485,4.581477315,5.0,1983.141136
2026-03-03 21:00:00+00:00,1976.53,1976.53,1960.2685,1968.4095,0.605452542,9.0,1967.801451
2026-03-03 22:00:00+00:00,1969.3,1988.15,1968.22,1983.629,0.019823,2.0,1981.934801
2026-03-03 23:00:00+00:00,1982.255,2001.345,1981.192,1982.039,0.12228029,7.0,1983.656914
2026-03-04 00:00:00+00:00,1981.485,1986.065,1962.5,1977.585,0.103591978,12.0,1974.21586
2026-03-04 01:00:00+00:00,1978.088,1998.14,1970.55,1981.221,0.042216796,9.0,1984.057859
2026-03-04 02:00:00+00:00,1982.454,1982.454,1968.82,1979.352,0.105798354,13.0,1974.131941
2026-03-04 03:00:00+00:00,1978.239,1979.3595,1944.918,1961.25,0.05277971,7.0,1967.373612
2026-03-04 04:00:00+00:00,1962.23,1963.8185,1950.7545,1960.655,0.606516642,5.0,1959.52984
2026-03-04 05:00:00+00:00,1959.9,1976.251,1955.875,1970.632,0.046638067,3.0,1965.681119
2026-03-04 06:00:00+00:00,1970.0505,1985.80464467,1963.245,1980.115,5.802416047,6.0,1983.97242
2026-03-04 07:00:00+00:00,1981.101,2009.6075,1975.0425,2007.1585,0.102090544,12.0,1990.313985
2026-03-04 08:00:00+00:00,2007.76,2066.409,1990.1522842635,2063.065,8.63502991,21.0,2020.265981
2026-03-04 09:00:00+00:00,2064.47,2089.035,2055.7625,2074.895,6.260788652,132.0,2076.778365
2026-03-04 10:00:00+00:00,2076.08,2092.505,2066.18,2071.715,4.759580385,18.0,2080.101856
2026-03-04 11:00:00+00:00,2072.685,2078.397,2047.225,2055.0485,9.080325362,13.0,2075.693529
2026-03-04 12:00:00+00:00,2056.0405,2058.268,2036.913,2054.516,1.074103342,9.0,2050.792929
2026-03-04 13:00:00+00:00,2052.915,2068.05,2052.915,2064.8425,0.126460931,11.0,2059.796462
2026-03-04 14:00:00+00:00,2063.35,2109.395,2063.311,2079.685,4.820969934,29.0,2080.060179
2026-03-04 15:00:00+00:00,2081.355,2157.466,2081.355,2151.01,2.905335637,79.0,2116.794437
2026-03-04 16:00:00+00:00,2149.74,2165.69,2130.12,2143.36,9.575658927,32.0,2148.193219
2026-03-04 17:00:00+00:00,2142.286,2156.75,2132.065,2147.0285,9.208410272,21.0,2138.512777
2026-03-04 18:00:00+00:00,2147.935,2164.605,2139.22,2163.95,6.253874233,21.0,2145.523451
2026-03-04 19:00:00+00:00,2162.53,2199.53,2156.7512690355,2179.4265,3.86102774,25.0,2181.181733
2026-03-04 20:00:00+00:00,2180.59,2180.6,2151.55,2151.55,1.781117784,21.0,2168.245597
2026-03-04 21:00:00+00:00,2153.064,2156.75,2142.9,2150.4595,0.796497047,19.0,2150.707859
2026-03-04 22:00:00+00:00,2152.045,2164.36,2126.69,2132.615,2.317346973,11.0,2158.028148
2026-03-04 23:00:00+00:00,2133.5245,2136.77,2116.94,2128.21,0.94642006,25.0,2126.954588
2026-03-05 00:00:00+00:00,2129.22,2135.95,2121.861,2128.765,0.16849456,17.0,2129.494082
2026-03-05 01:00:00+00:00,2129.93,2141.725,2108.2,2113.5,2.501691898,23.0,2120.261885
2026-03-05 02:00:00+00:00,2113.68,2134.72,2113.68,2122.709,0.631709355,23.0,2127.017194
2026-03-05 03:00:00+00:00,2122.168,2126.9,2108.6,2120.211,0.532777549,13.0,2121.344406
2026-03-05 04:00:00+00:00,2120.99,2144.595,2118.438,2137.78,0.092673502,16.0,2132.328548
2026-03-05 05:00:00+00:00,2136.9225,2139.746,2114.87,2119.588,0.779001045,11.0,2132.375234
2026-03-05 06:00:00+00:00,2117.95,2130.67,2110.41,2127.3725,12.68458551,10.0,2127.974127
2026-03-05 07:00:00+00:00,2129.0015,2131.835,2096.37,2104.92,0.148562209,16.0,2123.239283
2026-03-05 08:00:00+00:00,2106.1,2118.3765,2094.35,2117.3345,0.116275163,13.0,2108.578514
2026-03-05 09:00:00+00:00,2118.28,2137.5575,2118.28,2125.9615,0.573653194,13.0,2123.610273
2026-03-05 10:00:00+00:00,2125.275,2164.5,2121.755,2156.1165,0.543419812,13.0,2151.067127
2026-03-05 11:00:00+00:00,2156.85,2160.2615,2134.349,2138.24,0.150752309,17.0,2140.318864
2026-03-05 12:00:00+00:00,2137.425,2142.9585,2123.79,2139.2495,3.398577102,18.0,2140.704969
2026-03-05 13:00:00+00:00,2137.825,2137.825,2110.615,2117.8355,9.038339,12.0,2117.182061
2026-03-05 14:00:00+00:00,2118.7065,2151.6751269035,2097.385,2119.1775,9.442028346,21.0,2115.565284
2026-03-05 15:00:00+00:00,2120.57,2121.9315,2067.769,2086.65,4.713751054,19.0,2076.743089
2026-03-05 16:00:00+00:00,2087.5465,2087.5465,2057.759,2079.7755,0.67514854,18.0,2068.17652
2026-03-05 17:00:00+00:00,2080.8995,2093.135,2055.74,2059.091,1.126184894,13.0,2060.402947
2026-03-05 18:00:00+00:00,2060.42,2077.637,2057.16,2076.45,2.191219022,11.0,2068.929271
2026-03-05 19:00:00+00:00,2077.274,2093.2,2072.2,2073.6595,0.853020803,14.0,2084.891411
2026-03-05 20:00:00+00:00,2074.9665,2096.6265,2070.1725,2092.3705,2.853007409,9.0,2076.816513
2026-03-05 21:00:00+00:00,2093.288,2098.7,2076.205,2080.635,0.059194877,19.0,2086.538638
2026-03-05 22:00:00+00:00,2079.1075,2084.8805,2078.0,2080.72,0.456503678,9.0,2079.618307
2026-03-05 23:00:00+00:00,2081.5,2084.97,2070.6215,2073.138,0.087006042,12.0,2078.648268
2026-03-06 00:00:00+00:00,2074.65,2081.455,2068.6455,2074.8265,0.060473,23.0,2072.997558
2026-03-06 01:00:00+00:00,2073.568,2091.0775,2062.2295,2088.192,0.042100456,10.0,2083.56021
2026-03-06 02:00:00+00:00,2086.75,2092.708,2081.325,2083.845,0.173880104,8.0,2089.50854
2026-03-06 03:00:00+00:00,2084.315,2089.33,2075.5,2083.975,2.045597,8.0,2082.54469
2026-03-06 04:00:00+00:00,2082.67,2086.045,2059.645,2070.927,0.472005936,4.0,2074.848677
2026-03-06 05:00:00+00:00,2071.805,2073.99,2059.4885,2069.7155,0.191693,27.0,2067.832144
2026-03-06 06:00:00+00:00,2067.74,2079.85,2063.95,2073.95,0.877543708,9.0,2070.341729
2026-03-06 07:00:00+00:00,2075.42,2086.751,2069.0175,2082.374,0.760236596,5.0,2080.511047
2026-03-06 08:00:00+00:00,2081.065,2082.683,2074.669,2075.975,1.078211649,10.0,2080.025976
2026-03-06 09:00:00+00:00,2074.5235,2077.407,2046.5535,2059.7935,0.34028814,15.0,2053.202086
2026-03-06 10:00:00+00:00,2058.5725,2069.3675,2058.5725,2064.306,1.586948484,12.0,2068.559153
2026-03-06 11:00:00+00:00,2063.445,2067.87,2050.267,2051.397,0.117494888,41.0,2059.003905
2026-03-06 12:00:00+00:00,2049.68,2055.62,2037.8335,2049.54,0.666878311,23.0,2042.179191
2026-03-06 13:00:00+00:00,2048.235,2074.94,2019.58,2019.58,7.911906378,32.0,2030.400066
2026-03-06 14:00:00+00:00,2021.03,2023.88,1971.8995,1981.8645,8.231782177,48.0,2012.54346
2026-03-06 15:00:00+00:00,1982.629,1997.865,1966.805,1979.005,9.991169421,19.0,1982.253605
2026-03-06 16:00:00+00:00,1977.549,1985.12,1966.67,1971.059,2.375589591,18.0,1971.809535
2026-03-06 17:00:00+00:00,1970.681,1981.74,1956.155,1967.475,2.714801415,33.0,1975.393539
2026-03-06 18:00:00+00:00,1968.326,1983.3,1968.326,1974.929,3.163227931,23.0,1981.268418
2026-03-06 19:00:00+00:00,1975.3005,1992.3755,1975.3005,1983.557,0.368947863,5.0,1983.837847
2026-03-06 20:00:00+00:00,1983.1185,1988.23,1970.758,1978.993,2.133261369,6.0,1980.084381
2026-03-06 21:00:00+00:00,1980.1165,1984.4585,1971.65,1983.8,0.068646275,8.0,1979.644539
2026-03-06 22:00:00+00:00,1984.675,1989.1555,1981.892,1986.8385,0.296265606,10.0,1984.242238
2026-03-06 23:00:00+00:00,1985.745,1987.9,1977.802,1978.68,1.207610206,14.0,1986.453591
2026-03-07 00:00:00+00:00,1977.56,1982.917,1977.0365,1981.298,0.314532436,10.0,1979.566949
2026-03-07 01:00:00+00:00,1982.0515,1983.713,1976.013,1981.216,0.064767515,6.0,1979.147085
2026-03-07 02:00:00+00:00,1979.8605,1984.7665,1972.114,1984.3495,0.164109105,10.0,1977.100363
2026-03-07 03:00:00+00:00,1983.694,1995.59,1980.4255,1980.4255,0.150760745,5.0,1983.843384
2026-03-07 04:00:00+00:00,1979.5875,1979.863,1965.0995,1975.581,0.043867,13.0,1975.621337
2026-03-07 05:00:00+00:00,1976.76,1979.9,1973.3485,1978.7,0.814975302,13.0,1975.508308
2026-03-07 06:00:00+00:00,1978.239,1978.365,1969.85,1972.003,0.01786,4.0,1973.678398
2026-03-07 07:00:00+00:00,1971.0635,1983.988,1967.655,1982.8485,0.008654915,4.0,1974.991321
2026-03-07 08:00:00+00:00,1982.1585,1987.6,1975.925,1977.855,20.023575221,6.0,1983.047279
2026-03-07 09:00:00+00:00,1977.15,1988.985,1975.912,1987.31,0.146111085,6.0,1986.099588
2026-03-07 10:00:00+00:00,1986.446,1988.64,1983.0,1984.565,0.007202,2.0,1984.612169
2026-03-07 11:00:00+00:00,1985.7,1994.4765,1982.445,1988.815,0.187818335,9.0,1990.024632
2026-03-07 12:00:00+00:00,1988.9145,1992.17,1980.583,1982.24,1.389453505,6.0,1988.733215
2026-03-07 13:00:00+00:00,1983.015,1984.471,1978.69,1981.7965,0.027087643,6.0,1980.955721
2026-03-07 14:00:00+00:00,1980.705,1989.9275,1970.2165,1987.45,0.058323155,5.0,1978.689484
2026-03-07 15:00:00+00:00,1986.62,1987.45,1976.12,1981.315,0.059098624,5.0,1986.856409
2026-03-07 16:00:00+00:00,1981.0365,1982.2,1975.0885,1977.7425,0.111065558,6.0,1981.432273
2026-03-07 17:00:00+00:00,1978.885,1983.7515,1976.8025,1977.49,0.08113944,6.0,1981.680487
2026-03-07 18:00:00+00:00,1976.3855,1976.3855,1967.245,1971.6045,0.022078212,2.0,1973.112641
2026-03-07 19:00:00+00:00,1970.505,1971.14,1949.04,1954.89,2.296381193,7.0,1963.032968
2026-03-07 20:00:00+00:00,1956.125,1968.16,1956.125,1967.1,2.604487537,6.0,1958.860856
2026-03-07 21:00:00+00:00,1968.2,1971.305,1964.8085,1970.747,0.568651942,4.0,1969.937474
2026-03-07 22:00:00+00:00,1969.695,1971.42,1958.63,1965.95,0.104634,3.0,1969.796516
2026-03-07 23:00:00+00:00,1967.419,1973.05,1967.403,1969.67,0.11563957,5.0,1970.066261
2026-03-08 00:00:00+00:00,1970.75,1977.21,1968.9865,1969.62,0.0,0.0,1970.75
2026-03-08 01:00:00+00:00,1969.8,1971.74,1963.526,1968.395,0.134386489,4.0,1968.018484
2026-03-08 02:00:00+00:00,1968.945,1973.8043447535,1936.996,1942.005,5.558396549,15.0,1963.819427
2026-03-08 03:00:00+00:00,1942.695,1951.4515,1942.695,1947.7175,0.374156752,4.0,1947.976533
2026-03-08 04:00:00+00:00,1946.9,1953.001,1930.288,1937.945,6.276895307,10.0,1949.173403
2026-03-08 05:00:00+00:00,1938.999,1952.2,1938.999,1948.485,0.704759238,5.0,1949.471701
2026-03-08 06:00:00+00:00,1949.7,1951.8355,1943.28,1948.285,0.108642285,6.0,1948.781455
2026-03-08 07:00:00+00:00,1947.5445,1960.14,1946.6,1954.8795,5.387303861,22.0,1958.277879
2026-03-08 08:00:00+00:00,1955.47,1960.31,1950.33,1958.885,1.102016073,6.0,1953.671638
2026-03-08 09:00:00+00:00,1958.221,1969.985,1956.615,1964.05,0.227475928,7.0,1965.203159
2026-03-08 10:00:00+00:00,1965.0175,1979.555,1963.79,1973.836,0.043205916,3.0,1971.132437
2026-03-08 11:00:00+00:00,1973.0305,1973.0305,1946.2005,1952.1,20.582445887,12.0,1950.156578
2026-03-08 12:00:00+00:00,1951.45,1954.63,1927.32,1946.1465,20.667395938,8.0,1953.234208
2026-03-08 13:00:00+00:00,1947.28,1947.28,1925.499,1944.171,0.035163044,3.0,1933.273029
2026-03-08 14:00:00+00:00,1943.242,1949.98003875,1938.0,1945.36,3.36724773,7.0,1942.878667
2026-03-08 15:00:00+00:00,1946.265,1946.825,1937.3,1943.136,0.646985668,8.0,1944.947035
2026-03-08 16:00:00+00:00,1943.2665,1945.262,1934.35,1936.02,7.28559402,8.0,1942.968647
2026-03-08 17:00:00+00:00,1937.0,1946.55,1933.653,1935.165,0.037952848,6.0,1938.432506
2026-03-08 18:00:00+00:00,1936.4265,1936.871,1928.254,1930.6815,0.022952177,3.0,1931.184606
2026-03-08 19:00:00+00:00,1929.571,1969.3,1921.182266009,1964.225,1.053923579,5.0,1956.771133
2026-03-08 20:00:00+00:00,1965.326,1971.474,1954.18,1959.114,0.328479219,3.0,1959.929389
2026-03-08 21:00:00+00:00,1960.275,1961.0255,1945.125,1953.465,0.385011777,7.0,1953.980084
2026-03-08 22:00:00+00:00,1952.4265,1952.4265,1919.185,1942.215,0.820843648,51.0,1925.711248
2026-03-08 23:00:00+00:00,1943.5,1955.069,1935.495,1937.2185,0.076498048,8.0,1944.461775
2026-03-09 00:00:00+00:00,1937.855,1964.9895,1931.5682113837,1950.5745,0.261049144,10.0,1947.212993
2026-03-09 01:00:00+00:00,1951.55,1962.8935,1942.9965,1945.502,19.661952344,15.0,1950.094467
2026-03-09 02:00:00+00:00,1944.7165,1962.6245,1937.4,1959.505,0.065444627,9.0,1949.848231
2026-03-09 03:00:00+00:00,1960.655,2004.535,1960.655,1976.95,5.18934958,8.0,1976.836476
2026-03-09 04:00:00+00:00,1977.3285,1988.77,1973.725,1977.0295,5.154258443,14.0,1977.356738
2026-03-09 05:00:00+00:00,1977.665,2013.2,1977.4925,2009.9705,0.091029487,16.0,1989.621513
2026-03-09 06:00:00+00:00,2010.365,2011.7605,1983.663,1984.2805,0.51178954,13.0,1990.971009
2026-03-09 07:00:00+00:00,1983.6375,1985.1,1963.235,1982.248,1.396950028,18.0,1979.37293
2026-03-09 08:00:00+00:00,1983.9,1999.653,1978.75,1996.0,2.185609593,29.0,1992.756954
2026-03-09 09:00:00+00:00,1996.8625,2020.9,1986.8895,2004.6235,6.46242451,27.0,2013.418862
2026-03-09 10:00:00+00:00,2005.527,2006.47,1993.068,1995.1075,0.881037309,18.0,2003.789662
2026-03-09 11:00:00+00:00,1994.014,1999.7235,1981.275,1991.716,0.149510327,14.0,1991.382027
2026-03-09 12:00:00+00:00,1992.438,2012.4805,1992.438,2001.818,1.907913248,15.0,2005.072621
2026-03-09 13:00:00+00:00,2002.85,2029.4384263955,2000.18,2019.35,8.950745617,35.0,2012.708294
2026-03-09 14:00:00+00:00,2018.031,2032.325,2007.73,2022.7275,2.039004776,19.0,2021.378581
2026-03-09 15:00:00+00:00,2023.666,2029.3,2014.9975,2023.569,0.166295908,14.0,2026.319354
2026-03-09 16:00:00+00:00,2024.878,2043.1579476277,2019.927,2027.885,1.069622265,15.0,2023.883307
2026-03-09 17:00:00+00:00,2026.5215,2032.475,2006.565,2017.64,1.102142953,12.0,2014.113102
2026-03-09 18:00:00+00:00,2016.1305,2022.7915,2007.3375,2012.0275,3.431053039,9.0,2013.302339
2026-03-09 19:00:00+00:00,2013.035,2052.9825,2010.69,2035.3235,3.525904963,19.0,2040.204148
2026-03-09 20:00:00+00:00,2034.015,2037.374,2019.3715,2026.4405,4.82635427,10.0,2033.300196
2026-03-09 21:00:00+00:00,2027.57,2035.085,2023.505,2027.773,1.806625528,10.0,2026.730853
2026-03-09 22:00:00+00:00,2029.5,2030.8,2000.2257395062,2002.5125,2.094215654,12.0,2008.899906
2026-03-09 23:00:00+00:00,2001.2675,2007.11,1990.125,1994.2545,22.867843488,47.0,2003.241248
2026-03-10 00:00:00+00:00,1992.98,2022.211,1991.6355,2015.9025,0.276884606,35.0,2017.054704
2026-03-10 01:00:00+00:00,2014.726,2024.447,2007.265,2018.816,0.791395503,26.0,2014.181527
2026-03-10 02:00:00+00:00,2020.727,2052.9,2014.805,2042.14,0.506889166,21.0,2020.240022
2026-03-10 03:00:00+00:00,2041.2,2047.1,2022.765,2026.75,0.054393238,12.0,2035.356848
2026-03-10 04:00:00+00:00,2027.83,2047.4,2025.6,2045.6995,0.576106221,9.0,2027.22496
2026-03-10 05:00:00+00:00,2044.309,2053.7,2039.73,2042.725,2.365127022,16.0,2047.71326
2026-03-10 06:00:00+00:00,2043.18,2049.36,2036.182,2045.034,0.342041176,123.0,2043.201126
2026-03-10 07:00:00+00:00,2043.5135,2058.295,2040.619,2050.3005,0.336825671,158.0,2049.514486
2026-03-10 08:00:00+00:00,2051.145,2070.72,2051.145,2057.495,24.504314205,160.0,2061.101451
2026-03-10 09:00:00+00:00,2056.59,2073.42,2056.23,2068.573,1.459473339,160.0,2062.271022
2026-03-10 10:00:00+00:00,2069.2655,2070.431,2056.365,2063.5605,0.548277449,81.0,2062.447226
2026-03-10 11:00:00+00:00,2062.75,2068.165,2057.349,2061.685,1.057000827,8.0,2065.228723
2026-03-10 12:00:00+00:00,2060.57,2061.865,2047.5625,2049.9405,0.537633443,14.0,2051.003158
2026-03-10 13:00:00+00:00,2051.15,2060.84,2024.855,2033.4255,1.091165956,30.0,2042.191545
2026-03-10 14:00:00+00:00,2034.15,2080.825,2010.275,2075.84,0.90636219,35.0,2038.335815
2026-03-10 15:00:00+00:00,2077.058,2084.645675,2061.1,2079.6,0.796195346,21.0,2077.220443
2026-03-10 16:00:00+00:00,2080.475,2088.1875,2070.7,2081.2,1.261727209,23.0,2082.351246
2026-03-10 17:00:00+00:00,2080.2185,2085.168,2059.1,2072.9745,0.698550006,14.0,2065.691106
2026-03-10 18:00:00+00:00,2071.8535,2074.1135,2036.186,2040.548,0.757801907,16.0,2061.478712
2026-03-10 19:00:00+00:00,2039.1725,2044.323,2027.7855,2036.895,4.117383879,17.0,2032.75985
2026-03-10 20:00:00+00:00,2035.9735,2046.51,2035.9735,2043.33,11.286499636,6.0,2041.307133
2026-03-10 21:00:00+00:00,2042.11,2047.087,2019.8,2029.55,0.411080354,11.0,2035.818276
2026-03-10 22:00:00+00:00,2030.3865,2032.3195,2020.8755,2027.28,8.893529701,9.0,2029.68417
2026-03-10 23:00:00+00:00,2028.54,2037.115,2028.54,2037.115,0.014718245,5.0,2031.696863
2026-03-11 00:00:00+00:00,2036.165,2041.5825,2029.0205,2037.2665,0.222722128,9.0,2035.715156
2026-03-11 01:00:00+00:00,2038.3785,2040.939,2029.41,2036.04,0.099312543,9.0,2033.112829
2026-03-11 02:00:00+00:00,2036.62,2039.22,2019.55,2026.93,0.249614,8.0,2021.970035
2026-03-11 03:00:00+00:00,2027.84,2028.6565,2018.361,2021.1985,2.685463038,9.0,2023.36115
2026-03-11 04:00:00+00:00,2021.897,2040.565,2018.8535,2039.165,16.686424495,28.0,2025.08813
2026-03-11 05:00:00+00:00,2037.75,2041.1,2011.646,2014.3695,3.178444172,17.0,2016.93906
2026-03-11 06:00:00+00:00,2015.355,2025.82,2012.743,2025.256,5.331260335,15.0,2016.282731
2026-03-11 07:00:00+00:00,2025.629,2025.629,2006.09,2012.0105,4.570865887,10.0,2008.578908
2026-03-11 08:00:00+00:00,2013.435,2025.74,2010.288,2024.25,0.568697632,22.0,2016.977698
2026-03-11 09:00:00+00:00,2022.85,2026.787,2015.7305,2018.0285,0.045044,4.0,2021.787529
2026-03-11 10:00:00+00:00,2018.875,2030.86,2017.4625,2029.25,0.240862998,3.0,2022.156842
2026-03-11 11:00:00+00:00,2030.68,2034.3,2016.81,2017.783,1.682762656,8.0,2024.251339
2026-03-11 12:00:00+00:00,2018.9,2034.67,2013.435,2023.4785,4.135136,10.0,2025.461285
2026-03-11 13:00:00+00:00,2022.629,2081.655,2022.2665,2051.17,1.140074712,29.0,2058.834173
2026-03-11 14:00:00+00:00,2051.9495,2076.712,2043.305,2063.011,3.089630497,24.0,2064.015167
2026-03-11 15:00:00+00:00,2064.118,2066.185,2030.399,2050.1775,0.12246281,11.0,2051.397685
2026-03-11 16:00:00+00:00,2048.705,2073.205,2047.656,2067.9275,90.09629756,24.0,2062.077217
2026-03-11 17:00:00+00:00,2068.659,2086.248,2058.2555,2068.15,5.412916566,14.0,2071.271713
2026-03-11 18:00:00+00:00,2068.51,2079.76,2065.65,2076.9125,0.248918117,4.0,2069.309453
2026-03-11 19:00:00+00:00,2076.3555,2078.4,2069.736,2077.1185,0.070211502,6.0,2074.406941
2026-03-11 20:00:00+00:00,2076.095,2076.095,2067.1275,2069.02,0.005611,2.0,2070.273229
2026-03-11 21:00:00+00:00,2070.4665,2075.35,2064.093,2073.7605,0.009476,1.0,2068.8
2026-03-11 22:00:00+00:00,2072.85,2084.082,2060.8805,2062.2535,0.063642,6.0,2070.395898
2026-03-11 23:00:00+00:00,2063.1585,2065.6595,2047.5025,2051.265,0.49293775,8.0,2051.516566
2026-03-12 00:00:00+00:00,2052.57,2057.8,2049.035,2056.354,0.293296375,11.0,2054.485644
2026-03-12 01:00:00+00:00,2055.055,2055.055,2044.3497938741,2045.7,0.375940344,12.0,2046.799969
2026-03-12 02:00:00+00:00,2045.1574900355,2048.3,2023.105,2025.334,0.232077571,26.0,2041.565421
2026-03-12 03:00:00+00:00,2024.35,2034.8,2018.698,2023.3995,5.046224301,13.0,2025.507391
2026-03-12 04:00:00+00:00,2024.365,2030.18,2021.624,2023.33,0.224675,11.0,2023.785816
2026-03-12 05:00:00+00:00,2022.17,2027.7,2019.741,2026.085,0.02327,7.0,2025.59906
2026-03-12 06:00:00+00:00,2025.3215,2031.8945,2025.3215,2029.6035,0.132588993,13.0,2028.537956
2026-03-12 07:00:00+00:00,2030.9,2041.8,2026.78,2040.4675,5.553641449,18.0,2036.179915
2026-03-12 08:00:00+00:00,2041.76,2052.7925,2039.3785,2047.516,0.13232095,11.0,2044.780103
2026-03-12 09:00:00+00:00,2048.28,2064.4657918129,2038.8415,2056.533,10.081374623,18.0,2042.991754
2026-03-12 10:00:00+00:00,2057.815,2075.8355,2053.125,2070.54,10.367705112,89.0,2058.854129
2026-03-12 11:00:00+00:00,2069.405,2076.2855,2060.277,2062.5,0.156382787,14.0,2069.385578
2026-03-12 12:00:00+00:00,2063.6795,2070.819,2057.908,2065.246,3.878726704,17.0,2059.990237
2026-03-12 13:00:00+00:00,2066.356,2080.129,2052.29,2065.255,14.515746577,14.0,2058.137448
2026-03-12 14:00:00+00:00,2067.084,2094.2115,2038.45,2045.93,11.65084787,57.0,2064.780481
2026-03-12 15:00:00+00:00,2045.3,2082.3935,2039.6125,2073.24,0.771625833,8.0,2071.705968
2026-03-12 16:00:00+00:00,2071.7945,2078.258,2056.865,2064.642,0.543126783,10.0,2071.934048
2026-03-12 18:00:00+00:00,2065.037,2066.068,2048.65,2049.165,6.687431888,74.0,2055.345583
2026-03-12 19:00:00+00:00,2050.534,2073.9,2046.1,2071.38,0.0,0.0,2050.534
2026-03-12 20:00:00+00:00,2070.9685,2074.174,2060.694,2063.4,0.103240972,50.0,2062.902373
2026-03-12 21:00:00+00:00,2064.1075,2069.75,2058.635,2063.275,1.952213273,15.0,2065.56947
2026-03-12 22:00:00+00:00,2062.65,2067.7205,2056.447,2066.6275,8.675592668,7.0,2060.84775
2026-03-12 23:00:00+00:00,2065.27,2092.88,2065.27,2073.25,7.017115301,9.0,2067.388691
2026-03-13 00:00:00+00:00,2072.315,2149.382,2070.9985,2119.4085,10.333224592,47.0,2120.912898
2026-03-13 01:00:00+00:00,2120.2675,2130.6065,2112.3115,2125.46,0.237952676,24.0,2124.905028
2026-03-13 02:00:00+00:00,2126.3,2126.56,2102.85,2105.9,1.512595997,31.0,2115.1882
2026-03-13 03:00:00+00:00,2104.4,2122.711,2102.653,2119.05,0.13107233,16.0,2108.124145
2026-03-13 04:00:00+00:00,2117.6,2120.475,2109.719,2112.48,4.668895951,22.0,2112.142615
2026-03-13 05:00:00+00:00,2111.1665,2115.94,2103.535,2111.385,10.848686101,22.0,2111.62634
2026-03-13 06:00:00+00:00,2112.77,2113.501,2090.531,2096.5565,2.017562152,17.0,2093.051448
2026-03-13 07:00:00+00:00,2095.5615,2104.53,2093.2645,2098.1,0.070769,12.0,2098.614717
2026-03-13 08:00:00+00:00,2099.7765,2117.35,2090.93,2100.095,0.228609574,12.0,2099.90688
2026-03-13 09:00:00+00:00,2100.75,2117.0535,2097.585,2114.1375,0.084685,7.0,2110.084764
2026-03-13 10:00:00+00:00,2115.139,2133.345,2115.139,2127.9355,0.073317558,14.0,2126.593025
2026-03-13 11:00:00+00:00,2128.9,2130.77,2118.048,2121.897,0.410981007,22.0,2125.559254
2026-03-13 12:00:00+00:00,2123.271,2153.018,2121.897,2147.2,8.388251842,33.0,2126.480432
2026-03-13 13:00:00+00:00,2148.39,2198.2585,2143.125,2186.415,2.729363218,47.0,2187.299587
2026-03-13 14:00:00+00:00,2187.18,2208.875,2147.568,2151.312,8.178488398,48.0,2182.486539
2026-03-13 15:00:00+00:00,2152.158,2166.0445,2126.515,2128.8565,2.190619065,30.0,2158.478264
2026-03-13 16:00:00+00:00,2130.2,2143.197,2113.027,2134.005,6.218691982,31.0,2119.490009
2026-03-13 17:00:00+00:00,2135.2,2142.235,2091.5,2102.624,3.402909903,29.0,2131.561468
2026-03-13 18:00:00+00:00,2104.45,2108.4,2092.7,2101.295,1.163503135,16.0,2102.92479
2026-03-13 19:00:00+00:00,2099.95,2107.19,2096.8035,2101.977,1.338534415,16.0,2101.169845
2026-03-13 20:00:00+00:00,2102.834,2114.465,2100.867,2111.6015,0.373335539,12.0,2110.74545
2026-03-13 21:00:00+00:00,2112.869,2116.1725,2102.2475,2104.021,0.20011136,11.0,2112.264106
2026-03-13 22:00:00+00:00,2104.8935,2105.19,2078.9175,2089.0915,0.382358138,18.0,2088.363129
2026-03-13 23:00:00+00:00,2088.7,2095.296,2086.43,2092.95,0.128335657,13.0,2092.449291
2026-03-14 00:00:00+00:00,2092.5,2095.068,2083.072,2086.85,0.127846042,18.0,2089.835419
2026-03-14 01:00:00+00:00,2085.7525,2095.8,2082.32,2093.248,0.125728543,11.0,2094.08123
2026-03-14 02:00:00+00:00,2092.185,2096.6245,2089.754,2092.7155,1.524411312,11.0,2093.696125
2026-03-14 03:00:00+00:00,2093.9075,2102.957,2092.936,2101.8745,0.308068208,16.0,2099.117253
2026-03-14 04:00:00+00:00,2101.428,2106.276,2088.8775,2090.45,0.295096028,12.0,2101.821447
2026-03-14 05:00:00+00:00,2089.4,2094.5,2086.2045,2092.85,0.182766532,12.0,2091.395333
2026-03-14 06:00:00+00:00,2091.6,2091.6,2069.4777586205,2078.795,5.010740519,17.0,2086.692876
2026-03-14 07:00:00+00:00,2077.59,2080.7985,2076.17,2077.5,1.156013046,11.0,2078.03841
2026-03-14 08:00:00+00:00,2076.41,2081.331,2073.49,2074.25,0.081971313,9.0,2077.092941
2026-03-14 09:00:00+00:00,2074.655,2078.42,2064.13,2067.5945,3.110282797,35.0,2075.06698
2026-03-14 10:00:00+00:00,2068.325,2069.188,2062.08,2066.23,4.800884351,16.0,2066.889953
2026-03-14 11:00:00+00:00,2066.46,2078.114,2066.1075,2074.472,0.237777123,16.0,2071.222971
2026-03-14 12:00:00+00:00,2073.5505,2077.4585,2070.754,2075.195,4.055371,10.0,2074.61629
2026-03-14 13:00:00+00:00,2074.635,2080.69,2073.1,2079.5865,0.080466934,8.0,2076.367025
2026-03-14 14:00:00+00:00,2080.873,2080.8828286365,2069.9,2072.2125,0.105096043,7.0,2077.733465
2026-03-14 15:00:00+00:00,2071.565,2078.54,2069.3,2074.65,0.048358209,10.0,2075.694669
2026-03-14 16:00:00+00:00,2074.2,2078.575,2069.695,2078.4085,0.491787107,6.0,2078.32044
2026-03-14 17:00:00+00:00,2077.812,2078.803,2073.506,2075.7505,0.01901774,4.0,2077.583036
2026-03-14 18:00:00+00:00,2074.711,2078.4355,2072.4,2078.0,0.30126771,8.0,2075.927912
2026-03-14 19:00:00+00:00,2076.79,2080.3,2075.415,2078.22,0.384185615,11.0,2078.150544
2026-03-14 20:00:00+00:00,2078.1275,2087.5485,2076.0915,2087.165,0.0,0.0,2078.1275
2026-03-14 21:00:00+00:00,2085.145,2089.475,2082.955,2086.205,0.003133,1.0,2085.6
2026-03-14 22:00:00+00:00,2087.7355,2088.83,2083.2095,2083.943,0.013926368,5.0,2085.663387
2026-03-14 23:00:00+00:00,2085.451,2099.18,2084.73,2096.85,0.046639723,9.0,2093.315329
2026-03-15 00:00:00+00:00,2097.295,2097.9,2086.9995,2088.6,0.206548207,8.0,2094.944243
2026-03-15 01:00:00+00:00,2089.4575,2091.1195,2084.0,2089.545,0.191730606,10.0,2088.159638
2026-03-15 02:00:00+00:00,2090.03,2107.265771925,2090.03,2102.8395,0.199112071,13.0,2097.958275
2026-03-15 03:00:00+00:00,2104.32,2104.7,2093.95,2096.8765,0.334419332,12.0,2095.853763
2026-03-15 04:00:00+00:00,2096.471,2104.22,2096.471,2104.22,0.14062113,4.0,2101.773214
2026-03-15 05:00:00+00:00,2104.39,2115.58,2102.4045,2108.42,1.219607673,14.0,2111.807337
2026-03-15 06:00:00+00:00,2109.5,2111.531,2103.6675,2108.205,0.145872212,10.0,2107.49867
2026-03-15 07:00:00+00:00,2108.38,2113.477,2104.0295,2105.5765,0.21155521,8.0,2107.300528
2026-03-15 08:00:00+00:00,2107.0,2113.48,2106.1,2113.15,0.136581037,11.0,2109.218463
2026-03-15 09:00:00+00:00,2113.4705,2123.304,2113.4705,2117.8,0.164372552,9.0,2118.176621
2026-03-15 10:00:00+00:00,2117.807,2121.9925,2114.918,2119.66,0.194928731,19.0,2117.091843
2026-03-15 11:00:00+00:00,2119.8,2121.6,2115.7,2120.25,0.277052233,21.0,2119.371634
2026-03-15 12:00:00+00:00,2120.4,2120.4,2109.065,2110.0965,0.185675041,8.0,2113.006409
2026-03-15 13:00:00+00:00,2111.08,2113.27,2087.2091142057,2097.4615,3.427340403,46.0,2106.911823
2026-03-15 14:00:00+00:00,2098.415,2099.1,2088.067,2097.41,4.991745356,11.0,2096.896128
2026-03-15 15:00:00+00:00,2095.888,2097.9,2090.525,2094.7705,0.388590414,13.0,2095.250696
2026-03-15 16:00:00+00:00,2095.348,2099.847,2090.405,2091.85,0.068617136,8.0,2092.038765
2026-03-15 17:00:00+00:00,2091.9155,2117.554,2091.9155,2111.857,0.115766772,13.0,2099.497997
2026-03-15 18:00:00+00:00,2112.445,2113.1955,2095.4695,2100.155,1.012720375,5.0,2112.208907
2026-03-15 19:00:00+00:00,2098.43,2115.206,2097.769,2113.65,0.232699332,12.0,2107.241315
2026-03-15 20:00:00+00:00,2113.215,2139.0152287795,2111.1175,2130.525,3.322095012,13.0,2129.662103
2026-03-15 21:00:00+00:00,2131.0435,2144.5955,2124.3875,2139.5765,0.063916997,11.0,2130.56182
2026-03-15 22:00:00+00:00,2140.74,2192.867,2126.47,2183.8845,1.597542284,48.0,2171.801921
2026-03-15 23:00:00+00:00,2185.1315,2203.15,2166.843,2179.24520202,2.943882287,56.0,2178.892365
2026-03-16 00:00:00+00:00,2179.90020202,2187.3325,2165.354,2171.67970297,0.532792367,49.0,2175.219012
2026-03-16 01:00:00+00:00,2172.95,2189.811,2165.265,2186.335,0.834326749,45.0,2176.16325
2026-03-16 02:00:00+00:00,2187.2,2188.162020202,2170.0,2181.665,0.717429041,44.0,2178.4032
2026-03-16 03:00:00+00:00,2180.24,2252.22,2177.2765,2236.1535,3.744455914,56.0,2229.878044
2026-03-16 04:00:00+00:00,2237.05,2277.582072674,2237.05,2263.393,1.633458239,38.0,2264.011008
2026-03-16 05:00:00+00:00,2262.768,2287.7605,2259.8713366335,2280.263,1.923068842,34.0,2266.52514
2026-03-16 06:00:00+00:00,2281.05,2281.05,2262.142574257,2263.0214356435,1.024763441,27.0,2266.951072
2026-03-16 07:00:00+00:00,2262.712871287,2269.0519653465,2246.394,2249.595,0.994851083,39.0,2262.967868
2026-03-16 08:00:00+00:00,2250.286,2258.52,2236.989272277,2243.3085,1.756257233,43.0,2248.624366
2026-03-16 09:00:00+00:00,2244.406,2263.2505050505,2241.3,2260.12020202,1.142217543,17.0,2246.585785
2026-03-16 10:00:00+00:00,2261.00020202,2277.793,2255.93,2277.793,1.297101389,33.0,2265.482661
2026-03-16 11:00:00+00:00,2277.21,2279.8905,2266.3215,2270.4136363635,1.637903558,37.0,2272.832566
2026-03-16 12:00:00+00:00,2270.727272727,2302.737,2270.4136363635,2279.3901890185,1.522975877,37.0,2283.431612
2026-03-16 13:00:00+00:00,2278.875037503,2308.2485,2273.07,2289.375,1.421344831,63.0,2292.203839
2026-03-16 14:00:00+00:00,2288.361,2305.5705,2255.913,2288.45,9.380879968,52.0,2283.0966
2026-03-16 15:00:00+00:00,2288.4915,2299.4,2270.993,2274.642871287,7.933127092,39.0,2286.043975
2026-03-16 16:00:00+00:00,2274.347871287,2300.45,2270.55,2297.304,1.479433595,38.0,2279.206036
2026-03-16 17:00:00+00:00,2298.178,2321.235,2294.005,2314.2005,0.532851278,26.0,2306.885829
2026-03-16 18:00:00+00:00,2315.883,2345.285,2314.27,2321.445,5.141167636,71.0,2335.727711
2026-03-16 19:00:00+00:00,2323.25,2348.6765,2319.365,2330.915,2.306712623,33.0,2337.472173
2026-03-16 20:00:00+00:00,2331.345,2347.09,2324.434,2345.65,1.3630054,25.0,2340.869125
2026-03-16 21:00:00+00:00,2344.495,2376.25,2344.495,2362.376,1.386665198,28.0,2353.239249
2026-03-16 22:00:00+00:00,2360.17,2383.5639,2356.1905,2357.3376782175,0.741003827,36.0,2366.366959
2026-03-16 23:00:00+00:00,2356.564356435,2360.591,2330.95,2352.14,1.234154464,22.0,2348.893078
2026-03-17 00:00:00+00:00,2351.339,2374.84030303,2341.8,2356.6,0.51903496,34.0,2351.423834
2026-03-17 01:00:00+00:00,2358.0175,2374.005,2347.151,2361.8825,1.503216945,31.0,2363.065396
2026-03-17 02:00:00+00:00,2360.2985,2362.8,2345.1,2352.296,0.298877364,39.0,2352.742402
2026-03-17 03:00:00+00:00,2353.0175,2355.27,2309.555,2320.54,1.514140431,25.0,2336.664753
2026-03-17 04:00:00+00:00,2322.2,2329.9851485145,2297.785,2311.7888888885,0.800737787,32.0,2321.058464
2026-03-17 05:00:00+00:00,2310.992574257,2318.35,2297.955,2308.0105,0.216686431,25.0,2312.881006
2026-03-17 06:00:00+00:00,2308.425,2324.354,2298.6715,2314.3,0.19386474,21.0,2315.77246
2026-03-17 07:00:00+00:00,2314.735,2337.854040404,2314.735,2328.435,0.166098231,6.0,2334.833733
2026-03-17 08:00:00+00:00,2329.31,2335.5,2316.982,2320.7,0.172419836,19.0,2327.329635
2026-03-17 09:00:00+00:00,2321.8335,2328.8,2308.8265,2316.3195,2.125666282,13.0,2317.730082
2026-03-17 10:00:00+00:00,2314.9045,2317.0065,2306.0305,2313.71980198,0.898855169,24.0,2312.790886
2026-03-17 11:00:00+00:00,2314.57,2333.45,2311.2,2327.2295,7.128349512,24.0,2323.771089
2026-03-17 12:00:00+00:00,2328.5555,2335.2775,2314.5810891085,2315.7505,5.114462843,17.0,2319.211979
2026-03-17 13:00:00+00:00,2314.795,2346.129292929,2314.2910891085,2329.114,0.764141841,29.0,2330.11271
2026-03-17 14:00:00+00:00,2328.5771287125,2349.065,2318.9,2344.0885,1.474033682,34.0,2331.324863
2026-03-17 15:00:00+00:00,2345.35,2359.725,2305.27,2316.105,2.542314921,44.0,2329.510125
2026-03-17 16:00:00+00:00,2317.783,2338.1605,2313.85,2327.592,1.673571038,23.0,2321.236065
2026-03-17 17:00:00+00:00,2328.792,2343.362,2321.48,2340.6065,1.287918005,11.0,2332.359679
2026-03-17 18:00:00+00:00,2339.55,2343.3075,2329.535,2332.7825,2.609423294,14.0,2336.582961
2026-03-17 19:00:00+00:00,2333.445,2339.6,2319.277,2321.5265,0.76208814,17.0,2323.335976
2026-03-17 20:00:00+00:00,2322.61,2329.303960396,2319.543,2328.5737373735,0.733365194,17.0,2323.920938
2026-03-17 21:00:00+00:00,2329.747474747,2344.25,2328.65,2339.9202970295,0.231467206,15.0,2337.202105
2026-03-17 22:00:00+00:00,2339.4502970295,2342.1,2320.0732673265,2331.672,0.128017597,13.0,2335.811576
2026-03-17 23:00:00+00:00,2329.65,2333.4369191915,2317.3905,2319.185,0.125876701,17.0,2326.286042
2026-03-18 00:00:00+00:00,2317.85,2326.191,2309.095,2324.415,0.635311755,20.0,2321.522246
2026-03-18 01:00:00+00:00,2326.1,2335.95,2324.6285,2326.15,0.333499091,24.0,2329.527986
2026-03-18 02:00:00+00:00,2327.505,2341.1925,2327.31,2332.923232323,0.128000486,16.0,2331.588895
2026-03-18 03:00:00+00:00,2333.645014501,2349.605026195,2329.65,2342.395,1.818648885,25.0,2341.715383
2026-03-18 04:00:00+00:00,2342.502,2343.3,2328.33,2329.284950495,0.299405498,20.0,2338.015793
2026-03-18 05:00:00+00:00,2329.254950495,2331.8,2314.77,2319.009,0.718771887,22.0,2326.947751
2026-03-18 06:00:00+00:00,2320.02,2331.697020202,2318.9,2323.198514851,1.939013165,23.0,2325.942414
2026-03-18 07:00:00+00:00,2322.673514851,2324.79,2313.125,2318.393514851,0.481309055,30.0,2319.982097
2026-03-18 08:00:00+00:00,2319.3,2325.0,2318.797,2322.7555,0.334540351,14.0,2321.799358
2026-03-18 09:00:00+00:00,2323.9156565655,2333.5935,2321.551,2329.998,0.146028456,22.0,2327.929499
2026-03-18 10:00:00+00:00,2328.43,2332.375,2311.399176335,2313.41,0.241088291,24.0,2325.462396
2026-03-18 11:00:00+00:00,2312.4345,2323.82388231,2263.7,2269.955,2.056886063,95.0,2273.133646
2026-03-18 12:00:00+00:00,2269.18,2270.526,2236.7905,2237.912,2.774818268,26.0,2257.519596
2026-03-18 13:00:00+00:00,2239.0,2243.8512474745,2224.95,2235.35,1.275572255,30.0,2235.363534
2026-03-18 14:00:00+00:00,2236.89,2237.748,2188.235,2190.29,1.630060156,63.0,2215.570001
2026-03-18 15:00:00+00:00,2191.829,2196.3635,2171.52,2187.4,2.00180682,38.0,2187.21282
2026-03-18 16:00:00+00:00,2186.698,2191.37,2168.021193069,2181.1,0.720227201,25.0,2181.702079
2026-03-18 17:00:00+00:00,2182.2025,2210.3,2177.2,2204.25,2.636874629,16.0,2202.673925
2026-03-18 18:00:00+00:00,2205.0,2218.925,2176.27,2180.9825,2.66545096,31.0,2213.43633
2026-03-18 19:00:00+00:00,2180.105,2196.398,2179.25,2185.5,1.476470741,13.0,2192.070227
2026-03-18 20:00:00+00:00,2186.6,2192.2745,2152.709359605,2188.955,2.545690237,22.0,2165.097113
2026-03-18 21:00:00+00:00,2187.75,2206.6775,2186.268,2203.587,0.73603308,9.0,2202.699181
2026-03-18 22:00:00+00:00,2202.232,2202.232,2187.47,2193.150315031,0.157775622,10.0,2192.84636
2026-03-18 23:00:00+00:00,2193.118811881,2205.6515,2189.9285,2203.293,0.115125487,8.0,2198.808521
2026-03-19 00:00:00+00:00,2201.5255,2208.1545,2191.4812871285,2193.45,0.118264604,16.0,2198.780025
2026-03-19 01:00:00+00:00,2194.272,2201.675,2188.25,2198.48960396,0.100662227,9.0,2192.854606
2026-03-19 02:00:00+00:00,2198.08960396,2203.618181818,2188.9055,2196.8015,0.495673075,9.0,2198.901868
2026-03-19 03:00:00+00:00,2197.678,2233.56,2197.678,2211.8,0.275212158,14.0,2212.725247
2026-03-19 04:00:00+00:00,2211.255,2211.43,2191.046,2194.15,0.351706158,10.0,2197.006491
2026-03-19 05:00:00+00:00,2193.25,2197.759,2186.3345,2189.1675,0.209695,4.0,2192.734135
2026-03-19 06:00:00+00:00,2190.4035,2195.372,2178.367,2180.875,0.069228596,7.0,2185.597425
2026-03-19 07:00:00+00:00,2179.905,2182.6,2143.73,2166.47,0.851867522,24.0,2156.663034
2026-03-19 08:00:00+00:00,2167.74,2171.405,2158.625,2160.4625,1.322768027,24.0,2163.694783
2026-03-19 09:00:00+00:00,2161.705,2191.287,2161.3015,2188.836,0.618578174,11.0,2185.36644
2026-03-19 10:00:00+00:00,2190.05,2191.3,2173.0845,2173.0845,0.192182566,10.0,2181.736213
2026-03-19 11:00:00+00:00,2172.655,2177.095,2165.3985,2166.51,0.257366339,11.0,2168.34208
2026-03-19 12:00:00+00:00,2165.57,2167.572,2129.24,2131.999,2.059109731,15.0,2142.811066
2026-03-19 13:00:00+00:00,2131.145,2160.067845947,2111.8125,2136.6695,2.723655002,41.0,2124.762418
2026-03-19 14:00:00+00:00,2138.2645,2146.601,2102.8411386135,2121.6965,9.900819866,30.0,2127.798622
2026-03-19 15:00:00+00:00,2120.9825,2136.455,2099.0610837435,2118.62,2.128234173,29.0,2121.787349
2026-03-19 16:00:00+00:00,2119.8,2122.1675,2106.295,2114.33,1.509740065,23.0,2111.250843
2026-03-19 17:00:00+00:00,2115.96,2130.315,2105.0,2127.156,1.064160747,19.0,2113.076528
2026-03-19 18:00:00+00:00,2128.045,2128.885,2114.45,2125.66,0.250723599,17.0,2119.215814
2026-03-19 19:00:00+00:00,2126.7,2156.38,2125.66,2141.7005,37.899911426,23.0,2132.947239
2026-03-19 20:00:00+00:00,2140.3685,2152.0,2138.81,2145.9765,1.233719605,11.0,2141.647843
2026-03-19 21:00:00+00:00,2147.285,2154.927,2145.6,2150.4075,0.045870778,6.0,2147.713339
2026-03-19 22:00:00+00:00,2150.9505,2152.59,2133.9485,2140.001,0.285312693,8.0,2147.615612
2026-03-19 23:00:00+00:00,2140.85,2147.3,2132.0585,2138.27,2.134943601,12.0,2142.974387
2026-03-20 00:00:00+00:00,2138.685,2148.325,2135.755,2145.775,0.294512921,13.0,2145.447816
2026-03-20 01:00:00+00:00,2146.75,2160.9,2146.75,2150.8545,0.206279382,28.0,2154.433989
2026-03-20 02:00:00+00:00,2151.65,2151.9,2133.323,2145.368,0.488109988,26.0,2148.665209
2026-03-20 03:00:00+00:00,2144.0925,2157.0,2143.0,2151.628,0.26737548,34.0,2149.445655
2026-03-20 04:00:00+00:00,2152.256,2159.35,2139.8,2148.0535,0.247300374,16.0,2147.112546
2026-03-20 05:00:00+00:00,2146.5,2151.851,2138.635,2139.3315,0.018512,5.0,2147.553711
2026-03-20 06:00:00+00:00,2140.2645,2141.736,2133.29,2137.047,0.133169009,19.0,2137.982424
2026-03-20 07:00:00+00:00,2136.295,2153.7995,2122.754049261,2150.914,0.104131688,9.0,2135.96059
2026-03-20 08:00:00+00:00,2149.8885,2175.896,2146.535,2164.2605,0.063843331,11.0,2163.531017
2026-03-20 09:00:00+00:00,2163.225,2163.225,2135.4495,2140.984,0.155815426,10.0,2150.604895
2026-03-20 10:00:00+00:00,2140.08,2149.6905,2131.55,2148.513,0.094643987,9.0,2140.110891
2026-03-20 11:00:00+00:00,2147.4675,2158.559,2134.5225,2141.15,0.099087423,10.0,2141.910509
2026-03-20 12:00:00+00:00,2142.005,2153.496,2135.6815,2140.2575,0.177854275,9.0,2141.250183
2026-03-20 13:00:00+00:00,2141.45,2151.765,2124.162,2126.965,0.824293816,15.0,2139.438345
2026-03-20 14:00:00+00:00,2125.5735,2147.3215,2118.9975,2128.6,2.300379742,20.0,2142.973187
2026-03-20 15:00:00+00:00,2129.4165,2137.9025,2120.6105,2134.262,0.568471122,18.0,2128.293072
2026-03-20 16:00:00+00:00,2135.244,2144.212,2130.202,2136.8895,0.767231731,25.0,2136.540811
2026-03-20 17:00:00+00:00,2137.7155,2140.206,2119.3915,2135.321,0.897816594,17.0,2132.485757
2026-03-20 18:00:00+00:00,2136.115,2136.245,2117.298,2122.385,3.112912331,18.0,2129.005673
2026-03-20 19:00:00+00:00,2122.9925,2134.6,2117.2555,2132.2665,0.189934103,14.0,2123.633664
2026-03-20 20:00:00+00:00,2133.2745,2135.715,2123.6385,2132.5,0.268492368,15.0,2129.768759
2026-03-20 21:00:00+00:00,2133.298,2156.52,2130.46,2147.475,0.202080052,12.0,2146.61759
2026-03-20 22:00:00+00:00,2148.365,2167.565,2148.365,2154.822,0.538725333,22.0,2156.123553
2026-03-20 23:00:00+00:00,2153.69,2155.06,2143.75,2146.5095,1.044727954,14.0,2153.005019
2026-03-21 00:00:00+00:00,2147.619,2155.4495,2144.145,2153.308,1.433044084,23.0,2153.321764
2026-03-21 01:00:00+00:00,2154.241,2158.972,2146.48,2147.491,0.2567524,18.0,2154.37534
2026-03-21 02:00:00+00:00,2147.146,2155.1815,2145.95,2154.285,0.204051377,14.0,2150.915221
2026-03-21 03:00:00+00:00,2155.3375,2156.12,2151.045,2153.055,1.123799624,13.0,2153.165138
2026-03-21 04:00:00+00:00,2152.02,2158.725,2150.5615,2151.209,24.540180297,20.0,2155.05928
2026-03-21 05:00:00+00:00,2152.4,2158.2,2151.209,2152.47,0.128846136,14.0,2154.430397
2026-03-21 06:00:00+00:00,2152.12,2155.8685,2151.97,2154.635,0.158045536,13.0,2154.112824
2026-03-21 07:00:00+00:00,2155.77,2160.955,2153.156,2155.405,0.977755492,16.0,2156.724393
2026-03-21 08:00:00+00:00,2154.8715,2157.1,2149.566,2154.1085,0.597688742,15.0,2153.221916
2026-03-21 09:00:00+00:00,2154.544,2160.097,2154.1,2157.9545,0.707352443,15.0,2157.519275
2026-03-21 10:00:00+00:00,2157.045,2158.28,2152.2,2153.473,0.31069704,12.0,2155.380364
2026-03-21 11:00:00+00:00,2154.4,2157.5,2152.43,2156.785,0.452197694,19.0,2154.323096
2026-03-21 12:00:00+00:00,2157.99,2160.2,2156.053,2157.54,0.27446625,13.0,2158.413823
2026-03-21 13:00:00+00:00,2157.4295,2158.85,2154.11,2155.289,0.106214133,13.0,2157.334043
2026-03-21 14:00:00+00:00,2156.081,2167.308,2150.2175,2151.106,0.143057405,17.0,2159.197763
2026-03-21 15:00:00+00:00,2152.35,2156.945,2146.98,2154.618,0.110515389,12.0,2151.780876
2026-03-21 16:00:00+00:00,2154.465,2155.9,2145.201,2145.45,0.06041445,10.0,2153.026403
2026-03-21 17:00:00+00:00,2146.15,2151.27,2142.756,2148.1715,0.284699578,15.0,2145.410562
2026-03-21 18:00:00+00:00,2149.401,2154.6,2147.272,2151.07,0.261542271,13.0,2152.723825
2026-03-21 19:00:00+00:00,2152.04,2153.1,2149.1795,2152.16,0.454461278,6.0,2152.001289
2026-03-21 20:00:00+00:00,2153.22,2156.46,2150.466,2155.841,0.111788846,9.0,2153.233763
2026-03-21 21:00:00+00:00,2154.5,2157.0235,2152.561,2153.63,0.116341596,10.0,2153.90246
2026-03-21 22:00:00+00:00,2152.18,2153.3,2148.6845,2150.18,0.097693546,10.0,2151.347018
2026-03-21 23:00:00+00:00,2148.84,2149.6,2071.23,2084.9185,3.142032677,78.0,2090.719505
2026-03-22 00:00:00+00:00,2083.85,2097.6224720775,2029.1068025408,2087.595,5.558214888,46.0,2074.2632
2026-03-22 01:00:00+00:00,2088.325,2094.864,2082.075,2090.647,4.959361808,17.0,2087.486081
2026-03-22 02:00:00+00:00,2091.996,2108.09,2087.5,2101.931,0.655341587,14.0,2091.208369
2026-03-22 03:00:00+00:00,2101.02,2125.9955,2012.284566502,2114.448,0.501378731,14.0,2101.76687
2026-03-22 04:00:00+00:00,2115.5,2121.955,2106.53,2118.461,0.264626771,11.0,2117.193472
2026-03-22 05:00:00+00:00,2119.97,2119.97,2112.54,2113.485,0.271000232,13.0,2116.540032
2026-03-22 06:00:00+00:00,2111.909,2112.05,2106.751,2107.582,0.220500404,14.0,2108.7931
2026-03-22 07:00:00+00:00,2108.264,2111.81,2092.396,2092.396,0.397476633,16.0,2106.707062
2026-03-22 08:00:00+00:00,2091.4,2094.815,2074.71,2086.4675,1.591650403,22.0,2089.756852
2026-03-22 09:00:00+00:00,2085.309,2095.135,2079.4,2084.74,0.388960113,17.0,2086.361911
2026-03-22 10:00:00+00:00,2084.2445,2086.117,2077.75,2081.65,1.501205534,22.0,2081.52573
2026-03-22 11:00:00+00:00,2080.625,2082.8765,2067.626,2069.3855,0.094355543,10.0,2073.701844
2026-03-22 12:00:00+00:00,2070.399,2087.305,2068.225,2082.69,0.217370232,9.0,2075.963784
2026-03-22 13:00:00+00:00,2083.545,2091.546,2072.935,2078.714,0.11584866,11.0,2079.654671
2026-03-22 14:00:00+00:00,2080.4415,2085.06,2072.56,2078.389,0.610629131,9.0,2079.773053
2026-03-22 15:00:00+00:00,2079.285,2083.909,2075.53,2082.694,0.21477963,11.0,2080.351004
2026-03-22 16:00:00+00:00,2083.9825,2084.737,2078.05,2082.639,0.431942014,19.0,2081.645272
2026-03-22 17:00:00+00:00,2081.4675,2084.74,2078.074,2080.537,0.107469778,7.0,2081.614389
2026-03-22 18:00:00+00:00,2079.685,2080.036,2057.4285,2072.4265,0.098739828,8.0,2068.676464
2026-03-22 19:00:00+00:00,2071.8,2072.4265,2054.5825,2062.255,2.663426759,8.0,2065.618596
2026-03-22 20:00:00+00:00,2063.1685,2071.4,2056.335,2058.2,0.633485283,7.0,2066.458143
2026-03-22 21:00:00+00:00,2059.292,2060.615,2005.620566502,2045.378,4.181063087,70.0,2043.382628
2026-03-22 22:00:00+00:00,2045.5,2065.2735,2033.29,2062.393,4.075660363,40.0,2057.807376
2026-03-22 23:00:00+00:00,2063.475,2072.659,2050.424,2053.61,0.062388,6.0,2055.117034
2026-03-23 00:00:00+00:00,2054.4055,2062.145,2035.5465,2042.65,0.170477826,12.0,2050.808294
2026-03-23 01:00:00+00:00,2041.969,2062.8,2038.746,2047.03,2.423052236,12.0,2062.013773
2026-03-23 02:00:00+00:00,2047.6575,2069.1,2046.94,2062.95,0.738926337,7.0,2058.652106
2026-03-23 03:00:00+00:00,2064.288,2071.895,2050.8,2051.82,0.261603591,16.0,2062.194525
2026-03-23 04:00:00+00:00,2051.51,2064.89,2050.35,2064.89,0.243531105,23.0,2057.811045
2026-03-23 05:00:00+00:00,2065.58,2071.87,2059.3,2068.75,0.184091468,11.0,2063.141365
2026-03-23 06:00:00+00:00,2067.919,2068.074,2027.865,2036.584,0.13378007,14.0,2041.444974
2026-03-23 07:00:00+00:00,2035.4,2048.816,2023.06,2043.77,0.113087995,12.0,2037.806417
2026-03-23 08:00:00+00:00,2045.167,2057.7125,2044.1775,2048.554,0.762527748,10.0,2047.373936
2026-03-23 09:00:00+00:00,2047.315,2047.315,2028.6735,2042.9165,0.044910472,8.0,2039.194799
2026-03-23 10:00:00+00:00,2042.175,2053.475,2039.317,2049.1675,1.121310096,8.0,2050.182203
2026-03-23 11:00:00+00:00,2049.8955,2196.942495,2043.78,2133.966,9.741409274,53.0,2159.959393
2026-03-23 12:00:00+00:00,2134.705,2146.9755,2108.436,2142.989,3.610500713,25.0,2140.388456
2026-03-23 13:00:00+00:00,2144.4,2187.441,2139.371,2184.368,1.566796373,30.0,2146.350864
2026-03-23 14:00:00+00:00,2185.9,2192.6495,2168.655,2180.983,3.185999479,40.0,2176.879507
2026-03-23 15:00:00+00:00,2181.918,2187.304,2124.8465,2127.95,2.274334699,38.0,2177.645662
2026-03-23 16:00:00+00:00,2129.24,2141.779,2117.1885,2135.275,0.09972796,7.0,2130.959648
2026-03-23 17:00:00+00:00,2135.496,2157.46,2124.745,2151.5555,0.756828604,19.0,2146.569065
2026-03-23 18:00:00+00:00,2153.013,2170.776,2145.31,2168.185,4.355762722,15.0,2159.097896
2026-03-23 19:00:00+00:00,2167.14,2176.35,2151.4395,2153.9745,0.212545894,10.0,2161.069455
2026-03-23 20:00:00+00:00,2155.09,2164.695,2149.7,2161.703,0.206491115,19.0,2157.170438
2026-03-23 21:00:00+00:00,2162.24,2163.7305,2154.3,2157.155,0.086401936,12.0,2158.267957
2026-03-23 22:00:00+00:00,2158.175,2158.175,2144.53,2152.855,0.241231735,15.0,2151.041257
2026-03-23 23:00:00+00:00,2151.706,2153.0915,2141.0835,2151.82,0.2754052,15.0,2145.336519
2026-03-24 00:00:00+00:00,2153.1585,2154.823,2131.292,2142.2645,0.176233415,20.0,2145.151692
2026-03-24 01:00:00+00:00,2141.825,2148.335,2124.73,2136.86,0.212396974,16.0,2135.782336
2026-03-24 02:00:00+00:00,2136.12,2144.52,2132.6775,2135.055,0.9675014,14.0,2136.303657
2026-03-24 03:00:00+00:00,2135.75,2142.035,2129.9405,2140.32,0.350611797,20.0,2136.365403
2026-03-24 04:00:00+00:00,2141.6895,2151.055,2131.63,2135.4215,0.18228191,7.0,2142.042215
2026-03-24 05:00:00+00:00,2134.485,2137.856,2127.8,2132.9,0.667170837,21.0,2133.935641
2026-03-24 06:00:00+00:00,2134.2,2145.251,2131.18,2144.4165,1.608387268,22.0,2137.19811
2026-03-24 07:00:00+00:00,2145.655,2169.955,2144.1345,2164.807,0.737759354,15.0,2160.057687
2026-03-24 08:00:00+00:00,2165.0955,2167.68,2151.0,2154.53,6.053339558,21.0,2163.678257
2026-03-24 09:00:00+00:00,2155.927,2166.5,2146.74,2164.7285,7.234210878,20.0,2160.763863
2026-03-24 10:00:00+00:00,2163.782,2164.783,2155.7525,2160.872,12.689568771,27.0,2160.288544
2026-03-24 11:00:00+00:00,2160.3,2174.599,2152.587,2165.245,2.275727856,15.0,2159.749277
2026-03-24 12:00:00+00:00,2166.198,2169.2175,2157.89,2162.05,0.140089589,11.0,2163.393215
2026-03-24 13:00:00+00:00,2162.83,2165.513,2130.505,2137.77,5.077761333,61.0,2139.289784
2026-03-24 14:00:00+00:00,2138.77,2147.468,2119.74,2133.0795,7.452891013,79.0,2138.218926
2026-03-24 15:00:00+00:00,2133.664,2146.78,2129.81,2134.985,6.439525449,47.0,2138.493064
2026-03-24 16:00:00+00:00,2133.58,2138.76,2119.984,2125.605,0.178520034,12.0,2128.651631
2026-03-24 17:00:00+00:00,2126.625,2127.83,2102.4095,2108.34,0.864894841,27.0,2111.63218
2026-03-24 18:00:00+00:00,2108.845,2126.3005335125,2104.4815,2117.265,0.129883289,7.0,2114.581578
2026-03-24 19:00:00+00:00,2118.4085,2126.5465,2113.9135,2115.55,0.115979049,12.0,2117.634373
2026-03-24 20:00:00+00:00,2116.898,2153.2195,2115.036,2147.455,0.178384534,15.0,2125.322194
2026-03-24 21:00:00+00:00,2148.125,2151.4,2140.02,2147.2105,0.108751422,15.0,2148.33081
2026-03-24 22:00:00+00:00,2148.08,2153.7035,2140.447,2145.0,0.568462945,8.0,2152.109102
2026-03-24 23:00:00+00:00,2144.0075,2163.05,2143.065,2155.6355,5.26246161,61.0,2154.574094
2026-03-25 00:00:00+00:00,2154.9855,2168.1,2146.9685,2160.605,0.132315605,21.0,2156.197007
2026-03-25 01:00:00+00:00,2159.5805,2165.166,2156.88,2156.97,0.206394193,23.0,2159.142114
2026-03-25 02:00:00+00:00,2157.315,2161.065,2153.36,2153.794,4.901925455,19.0,2156.405636
2026-03-25 03:00:00+00:00,2155.32,2159.71,2146.91,2157.2,0.085904338,14.0,2154.784206
2026-03-25 04:00:00+00:00,2156.67,2165.94,2155.8,2165.3465,0.098773188,19.0,2159.930692
2026-03-25 05:00:00+00:00,2165.162,2178.26,2163.098,2168.183,0.112573804,16.0,2169.230773
2026-03-25 06:00:00+00:00,2169.5,2172.8,2162.65,2162.9125,0.994592425,16.0,2171.369932
2026-03-25 07:00:00+00:00,2161.4,2175.9,2159.852,2162.719,0.966386173,15.0,2165.106494
2026-03-25 08:00:00+00:00,2164.2015,2189.465,2164.0,2176.145,4.909976356,23.0,2178.233286
2026-03-25 09:00:00+00:00,2176.99,2188.505,2174.4,2186.795,0.195680904,17.0,2179.832243
2026-03-25 10:00:00+00:00,2188.815,2188.815,2180.7635,2184.635,0.29533011,16.0,2184.632572
2026-03-25 11:00:00+00:00,2184.635,2198.6025,2181.4,2185.635,1.335789669,26.0,2186.999744
2026-03-25 12:00:00+00:00,2186.9785,2194.662,2164.7545,2183.865,0.431758493,17.0,2170.394884
2026-03-25 13:00:00+00:00,2183.0625,2197.9925,2179.25,2184.25,1.629144077,94.0,2183.624965
2026-03-25 14:00:00+00:00,2185.34,2187.427,2174.8905,2174.8905,0.288758354,10.0,2178.30739
2026-03-25 15:00:00+00:00,2174.955,2176.62,2147.5,2162.6055,11.86822668,21.0,2160.86795
2026-03-25 16:00:00+00:00,2161.9,2184.3035,2156.05,2174.1085,10.114860815,17.0,2164.986795
2026-03-25 17:00:00+00:00,2172.395,2175.734,2160.515,2163.652,14.560456427,14.0,2171.861581
2026-03-25 18:00:00+00:00,2164.15,2173.4,2157.717,2161.1165,0.025936059,11.0,2168.924067
2026-03-25 19:00:00+00:00,2160.065,2175.1465,2159.1505,2171.779,1.340760752,15.0,2169.958832
2026-03-25 20:00:00+00:00,2169.934,2170.412,2159.251,2166.585,0.132627743,7.0,2163.492929
2026-03-25 21:00:00+00:00,2166.585,2168.4745,2161.4355,2162.4865,0.02707984,4.0,2163.548691
2026-03-25 22:00:00+00:00,2163.78,2181.84,2160.9195,2174.9165,0.020791877,9.0,2170.073902
2026-03-25 23:00:00+00:00,2174.66,2176.5515,2164.405,2169.0475,0.072926608,11.0,2173.13875
2026-03-26 00:00:00+00:00,2168.1265,2171.3,2161.98,2165.3485,0.02050781,6.0,2166.461584
2026-03-26 01:00:00+00:00,2166.83,2168.95,2159.7,2164.8505,0.087265043,11.0,2164.612937
2026-03-26 02:00:00+00:00,2163.7,2164.734,2143.381,2149.35,0.2721972,26.0,2148.601675
2026-03-26 03:00:00+00:00,2148.328,2153.157,2143.65,2152.19,0.019985859,7.0,2150.063506
2026-03-26 04:00:00+00:00,2150.6975,2153.0,2146.3,2148.4325,0.020415,6.0,2150.014365
2026-03-26 05:00:00+00:00,2149.49,2149.49,2112.1,2118.385,10.153429203,131.0,2132.384607
2026-03-26 06:00:00+00:00,2117.395,2123.3,2111.0,2120.25,2.728686713,25.0,2119.311494
2026-03-26 07:00:00+00:00,2119.1,2123.223,2112.518,2122.91,2.244873541,16.0,2119.250565
2026-03-26 08:00:00+00:00,2123.7,2124.9577,2113.365,2118.8065,0.062111,9.0,2116.200062
2026-03-26 09:00:00+00:00,2117.8,2120.778,2075.34355,2081.739,0.842704761,59.0,2094.199994
2026-03-26 10:00:00+00:00,2080.515,2081.9225,2071.7625,2076.7025,1.103932945,21.0,2077.241843
2026-03-26 11:00:00+00:00,2078.265,2079.2785,2065.3798152705,2067.564,1.399354899,15.0,2071.055346
2026-03-26 12:00:00+00:00,2066.149,2073.7065,2065.4623152705,2072.275,1.854689768,16.0,2070.065841
2026-03-26 13:00:00+00:00,2073.195,2091.4,2068.3,2079.304,0.451069443,14.0,2077.307597
2026-03-26 14:00:00+00:00,2080.617,2083.965,2066.817,2074.675,0.400727423,17.0,2077.554776
2026-03-26 15:00:00+00:00,2073.823,2073.823,2052.095,2068.5155,1.964813393,26.0,2066.236621
2026-03-26 16:00:00+00:00,2069.711,2069.711,2059.465,2059.465,0.939319893,21.0,2063.598443
2026-03-26 17:00:00+00:00,2060.15,2069.244,2045.824,2047.2475,0.42061552,13.0,2066.156766
2026-03-26 18:00:00+00:00,2047.7195,2054.39,2033.38,2045.1235,1.579125092,10.0,2040.520568
2026-03-26 19:00:00+00:00,2045.8045,2052.2,2038.083,2047.9345,0.180015453,5.0,2043.053253
2026-03-26 20:00:00+00:00,2046.948,2077.9725,2008.48,2063.1325,0.614097102,13.0,2041.963126
2026-03-26 21:00:00+00:00,2061.76,2074.2455,2058.7,2067.155,0.710786352,5.0,2066.048458
2026-03-26 22:00:00+00:00,2065.944,2071.6,2054.128,2064.95,0.175220595,22.0,2064.057828
2026-03-26 23:00:00+00:00,2065.8135,2067.4,2055.2,2059.045,0.040388959,11.0,2062.568866
2026-03-27 00:00:00+00:00,2058.1295,2065.65,2056.5,2064.13,0.071189839,11.0,2060.949787
2026-03-27 01:00:00+00:00,2062.66,2073.08,2062.437,2072.595,0.216683366,14.0,2067.615909
2026-03-27 02:00:00+00:00,2073.44,2075.15,2066.0275,2066.9985,0.121144743,6.0,2069.477229
2026-03-27 03:00:00+00:00,2067.8,2068.0775,2058.5,2059.287,0.021827035,5.0,2061.345508
2026-03-27 04:00:00+00:00,2060.5,2060.5,2042.81945,2050.7595,0.043457576,10.0,2051.802299
2026-03-27 05:00:00+00:00,2052.7025,2065.236,2050.794,2059.102,0.0834424,13.0,2058.062368
2026-03-27 06:00:00+00:00,2058.31,2066.188,2057.2715,2061.106,5.075573756,5.0,2060.949774
2026-03-27 07:00:00+00:00,2062.3625,2070.261,2059.6975,2064.475,0.186004416,10.0,2065.602878
2026-03-27 08:00:00+00:00,2063.32,2067.99,2032.9915,2047.1435,0.941762394,14.0,2044.946639
2026-03-27 09:00:00+00:00,2045.55,2049.65,2035.675,2039.1,3.274623194,15.0,2045.512705
2026-03-27 10:00:00+00:00,2038.25,2045.605,1984.613,1990.32,3.250652124,34.0,2018.700429
2026-03-27 11:00:00+00:00,1991.4795,1997.667,1980.909,1990.045,1.318079614,23.0,1992.589572
2026-03-27 12:00:00+00:00,1991.313,1992.325,1981.285,1988.905,1.251282182,12.0,1991.252324
2026-03-27 13:00:00+00:00,1989.72,2026.5866748765,1972.404,1977.4655,13.784014386,18.0,1992.725037
2026-03-27 14:00:00+00:00,1976.62,1987.685,1971.2266748765,1987.685,2.697112977,15.0,1983.631896
2026-03-27 15:00:00+00:00,1988.745,2008.69,1982.0555,1990.05,2.639844363,20.0,1998.067285
2026-03-27 16:00:00+00:00,1989.42,1990.03,1979.301,1984.855,0.417275602,19.0,1985.287323
2026-03-27 17:00:00+00:00,1986.217,1996.215,1973.7785,1975.65,1.495468144,9.0,1993.067504
2026-03-27 18:00:00+00:00,1976.3165,1984.63,1972.565,1982.938,3.545491498,18.0,1981.286646
2026-03-27 19:00:00+00:00,1982.15,1995.4625,1977.315,1990.185,0.570229497,16.0,1989.187106
2026-03-27 20:00:00+00:00,1990.9,1994.35,1978.99,1984.25,21.024173898,9.0,1980.637034
2026-03-27 21:00:00+00:00,1984.9685,1989.55,1982.895,1984.3375,0.338052216,11.0,1986.85359
2026-03-27 22:00:00+00:00,1985.2,1986.4,1980.79,1984.45,0.050802635,3.0,1985.464437
2026-03-27 23:00:00+00:00,1984.45,1992.28,1978.995,1990.8935,0.021781264,6.0,1986.473173
2026-03-28 00:00:00+00:00,1991.8,1993.16,1988.29,1992.435,5.493961841,14.0,1991.642573
2026-03-28 01:00:00+00:00,1991.93,1991.93,1983.58,1988.35,0.134098424,12.0,1987.289635
2026-03-28 02:00:00+00:00,1989.5,1992.61,1982.07,1985.75,0.285147146,12.0,1990.367364
2026-03-28 03:00:00+00:00,1986.625,1990.139,1985.7,1987.76,5.132794371,8.0,1985.905459
2026-03-28 04:00:00+00:00,1988.97,1991.8,1986.6305,1989.06,4.978317051,8.0,1988.981455
2026-03-28 05:00:00+00:00,1990.0,1993.7,1986.807,1992.655,0.07390763,6.0,1988.846271
2026-03-28 06:00:00+00:00,1993.745,2004.2665,1991.45,2000.235,1.880586569,18.0,2002.69698
2026-03-28 07:00:00+00:00,2000.0305,2007.09,1999.45,2005.555,5.521852882,10.0,1999.970578
2026-03-28 08:00:00+00:00,2004.8,2008.0,1997.5125,1998.2,0.053087655,8.0,2004.70173
2026-03-28 09:00:00+00:00,1997.75,1998.845,1994.3485,1997.7125,10.262892485,14.0,1995.043451
2026-03-28 10:00:00+00:00,1998.8975,2002.255,1991.328,1995.3315,0.171759571,10.0,1995.71344
2026-03-28 11:00:00+00:00,1995.82,1999.495,1993.91,1996.775,11.111884609,8.0,1994.915253
2026-03-28 12:00:00+00:00,1995.724,2002.204,1991.2665,1998.097,0.020179886,4.0,1997.988966
2026-03-28 13:00:00+00:00,1999.48,2035.05,1998.08,2024.613,0.174975434,23.0,2018.497839
2026-03-28 14:00:00+00:00,2025.6,2030.481425024,2015.93,2019.136,0.058853996,10.0,2023.131239
2026-03-28 15:00:00+00:00,2019.445,2036.487,2016.2,2025.42,0.608382244,24.0,2024.372734
2026-03-28 16:00:00+00:00,2026.39,2029.24,2021.18255,2023.31,0.27474598,24.0,2027.063517
2026-03-28 17:00:00+00:00,2023.913895,2026.549,2015.93825,2019.965,0.701650023,26.0,2020.284712
2026-03-28 18:00:00+00:00,2021.33,2022.947,2018.6,2021.465,0.043192639,8.0,2021.362166
2026-03-28 19:00:00+00:00,2020.585,2022.109,2016.43825,2019.15,0.40042442,18.0,2018.094628
2026-03-28 20:00:00+00:00,2019.84,2025.64,2019.84,2022.585,0.08968222,12.0,2021.727425
2026-03-28 21:00:00+00:00,2022.9145,2023.212,2005.69,2009.0345,0.231004146,8.0,2012.19112
2026-03-28 22:00:00+00:00,2008.0675,2011.583,2004.7339,2010.16,9.932708044,12.0,2007.739388
2026-03-28 23:00:00+00:00,2009.4775,2010.253,1988.4045,1993.4425,0.362927022,15.0,1994.708743
2026-03-29 00:00:00+00:00,1992.492,1997.715,1991.27,1997.715,0.030277,6.0,1994.847379
2026-03-29 01:00:00+00:00,1999.23,2004.77,1997.4175,2002.855,0.053417351,9.0,2000.805489
2026-03-29 02:00:00+00:00,2004.09,2008.145,2000.556,2007.25,9.691217116,8.0,2003.520148
2026-03-29 03:00:00+00:00,2007.8,2017.7777221335,2005.55,2009.5575,9.848926299,9.0,2007.212008
2026-03-29 04:00:00+00:00,2010.615,2011.597,2003.165,2004.06,9.740898739,10.0,2009.582082
2026-03-29 05:00:00+00:00,2003.7255,2005.577,1996.1715,2004.79,0.500030996,7.0,2002.617221
2026-03-29 06:00:00+00:00,2003.9555,2006.12,1999.7015,2003.5335,9.664112386,6.0,2003.758278
2026-03-29 07:00:00+00:00,2004.397,2007.516,1998.1,2005.0,9.70783467,9.0,2002.881999
2026-03-29 08:00:00+00:00,2004.092,2006.15,2000.98,2002.4065,58.039817852,9.0,2004.120764
2026-03-29 09:00:00+00:00,2003.075,2004.1,1995.235,1997.6,0.041095,10.0,2000.353451
2026-03-29 10:00:00+00:00,1997.1105,1997.1105,1991.43,1994.65,0.601618158,11.0,1994.127502
2026-03-29 11:00:00+00:00,1993.1,2006.5565,1993.1,2002.6335,0.301271898,13.0,2002.931674
2026-03-29 12:00:00+00:00,2003.52,2003.52,1996.975,2001.207,0.119027418,10.0,2002.447248
2026-03-29 13:00:00+00:00,2000.465,2001.34,1983.34,1984.95,0.167976,11.0,1989.857484
2026-03-29 14:00:00+00:00,1986.31,1999.789,1983.023,1992.48,0.053663409,8.0,1989.836543
2026-03-29 15:00:00+00:00,1993.33,1996.6955,1984.9965,1990.5445,0.080230026,7.0,1989.06057
2026-03-29 16:00:00+00:00,1991.4,2002.09,1990.3895,1995.8615,0.035511955,9.0,1994.301335
2026-03-29 17:00:00+00:00,1996.019,1997.472,1986.095,1993.22,0.042127438,4.0,1991.319425
2026-03-29 18:00:00+00:00,1994.05,1999.08,1989.84,1995.4,1.457514968,12.0,1992.679371
2026-03-29 19:00:00+00:00,1996.02,1997.925,1992.523,1993.945,0.010653049,2.0,1993.457239
2026-03-29 20:00:00+00:00,1994.762,2007.2925,1994.2,2000.395,0.050300947,7.0,2001.815779
2026-03-29 21:00:00+00:00,2001.51,2005.712,1999.9265,2004.975,0.022041859,2.0,2001.365688
2026-03-29 22:00:00+00:00,2003.726,2003.726,1938.1985,1972.155,3.971549397,30.0,1958.221325
2026-03-29 23:00:00+00:00,1973.186,1992.035,1973.186,1982.26,0.277079908,15.0,1983.254287
2026-03-30 00:00:00+00:00,1983.5465,2020.315,1979.415,1996.8675,0.276594391,19.0,2004.587178
2026-03-30 01:00:00+00:00,1997.49,2014.5755,1996.929,2008.9425,0.051541,6.0,2007.654539
2026-03-30 02:00:00+00:00,2010.063,2041.045,2006.305,2028.2365,0.64159596,19.0,2021.999741
2026-03-30 03:00:00+00:00,2026.84,2040.0495,2025.22,2034.55,0.05685077,8.0,2034.200272
2026-03-30 04:00:00+00:00,2035.268,2049.1401899499992,2034.815,2047.301,0.259725706,49.0,2045.570364
2026-03-30 05:00:00+00:00,2048.235,2056.1705,2045.8265,2045.8265,0.50796248,7.0,2051.432321
2026-03-30 06:00:00+00:00,2046.766,2051.2,2040.6905,2041.155,0.076531,15.0,2045.696954
2026-03-30 07:00:00+00:00,2041.9,2063.645,2040.49,2057.559,0.095151294,9.0,2047.55633
2026-03-30 08:00:00+00:00,2058.0745,2072.4665,2055.7,2061.5175,0.082612508,8.0,2062.211895
2026-03-30 09:00:00+00:00,2060.8,2062.2775,2052.7,2054.295,0.077401,8.0,2057.716459
2026-03-30 10:00:00+00:00,2052.857,2056.288,2047.425,2056.13,0.156848876,10.0,2053.425248
2026-03-30 11:00:00+00:00,2056.9,2077.4,2039.305,2069.6415,0.428619219,16.0,2064.398344
2026-03-30 12:00:00+00:00,2070.615,2076.7655,2068.4,2073.7710000035,16.198949895,31.0,2071.497429
2026-03-30 13:00:00+00:00,2074.015,2081.549,1972.155,2058.6,1.429294271,22.0,2070.327982
2026-03-30 14:00:00+00:00,2059.6275,2073.42,2043.475,2070.73,0.52907756,30.0,2061.248211
2026-03-30 15:00:00+00:00,2071.4,2078.25,2061.965,2072.22,2.92187363,18.0,2074.331656
2026-03-30 16:00:00+00:00,2073.9905,2073.9905,2058.114,2064.7155,0.431285577,19.0,2066.282906
2026-03-30 17:00:00+00:00,2065.615,2070.428,2031.45,2040.3,0.873272431,14.0,2037.242029
2026-03-30 18:00:00+00:00,2039.18,2041.745,2027.202,2030.0525,0.051554327,5.0,2036.356008
2026-03-30 19:00:00+00:00,2029.469,2030.175,2012.1545,2021.935,0.235629444,15.0,2016.23893
2026-03-30 20:00:00+00:00,2022.6955,2025.2775,2019.911,2022.075,0.065213,8.0,2022.449959
2026-03-30 21:00:00+00:00,2020.805,2046.5,2020.646,2034.15,0.254142414,8.0,2044.723029
2026-03-30 22:00:00+00:00,2034.848,2042.34,2028.8575,2031.405,0.025652,6.0,2034.690369
2026-03-30 23:00:00+00:00,2030.6,2030.6,2012.6065,2024.115,0.022409,6.0,2020.5191
2026-03-31 00:00:00+00:00,2025.3085,2038.695,2015.073,2034.45,0.011069,2.0,2023.232145
2026-03-31 01:00:00+00:00,2035.765,2089.316,2011.6227695,2071.54,0.080034637,16.0,2059.791619
2026-03-31 02:00:00+00:00,2072.8,2080.09,2066.24,2072.1035,0.478948697,13.0,2076.145724
2026-03-31 03:00:00+00:00,2070.735,2074.03,2058.5,2065.35,0.079240513,15.0,2066.271802
2026-03-31 04:00:00+00:00,2065.6275,2069.7615,2056.2075,2058.935,0.365287754,8.0,2059.279048
2026-03-31 05:00:00+00:00,2057.265,2067.357,2053.43,2062.35,0.073050727,5.0,2061.062656
2026-03-31 06:00:00+00:00,2063.128,2063.128,2053.947,2060.4235,0.116426365,5.0,2060.111521
2026-03-31 07:00:00+00:00,2059.2665,2060.65,2040.63,2053.385,0.290323997,10.0,2049.669851
2026-03-31 08:00:00+00:00,2054.254,2057.109,2035.11,2038.621,0.672152289,10.0,2050.890594
2026-03-31 09:00:00+00:00,2037.993,2042.01,2011.131,2016.43,0.249984128,6.0,2025.517261
2026-03-31 10:00:00+00:00,2015.3755,2028.398,2015.3755,2024.806,0.061846,9.0,2024.567389
2026-03-31 11:00:00+00:00,2023.7,2041.6,2021.03,2038.565,0.858204161,6.0,2033.357537
2026-03-31 12:00:00+00:00,2039.95,2056.338,2034.236,2046.405,0.231671924,8.0,2042.561277
2026-03-31 13:00:00+00:00,2047.495,2078.585,2047.495,2073.4785,0.30444942,17.0,2061.556315
2026-03-31 14:00:00+00:00,2072.47,2089.58,2036.24,2043.961,2.771765492,24.0,2072.90633
2026-03-31 15:00:00+00:00,2044.7,2075.695,2043.9,2052.75,0.56838014,18.0,2061.652701
2026-03-31 16:00:00+00:00,2053.8,2105.663,2053.8,2089.46,1.470030555,27.0,2085.744923
2026-03-31 17:00:00+00:00,2091.0255,2120.785,2086.6015,2091.0175,4.184260623,44.0,2109.340179
2026-03-31 18:00:00+00:00,2091.754,2112.4535,2091.754,2097.85,1.183779636,29.0,2096.172038
2026-03-31 19:00:00+00:00,2098.811,2102.718,2091.302,2095.523,0.100694972,5.0,2100.166571
2026-03-31 20:00:00+00:00,2096.486,2107.431,2095.335,2105.843,0.083490694,6.0,2101.608695
2026-03-31 21:00:00+00:00,2105.345,2106.525,2092.4,2101.26,0.067047,5.0,2094.937498
2026-03-31 22:00:00+00:00,2101.984,2101.984,2088.946,2094.935,0.266505902,31.0,2094.652838
2026-03-31 23:00:00+00:00,2094.16,2106.1175,2092.295,2103.379,0.355879794,13.0,2103.352303
2026-04-01 00:00:00+00:00,2104.3295,2113.7,2095.181,2113.0,1.251934626,62.0,2102.791434
2026-04-01 01:00:00+00:00,2113.7435,2114.0565,2090.4476040976,2092.08,0.141493246,14.0,2096.592627
2026-04-01 02:00:00+00:00,2092.785,2094.178,2081.371,2087.348,1.486824691,68.0,2086.531529
2026-04-01 03:00:00+00:00,2087.9815,2105.1365,2087.9815,2101.6505,5.627132669,31.0,2100.767942
2026-04-01 04:00:00+00:00,2103.3675,2113.85,2098.0,2109.395,0.544149751,40.0,2102.371436
2026-04-01 05:00:00+00:00,2108.64,2133.0625,2105.72,2121.844,0.164672404,20.0,2121.515535
2026-04-01 06:00:00+00:00,2120.614,2154.36,2120.614,2150.5145,1.710677516,29.0,2145.163726
2026-04-01 07:00:00+00:00,2151.3275,2156.438,2129.76,2129.76,1.250159732,38.0,2143.697969
2026-04-01 08:00:00+00:00,2130.8315,2142.37,2125.004,2137.2315,0.148634817,15.0,2132.749006
2026-04-01 09:00:00+00:00,2136.097,2139.2,2128.289,2136.923,2.596952589,18.0,2135.962576
2026-04-01 10:00:00+00:00,2135.056,2136.34,2126.2715,2132.018,0.978318251,56.0,2130.386034
2026-04-01 11:00:00+00:00,2131.85,2137.9765,2129.886,2134.79,1.659213641,12.0,2135.582895
2026-04-01 12:00:00+00:00,2133.39,2141.9035,2121.53945,2129.15,0.859954062,12.0,2131.071448
2026-04-01 13:00:00+00:00,2130.8675,2133.957,2107.4,2117.708,0.318961054,18.0,2119.048613
2026-04-01 14:00:00+00:00,2116.886,2129.6,2113.5875,2126.0435,1.429039431,12.0,2123.263293
2026-04-01 15:00:00+00:00,2126.852,2137.468,2121.518,2134.68,0.419700682,19.0,2131.916567
2026-04-01 16:00:00+00:00,2135.7,2150.4775,2124.7,2145.195,0.182440527,19.0,2139.500756
2026-04-01 17:00:00+00:00,2146.2955,2166.74,2134.1335,2137.151,1.213956149,22.0,2145.251433
2026-04-01 18:00:00+00:00,2135.5625,2135.5625,2123.653,2128.153,2.707314925,31.0,2130.26874
2026-04-01 19:00:00+00:00,2129.51,2144.59,2126.658,2140.6945,0.319181714,36.0,2136.450994
2026-04-01 20:00:00+00:00,2141.837,2146.875,2130.159,2143.873,0.170178511,30.0,2138.182276
2026-04-01 21:00:00+00:00,2144.52,2165.0135,2141.86,2156.8365,1.359179157,21.0,2156.339869
2026-04-01 22:00:00+00:00,2155.9195,2157.792,2138.625,2140.359,0.054492138,27.0,2146.164264
2026-04-01 23:00:00+00:00,2139.66,2145.22,2135.7,2139.38,0.328776536,16.0,2140.408184
2026-04-02 00:00:00+00:00,2140.5,2159.5,2136.205,2155.85,1.076115452,14.0,2158.931314
2026-04-02 01:00:00+00:00,2154.965,2154.965,2067.66,2099.545000001,3.509807251,89.0,2101.425531
2026-04-02 02:00:00+00:00,2098.795000001,2098.795000001,2065.73,2073.5625,2.43143514,19.0,2080.219861
2026-04-02 03:00:00+00:00,2072.329,2076.02,2047.01,2055.959,0.392985811,18.0,2071.203814
2026-04-02 04:00:00+00:00,2054.838,2057.423,2041.87,2045.085,2.535647292,19.0,2050.728264
2026-04-02 05:00:00+00:00,2046.0595,2050.725,2038.69,2049.65,0.6123889,5.0,2048.71101
2026-04-02 06:00:00+00:00,2050.3,2053.275,2045.45,2050.2095,0.158479852,15.0,2048.879048
2026-04-02 07:00:00+00:00,2049.1,2056.63,2044.0245,2055.895,0.488293108,13.0,2052.573232
2026-04-02 08:00:00+00:00,2054.85,2054.85,2045.2815,2045.2815,0.938717451,18.0,2050.145747
2026-04-02 09:00:00+00:00,2046.251,2048.171,2040.507,2043.285,0.161368527,10.0,2044.03846
2026-04-02 10:00:00+00:00,2042.955,2044.031,2032.52,2038.1175,0.566823606,15.0,2037.03534
2026-04-02 11:00:00+00:00,2038.59,2038.985,2025.7175,2032.4655,1.369926473,14.0,2035.300677
2026-04-02 12:00:00+00:00,2031.6675,2032.7,2024.3947545125,2026.95,5.519153445,19.0,2028.977166
2026-04-02 13:00:00+00:00,2027.697,2038.29,2016.4,2037.565,0.392889378,21.0,2026.167542
2026-04-02 14:00:00+00:00,2038.3925,2071.465,2024.89,2064.464,1.721796952,16.0,2041.980708
2026-04-02 15:00:00+00:00,2063.075,2067.4085,2047.9,2059.5045,1.788041833,13.0,2055.164321
2026-04-02 16:00:00+00:00,2058.506,2074.735,2052.086,2063.144,0.60529205,12.0,2062.638011
2026-04-02 17:00:00+00:00,2062.1695,2071.4,2045.8195,2046.475,0.06952293,5.0,2054.570449
2026-04-02 18:00:00+00:00,2047.7085,2061.6605,2043.667,2058.221,0.176175107,5.0,2046.083707
2026-04-02 19:00:00+00:00,2058.74,2066.75,2055.398,2065.653,2.118698153,8.0,2060.587084
2026-04-02 20:00:00+00:00,2064.755,2073.895,2060.67,2068.3,1.187203936,10.0,2065.347065
2026-04-02 21:00:00+00:00,2069.34,2069.8,2056.196,2062.3245,0.166395178,8.0,2059.501188
2026-04-02 22:00:00+00:00,2060.768,2064.3015,2054.301,2060.3285,0.023125534,6.0,2061.554463
2026-04-02 23:00:00+00:00,2058.9305,2061.224,2054.14,2056.65,0.052891438,3.0,2057.318799
2026-04-03 00:00:00+00:00,2057.9325,2059.1935,2050.316,2052.033,0.008452383,2.0,2054.348308
2026-04-03 01:00:00+00:00,2053.366,2061.876,2045.194,2049.98,0.1118636,16.0,2055.642412
2026-04-03 02:00:00+00:00,2049.295,2059.56,2042.1,2052.3735,0.120475948,8.0,2048.057907
2026-04-03 03:00:00+00:00,2051.15,2056.7,2050.3805,2054.35,0.0073243,2.0,2054.551414
2026-04-03 04:00:00+00:00,2053.8385,2057.63,2048.87,2053.927,0.189052694,6.0,2055.482995
2026-04-03 05:00:00+00:00,2054.695,2064.0325,2048.2,2057.05,0.216666449,6.0,2062.094551
2026-04-03 06:00:00+00:00,2056.44,2066.4,2055.7695,2064.18,0.01086513,3.0,2059.027801
2026-04-03 07:00:00+00:00,2063.0,2074.62,2062.555,2065.42,0.074675332,7.0,2067.92371
2026-04-03 08:00:00+00:00,2066.5,2070.9155,2058.85,2061.335,0.251158999,7.0,2067.701114
2026-04-03 09:00:00+00:00,2062.4,2064.4,2056.46,2061.6205,0.043686,8.0,2060.929073
2026-04-03 10:00:00+00:00,2060.227,2061.111,2053.2855,2059.6385,0.00802496,5.0,2059.467743
2026-04-03 11:00:00+00:00,2061.38,2065.04,2057.5625,2062.92,0.036023,4.0,2062.528536
2026-04-03 12:00:00+00:00,2063.888,2077.605,2046.2,2050.407,0.041051281,5.0,2060.832067
2026-04-03 13:00:00+00:00,2051.17,2051.19,2042.3445,2048.085,0.465603984,17.0,2046.793887
2026-04-03 14:00:00+00:00,2048.8,2056.65,2045.65,2054.333,0.48881894,20.0,2051.128811
2026-04-03 15:00:00+00:00,2055.37,2057.8,2048.7,2051.6,1.240680391,8.0,2052.353496
2026-04-03 16:00:00+00:00,2052.65,2056.0775,2049.37,2055.5555,0.425961576,19.0,2052.817166
2026-04-03 17:00:00+00:00,2056.5,2056.5,2044.3285,2050.9915,0.192680585,5.0,2051.500618
2026-04-03 18:00:00+00:00,2050.6255,2053.43,2047.6,2048.7635,4.718352991,4.0,2050.835383
2026-04-03 19:00:00+00:00,2048.877,2053.175,2045.38,2052.2,0.000478361,1.0,2049.48
2026-04-03 20:00:00+00:00,2052.28,2055.201,2051.27,2052.385,0.529903903,14.0,2053.335707
2026-04-03 21:00:00+00:00,2053.3,2060.7215,2052.6,2058.3115,1.388288957,6.0,2054.295621
2026-04-03 22:00:00+00:00,2059.585,2059.585,2049.99,2051.97,4.68207477,6.0,2054.82393
2026-04-03 23:00:00+00:00,2050.8325,2053.767,2048.6,2053.767,0.034567041,7.0,2050.473873
2026-04-04 00:00:00+00:00,2052.95,2054.459,2050.975,2051.545,0.050967019,3.0,2054.40639
2026-04-04 01:00:00+00:00,2052.6,2053.802,2049.169,2050.8155,0.015924995,6.0,2052.037436
2026-04-04 02:00:00+00:00,2050.8395,2053.573,2047.6585,2049.7005,0.01226794,3.0,2048.234845
2026-04-04 03:00:00+00:00,2049.7005,2051.92,2048.808,2049.936,0.083895,8.0,2049.899697
2026-04-04 04:00:00+00:00,2050.25,2051.558,2048.235,2050.56,1.300852482,3.0,2050.497165
2026-04-04 05:00:00+00:00,2051.6385,2054.409,2049.77,2053.5985,0.102860757,9.0,2052.149353
2026-04-04 06:00:00+00:00,2053.275,2057.1975,2052.18,2057.12,1.125429322,5.0,2054.421694
2026-04-04 07:00:00+00:00,2056.545,2056.844,2050.754,2053.6435,0.021311,6.0,2052.596968
2026-04-04 08:00:00+00:00,2052.8055,2055.088,2049.45,2050.505,0.112491832,6.0,2051.881468
2026-04-04 09:00:00+00:00,2050.7171925,2051.174,2048.14,2049.5865,1.307952716,8.0,2050.528149
2026-04-04 10:00:00+00:00,2050.45,2055.36,2047.53,2053.879,0.048155677,5.0,2050.503612
2026-04-04 11:00:00+00:00,2053.25,2053.41,2050.75,2051.2345,0.003891,1.0,2051.74
2026-04-04 12:00:00+00:00,2052.0415,2054.115,2048.07,2049.31,2.012617376,6.0,2052.396364
2026-04-04 13:00:00+00:00,2049.019,2054.1495,2049.019,2053.117,0.03,2.0,2051.96
2026-04-04 14:00:00+00:00,2053.8715,2054.03,2043.975,2052.89,0.0,0.0,2053.8715
2026-04-04 15:00:00+00:00,2052.1845,2061.0655,2052.1845,2055.454,1.093199441,6.0,2055.754938
2026-04-04 16:00:00+00:00,2056.297,2061.285,2052.885,2054.911,1.292750822,16.0,2055.98892
2026-04-04 17:00:00+00:00,2053.75,2058.4,2052.61,2056.326,0.081595801,3.0,2055.750495
2026-04-04 18:00:00+00:00,2056.99,2058.382,2053.5,2054.507,1.073762681,10.0,2057.508305
2026-04-04 19:00:00+00:00,2053.46,2082.4685,2053.46,2064.7315,0.117471265,9.0,2068.821514
2026-04-04 20:00:00+00:00,2064.07,2064.6485,2059.848,2062.534,0.067242088,4.0,2061.997978
2026-04-04 21:00:00+00:00,2063.485,2070.45,2062.4315,2068.57,0.011111002,4.0,2066.468722
2026-04-04 22:00:00+00:00,2068.236,2071.4205,2067.7,2068.5,0.073682245,3.0,2069.937318
2026-04-04 23:00:00+00:00,2068.56,2068.56,2062.23,2065.213,0.009481111,2.0,2064.805882
2026-04-05 00:00:00+00:00,2064.6415,2066.488,2060.75,2060.8,0.065989661,16.0,2064.036241
2026-04-05 01:00:00+00:00,2062.165,2063.0,2056.5,2057.416,0.290114198,7.0,2058.773915
2026-04-05 02:00:00+00:00,2056.959,2059.848,2053.881,2059.848,0.728392286,3.0,2057.971483
2026-04-05 03:00:00+00:00,2059.1,2060.351,2054.8,2055.845,1.095237,8.0,2058.196581
2026-04-05 04:00:00+00:00,2055.41,2057.605,2053.4995,2054.8,0.107997213,8.0,2055.618894
2026-04-05 05:00:00+00:00,2054.55,2056.053,2047.1085,2048.0,0.465767944,9.0,2051.714886
2026-04-05 06:00:00+00:00,2046.702,2048.7245,2027.8525,2038.707,0.580932539,12.0,2035.735346
2026-04-05 07:00:00+00:00,2039.05,2041.8,2034.0195,2037.079,0.602137786,9.0,2039.208754
2026-04-05 08:00:00+00:00,2035.6,2039.031,2035.6,2038.5955,0.038034629,4.0,2038.194157
2026-04-05 09:00:00+00:00,2039.68,2045.565,2038.3,2044.049,0.287870347,7.0,2041.121345
2026-04-05 10:00:00+00:00,2042.955,2052.1,2041.855,2044.384,0.005015,2.0,2043.214246
2026-04-05 11:00:00+00:00,2043.868,2044.65,2038.95,2041.6,0.116547,4.0,2041.926265
2026-04-05 12:00:00+00:00,2042.55,2042.55,2022.5515,2027.9,0.131777464,12.0,2033.21114
2026-04-05 13:00:00+00:00,2028.7435,2036.04,2024.65,2036.04,0.305651264,10.0,2033.862142
2026-04-05 14:00:00+00:00,2035.3,2041.75,2035.3,2037.7815,2.475912366,9.0,2039.496009
2026-04-05 15:00:00+00:00,2039.25,2068.595,2033.62,2053.6,0.970145294,23.0,2045.184415
2026-04-05 16:00:00+00:00,2054.244,2058.613,2049.8685,2051.688,0.901531287,25.0,2055.060467
2026-04-05 17:00:00+00:00,2050.4765,2061.4005,2049.023,2061.0,0.011863161,5.0,2055.123782
2026-04-05 18:00:00+00:00,2062.2005,2066.1125,2056.7175,2061.2945,0.041507418,6.0,2060.430261
2026-04-05 19:00:00+00:00,2062.515,2068.708,2057.95,2061.3425,0.273330886,4.0,2059.36863
2026-04-05 20:00:00+00:00,2062.36,2073.765,2061.65,2068.5495,1.278670572,5.0,2068.256994
2026-04-05 21:00:00+00:00,2068.68,2069.08,2056.45,2058.9545,0.246986727,5.0,2059.520901
2026-04-05 22:00:00+00:00,2060.3435,2086.465,2050.015,2084.365,0.238086237,5.0,2072.080807
2026-04-05 23:00:00+00:00,2085.35,2122.032,2081.84,2108.801,0.146180511,10.0,2104.062908
2026-04-06 00:00:00+00:00,2109.885,2134.283,2109.885,2121.752,0.302238315,20.0,2123.231998
2026-04-06 01:00:00+00:00,2122.41,2123.7725,2112.4,2113.525,0.098932355,34.0,2116.383326
2026-04-06 02:00:00+00:00,2114.667,2143.5884,2114.667,2133.855,1.575159325,29.0,2135.078574
2026-04-06 03:00:00+00:00,2133.045,2136.5,2126.4,2127.5405,5.123082616,25.0,2129.924273
2026-04-06 04:00:00+00:00,2128.625,2133.46,2124.5,2130.6305,0.403712861,20.0,2127.300271
2026-04-06 05:00:00+00:00,2131.5,2134.205,2127.8,2130.7255,0.06179,8.0,2129.968784
2026-04-06 06:00:00+00:00,2131.4925,2138.112,2120.1715,2126.298,0.062972,10.0,2126.481569
2026-04-06 07:00:00+00:00,2126.798,2139.719,2122.45,2134.56,0.636417248,15.0,2129.041785
2026-04-06 08:00:00+00:00,2135.5755,2146.33,2133.284,2138.6975,1.650558627,23.0,2138.842904
2026-04-06 09:00:00+00:00,2139.15,2174.313,2139.15,2150.88,0.558295586,29.0,2159.563243
2026-04-06 10:00:00+00:00,2151.6945,2157.48,2149.85,2153.05,0.033110788,13.0,2152.965663
2026-04-06 11:00:00+00:00,2152.1815,2153.8455,2146.8745,2150.55,0.650221236,13.0,2149.536089
2026-04-06 12:00:00+00:00,2151.896,2155.7,2142.825,2142.825,1.759339547,27.0,2151.612906
2026-04-06 13:00:00+00:00,2143.965,2149.0935,2138.439,2145.1345,1.75400278,31.0,2143.583858
2026-04-06 14:00:00+00:00,2144.4,2164.2,2137.8125,2157.3525,1.789461002,31.0,2147.962739
2026-04-06 15:00:00+00:00,2156.45,2169.37,2156.01,2164.4515,3.828487607,27.0,2160.801447
2026-04-06 16:00:00+00:00,2165.633,2168.733,2142.05,2142.455,0.979644874,72.0,2156.525026
2026-04-06 17:00:00+00:00,2142.34,2142.34,2123.1705,2135.23,0.882748705,17.0,2134.970733
2026-04-06 18:00:00+00:00,2136.5,2148.985,2132.36,2145.22,0.162994471,8.0,2141.048734
2026-04-06 19:00:00+00:00,2144.05,2145.3665,2136.374,2145.345,0.099735026,6.0,2138.928636
2026-04-06 20:00:00+00:00,2143.7535,2155.06,2140.8975,2149.383,1.416275653,19.0,2145.013838
2026-04-06 21:00:00+00:00,2148.84,2148.84,2138.04,2139.0,0.202000165,12.0,2142.694354
2026-04-06 22:00:00+00:00,2138.468,2140.5895,2105.055,2105.055,0.130974751,11.0,2128.045345
2026-04-06 23:00:00+00:00,2104.2185,2110.3,2088.735,2107.39,2.362490942,17.0,2098.090988
2026-04-07 00:00:00+00:00,2107.23,2120.04,2105.815,2113.077,1.199099485,12.0,2111.855648
2026-04-07 01:00:00+00:00,2111.789,2119.496,2098.73,2099.695,1.926237712,77.0,2104.450283
2026-04-07 02:00:00+00:00,2100.555,2111.0365,2094.245,2106.707,0.484142354,10.0,2105.836259
2026-04-07 03:00:00+00:00,2108.1685,2110.324,2103.3,2107.845,0.2463248,11.0,2106.98712
2026-04-07 04:00:00+00:00,2109.05,2118.9,2103.86,2114.5455,0.099298588,44.0,2109.809832
2026-04-07 05:00:00+00:00,2113.795,2113.795,2103.7,2105.9,0.52445453,132.0,2111.261742
2026-04-07 06:00:00+00:00,2105.12,2105.53,2097.363,2103.393,1.138261,8.0,2101.209055
2026-04-07 07:00:00+00:00,2102.9465,2106.5215,2099.22,2103.41,0.113118763,8.0,2104.176471
2026-04-07 08:00:00+00:00,2103.56,2117.0,2103.56,2115.2405,1.218831773,19.0,2113.676663
2026-04-07 09:00:00+00:00,2114.077,2133.05,2114.077,2127.45,1.196840787,12.0,2126.656133
2026-04-07 10:00:00+00:00,2128.9115,2131.0945,2085.845,2089.915,0.137998036,19.0,2106.453882
2026-04-07 11:00:00+00:00,2089.115,2093.373,2082.11,2089.1685,0.796640499,22.0,2089.791113
2026-04-07 12:00:00+00:00,2087.8685,2094.59,2073.839,2086.875,4.585366412,28.0,2084.149115
2026-04-07 13:00:00+00:00,2086.15,2091.83,2074.505,2074.86,0.942612831,16.0,2085.529846
2026-04-07 14:00:00+00:00,2075.7355,2080.4165,2061.204,2069.0505,0.334433242,16.0,2072.21719
2026-04-07 15:00:00+00:00,2067.565,2081.9735,2064.2625,2080.1185,0.34442617,10.0,2069.603444
2026-04-07 16:00:00+00:00,2078.95,2088.8335,2077.28,2083.935,2.339168288,13.0,2077.629273
2026-04-07 17:00:00+00:00,2084.642,2112.11,2080.185,2099.612,0.056555731,9.0,2094.824773
2026-04-07 18:00:00+00:00,2100.21,2101.13,2082.475,2086.589,0.584116735,6.0,2094.26621
2026-04-07 19:00:00+00:00,2085.318,2116.3565,2084.69,2114.2,0.038994244,6.0,2095.798768
2026-04-07 20:00:00+00:00,2114.5612275,2125.575,2110.4485,2114.73,0.501933533,18.0,2119.377493
2026-04-07 21:00:00+00:00,2115.878,2152.8945,2115.878,2144.6525,0.497262027,23.0,2139.178022
2026-04-07 22:00:00+00:00,2145.95,2218.9185,2145.95,2218.9185,2.710660735,29.0,2175.732906
2026-04-07 23:00:00+00:00,2219.17,2272.125,2216.0575,2239.828,12.324479106,65.0,2239.024679
2026-04-08 00:00:00+00:00,2241.05,2250.032,2228.448,2235.031,2.086336224,37.0,2241.156826
2026-04-08 01:00:00+00:00,2236.5,2242.54,2230.0,2233.915,2.859776167,25.0,2239.960216
2026-04-08 02:00:00+00:00,2235.037,2245.1161,2229.51,2236.6365,0.621444217,30.0,2240.905653
2026-04-08 03:00:00+00:00,2238.1605,2240.22,2232.4,2235.009,1.168749,30.0,2238.809703
2026-04-08 04:00:00+00:00,2236.6965,2252.1765,2236.6965,2241.265,0.767859991,32.0,2244.881653
2026-04-08 05:00:00+00:00,2242.2825,2245.227,2238.8345,2240.5655,1.781451676,21.0,2242.804247
2026-04-08 06:00:00+00:00,2238.855,2252.223,2235.739,2245.6805,13.487294663,29.0,2240.775498
2026-04-08 07:00:00+00:00,2247.0345,2259.9455,2244.7665,2253.726,4.12914959,27.0,2249.74746
2026-04-08 08:00:00+00:00,2255.083,2259.585,2250.95,2257.1205,4.2469913,20.0,2257.053413
2026-04-08 09:00:00+00:00,2255.76,2262.925,2245.36,2249.9,0.73192474,29.0,2257.202591
2026-04-08 10:00:00+00:00,2250.98,2253.68,2242.5215,2242.8,1.79038181,18.0,2244.109088
2026-04-08 11:00:00+00:00,2244.0,2254.77,2239.245,2248.0,0.425859756,14.0,2248.237652
2026-04-08 12:00:00+00:00,2248.8725,2259.021,2243.1755,2256.21,3.28036106,25.0,2254.077471
2026-04-08 13:00:00+00:00,2256.98,2271.035,2232.90529844,2237.135,2.858439518,31.0,2250.688134
2026-04-08 14:00:00+00:00,2235.885,2240.778,2187.32,2194.205,9.555017425,55.0,2196.215005
2026-04-08 15:00:00+00:00,2195.645,2217.65,2193.0,2214.882,4.515918722,29.0,2208.453096
2026-04-08 16:00:00+00:00,2215.564,2223.83,2212.25,2221.2005,3.428304381,21.0,2217.871737
2026-04-08 17:00:00+00:00,2219.94,2238.775,2213.38,2231.8095,0.852211639,12.0,2232.544578
2026-04-08 18:00:00+00:00,2230.85,2232.1675,2200.61,2201.0,0.676204304,13.0,2215.317843
2026-04-08 19:00:00+00:00,2200.775,2211.5935,2197.275,2211.5935,0.135537459,10.0,2202.623199
2026-04-08 20:00:00+00:00,2213.0755,2218.2,2205.8155,2209.65,0.91800774,13.0,2216.004551
2026-04-08 21:00:00+00:00,2208.85,2222.8,2207.91,2214.07,11.065204105,10.0,2218.107809
2026-04-08 22:00:00+00:00,2213.9,2214.7,2189.315,2190.1,0.207862359,14.0,2207.535302
2026-04-08 23:00:00+00:00,2189.045,2194.935,2180.4,2190.121,0.981753208,18.0,2186.719578
2026-04-09 00:00:00+00:00,2189.5805,2193.6,2179.514,2184.5635,1.293606823,42.0,2181.497332
2026-04-09 01:00:00+00:00,2182.7615,2186.388,2162.9995,2178.45,0.342626214,57.0,2174.950092
2026-04-09 02:00:00+00:00,2179.965,2186.205,2174.471,2181.315,0.308130093,63.0,2181.431606
2026-04-09 03:00:00+00:00,2182.4,2184.148,2176.2,2183.25,0.446735155,7.0,2179.587203
2026-04-09 04:00:00+00:00,2182.085,2182.1,2176.54,2177.6565,0.888296883,9.0,2178.214068
2026-04-09 05:00:00+00:00,2176.53,2188.71,2176.1,2181.9255,0.490504573,10.0,2183.737671
2026-04-09 06:00:00+00:00,2183.35,2186.07,2176.295,2181.33,1.636000548,17.0,2178.886467
2026-04-09 07:00:00+00:00,2182.515,2186.58,2179.8,2181.664,0.215957594,11.0,2182.2923
2026-04-09 08:00:00+00:00,2181.0555,2190.815,2176.8,2185.663,3.719297737,13.0,2177.595148
2026-04-09 09:00:00+00:00,2184.87,2196.6,2178.96,2194.31,2.059958972,9.0,2185.026952
2026-04-09 10:00:00+00:00,2192.85,2197.0,2188.015,2191.65,0.478498287,12.0,2192.455223
2026-04-09 11:00:00+00:00,2189.685,2193.03,2179.2325,2180.016,0.142550267,13.0,2183.1106
2026-04-09 12:00:00+00:00,2179.925,2186.604,2174.45,2182.9,1.207491322,17.0,2184.710429
2026-04-09 13:00:00+00:00,2183.823,2186.31,2159.513,2165.33,0.919271431,24.0,2170.721715
2026-04-09 14:00:00+00:00,2164.6,2182.6,2157.7985,2177.315,3.629449196,28.0,2166.544325
2026-04-09 15:00:00+00:00,2175.9005,2225.38,2170.405,2217.88,0.638172497,19.0,2211.184753
2026-04-09 16:00:00+00:00,2219.6195,2228.699,2192.7925,2208.999,0.277512451,32.0,2212.824689
2026-04-09 17:00:00+00:00,2207.481,2225.3,2207.3385,2223.0505,1.718999055,10.0,2221.729246
2026-04-09 18:00:00+00:00,2223.9755,2223.9755,2200.2,2206.75,2.597200939,11.0,2207.046152
2026-04-09 19:00:00+00:00,2205.355,2224.7825,2204.622,2216.686,3.646416626,11.0,2207.503078
2026-04-09 20:00:00+00:00,2217.82,2222.2625,2210.8,2213.6875,0.142481393,12.0,2214.192411
2026-04-09 21:00:00+00:00,2212.2535,2226.0655,2208.192,2210.6505,0.409632541,6.0,2211.856716
2026-04-09 22:00:00+00:00,2211.625,2244.792432025,2198.6,2198.6,3.028166136,17.0,2224.895097
2026-04-09 23:00:00+00:00,2199.1135,2201.14,2184.414,2190.35,2.915003426,33.0,2190.192028
2026-04-10 00:00:00+00:00,2189.7695,2196.6,2181.95,2195.0,2.002165148,24.0,2187.669027
2026-04-10 01:00:00+00:00,2195.0,2204.13,2178.015,2194.8095,0.338527251,31.0,2194.640264
2026-04-10 02:00:00+00:00,2196.5665,2198.5725,2187.2515,2188.6,0.057655659,8.0,2191.527527
2026-04-10 03:00:00+00:00,2189.585,2191.515,2183.1,2186.2225,0.885325827,11.0,2186.266799
2026-04-10 04:00:00+00:00,2187.23,2199.125,2187.0675,2195.85,0.131304,11.0,2193.801664
2026-04-10 05:00:00+00:00,2194.4235,2203.21,2192.5235,2196.6565,0.067843,8.0,2197.143577
2026-04-10 06:00:00+00:00,2196.87364425,2198.0615,2184.135,2186.7065,0.394196592,12.0,2188.296087
2026-04-10 07:00:00+00:00,2187.545,2189.065,2176.7235,2179.046,0.874701772,9.0,2184.137694
2026-04-10 08:00:00+00:00,2179.691,2189.5465,2177.2505,2186.1095,0.36928263,11.0,2180.611561
2026-04-10 09:00:00+00:00,2185.796,2198.105,2185.68,2195.713,0.164854,7.0,2190.353812
2026-04-10 10:00:00+00:00,2194.81,2197.841,2191.3865,2197.841,0.539425338,2.0,2196.700834
2026-04-10 11:00:00+00:00,2198.45025,2224.167,2197.841,2216.445,0.191052308,21.0,2210.975149
2026-04-10 12:00:00+00:00,2217.5,2228.751,2209.1405,2220.12,1.076812912,30.0,2219.488422
2026-04-10 13:00:00+00:00,2217.7,2226.1645,2208.65,2224.155,1.128869385,18.0,2218.741621
2026-04-10 14:00:00+00:00,2222.6,2254.3,2221.945,2243.3875,5.668775426,82.0,2240.591254
2026-04-10 15:00:00+00:00,2244.764,2257.641624365,2221.897316875,2224.4325,2.757621278,34.0,2246.886931
2026-04-10 16:00:00+00:00,2225.8005,2247.28,2221.897316875,2245.9305,20.876028283,84.0,2237.693428
2026-04-10 17:00:00+00:00,2247.331,2250.65,2240.1,2249.17,14.333084916,11.0,2242.072142
2026-04-10 18:00:00+00:00,2249.7,2251.7,2239.889,2251.0955,17.544577951,18.0,2249.090765
2026-04-10 19:00:00+00:00,2252.2,2256.777,2244.95,2254.555,0.240845188,10.0,2250.578032
2026-04-10 20:00:00+00:00,2253.635,2257.459,2244.565,2255.755,2.555518259,12.0,2251.786677
2026-04-10 21:00:00+00:00,2256.735,2256.735,2245.27,2256.0015,0.749168,5.0,2247.939831
2026-04-10 22:00:00+00:00,2254.65,2256.47,2238.105,2243.74,0.773546119,21.0,2250.09348
2026-04-10 23:00:00+00:00,2242.634,2246.9,2240.45,2246.06,0.466292508,10.0,2243.71459
2026-04-11 00:00:00+00:00,2247.25,2247.6,2236.7,2239.7955,1.763638667,24.0,2241.093817
2026-04-11 01:00:00+00:00,2240.92,2246.455,2236.225,2245.011,0.471428677,18.0,2241.397931
2026-04-11 02:00:00+00:00,2244.0745,2252.794,2242.57,2249.637,0.632960437,27.0,2246.863809
2026-04-11 03:00:00+00:00,2250.281289,2251.88,2237.2375,2237.2375,1.161351146,19.0,2249.090602
2026-04-11 04:00:00+00:00,2237.31,2243.4,2236.433,2241.635,7.389169001,13.0,2242.152723
2026-04-11 05:00:00+00:00,2242.4,2242.4,2230.146,2234.325,0.087338501,26.0,2235.242584
2026-04-11 06:00:00+00:00,2232.7,2237.8,2231.36,2236.6385,1.130924206,15.0,2234.78838
2026-04-11 07:00:00+00:00,2236.191,2238.377,2232.14,2233.551,0.289215137,14.0,2235.698402
2026-04-11 08:00:00+00:00,2233.946,2237.0,2233.42,2234.485,1.187504086,14.0,2234.779094
2026-04-11 09:00:00+00:00,2233.345,2251.22,2232.65,2244.6955,3.085788805,24.0,2240.637925
2026-04-11 10:00:00+00:00,2243.145,2248.093,2239.1855,2242.193,0.103301498,12.0,2244.218644
2026-04-11 11:00:00+00:00,2240.7305,2248.406,2240.3215,2247.24,0.499965495,13.0,2246.465337
2026-04-11 12:00:00+00:00,2246.065,2247.935,2242.488,2246.44,1.897402919,20.0,2245.64169
2026-04-11 13:00:00+00:00,2245.2735,2245.2735,2234.8515,2241.0515,0.103923,3.0,2238.679883
2026-04-11 14:00:00+00:00,2239.8,2244.61,2239.25,2243.74,0.146477064,6.0,2241.83312
2026-04-11 15:00:00+00:00,2244.399,2256.356,2242.07,2250.3105,0.784851634,20.0,2248.992316
2026-04-11 16:00:00+00:00,2250.85,2273.988,2245.842684375,2260.1805,0.765863806,24.0,2258.755827
2026-04-11 17:00:00+00:00,2261.09,2265.8345,2255.3035,2260.3875,2.497502174,9.0,2259.856701
2026-04-11 18:00:00+00:00,2261.575,2308.596,2258.4895,2305.053,88.484573224,103.0,2302.750083
2026-04-11 19:00:00+00:00,2306.848,2330.675,2306.848,2317.0365,1.05588971,22.0,2314.72574
2026-04-11 20:00:00+00:00,2317.45,2318.8,2289.35,2299.3045,0.216708246,18.0,2300.761781
2026-04-11 21:00:00+00:00,2298.4655,2305.589,2293.22,2300.07,0.169803121,11.0,2300.336302
2026-04-11 22:00:00+00:00,2299.54,2308.343,2290.883,2297.65,0.09056386,10.0,2299.029929
2026-04-11 23:00:00+00:00,2297.61,2299.12,2278.32,2285.65,1.051815104,20.0,2286.972656
2026-04-12 00:00:00+00:00,2285.3965,2288.5935,2278.7,2286.137,1.023403781,26.0,2285.114097
2026-04-12 01:00:00+00:00,2285.25,2289.7315,2210.0,2219.8125,2.170570699,30.0,2259.327538
2026-04-12 02:00:00+00:00,2218.565,2235.214,2207.7,2224.2375,2.650647198,23.0,2219.406278
2026-04-12 03:00:00+00:00,2225.653,2228.137,2214.0,2214.535,0.196516485,12.0,2218.270857
2026-04-12 04:00:00+00:00,2215.6,2216.78,2211.0595,2213.845,0.086514128,7.0,2214.705784
2026-04-12 05:00:00+00:00,2215.1,2221.04,2210.2,2217.645,0.230881887,16.0,2217.231845
2026-04-12 06:00:00+00:00,2216.5,2222.51,2215.4,2217.5,9.040117752,15.0,2220.812107
2026-04-12 07:00:00+00:00,2218.7,2222.114,2214.46,2219.1955,0.174309721,9.0,2217.983643
2026-04-12 08:00:00+00:00,2220.391,2220.391,2213.227,2215.135,0.117475235,10.0,2217.735485
2026-04-12 09:00:00+00:00,2214.035,2217.28,2211.155,2214.9315,0.032551011,9.0,2216.08128
2026-04-12 10:00:00+00:00,2214.51,2217.6905,2195.085,2202.61,0.352536539,16.0,2206.564358
2026-04-12 11:00:00+00:00,2201.67,2207.39,2198.89,2205.1395,0.077820653,8.0,2204.389572
2026-04-12 12:00:00+00:00,2204.37,2208.81,2191.785,2196.4915,0.034156014,8.0,2204.015209
2026-04-12 13:00:00+00:00,2195.1905,2199.8,2186.06,2188.5625,0.916359521,12.0,2192.202305
2026-04-12 14:00:00+00:00,2186.8695,2194.54,2179.984,2181.175,2.06833318,18.0,2188.39163
2026-04-12 15:00:00+00:00,2182.4,2188.76,2176.767,2186.3,0.077355322,13.0,2183.721155
2026-04-12 16:00:00+00:00,2187.3,2190.421,2184.6225,2187.531,0.597852881,11.0,2186.87674
2026-04-12 17:00:00+00:00,2188.6165,2205.888,2188.4,2203.644,0.259046488,9.0,2190.529206
2026-04-12 18:00:00+00:00,2204.18,2207.959,2200.604,2201.0005,0.873227751,7.0,2202.678695
2026-04-12 19:00:00+00:00,2202.6215,2207.16,2198.3155,2198.685,0.025947352,6.0,2204.836045
2026-04-12 20:00:00+00:00,2199.8735,2218.514,2194.535,2214.195,0.126334686,9.0,2205.336967
2026-04-12 21:00:00+00:00,2214.9361275,2218.172,2205.705,2211.9,0.208985657,5.0,2207.72423
2026-04-12 22:00:00+00:00,2210.9,2212.298,2184.83,2200.7665,0.226191038,15.0,2193.429125
2026-04-12 23:00:00+00:00,2199.235,2199.235,2187.095,2191.535,0.212795,2.0,2189.377815
2026-04-13 00:00:00+00:00,2190.663,2208.188,2188.2095,2205.821,1.130761844,15.0,2200.53747
2026-04-13 01:00:00+00:00,2206.76,2208.79,2202.387,2205.02,1.335652977,13.0,2203.844413
2026-04-13 02:00:00+00:00,2205.24855,2210.849130905,2191.89,2194.65,0.470609926,26.0,2197.706457
2026-04-13 03:00:00+00:00,2193.2,2195.1605,2190.9145,2194.7685,0.293329416,7.0,2192.397303
2026-04-13 04:00:00+00:00,2193.847,2200.6,2188.0825,2190.2435,1.226560069,8.0,2195.723135
2026-04-13 05:00:00+00:00,2189.475,2191.215,2183.64,2191.215,0.022254801,3.0,2187.841414
2026-04-13 06:00:00+00:00,2192.1795,2200.8155,2192.1795,2198.54,1.299156,7.0,2196.508942
2026-04-13 07:00:00+00:00,2199.085,2200.44,2183.861,2187.1945,1.134265859,12.0,2191.128871
2026-04-13 08:00:00+00:00,2186.85,2189.835,2181.12,2185.685,6.623236424,15.0,2184.003349
2026-04-13 09:00:00+00:00,2186.194,2194.01,2186.194,2188.3405,7.556971281,9.0,2188.686417
2026-04-13 10:00:00+00:00,2187.74,2189.0215,2180.162,2183.2985,0.474019009,7.0,2185.077061
2026-04-13 11:00:00+00:00,2184.2055,2190.915,2182.969,2188.802,0.016815949,7.0,2187.373461
2026-04-13 12:00:00+00:00,2187.141,2198.8713125,2175.325,2193.3255,2.528717906,10.0,2188.427765
2026-04-13 13:00:00+00:00,2194.17,2215.09446875,2182.728,2215.09446875,13.627624166,29.0,2203.686736
2026-04-13 14:00:00+00:00,2215.6689375,2235.661,2204.072,2235.415,0.943840384,41.0,2214.854388
2026-04-13 15:00:00+00:00,2236.452,2237.7,2199.5,2209.915,15.539785186,32.0,2213.904622
2026-04-13 16:00:00+00:00,2211.0,2235.03,2201.0915,2227.459,15.327085872,20.0,2224.650342
2026-04-13 17:00:00+00:00,2226.33,2241.925,2223.4,2225.565,0.297152329,11.0,2234.592485
2026-04-13 18:00:00+00:00,2226.75,2234.1915,2219.87,2233.035,0.629834477,8.0,2228.474781
2026-04-13 19:00:00+00:00,2234.649,2269.9925,2230.0,2264.6145,5.67797707,19.0,2245.715498
2026-04-13 20:00:00+00:00,2263.167,2263.86,2248.8095,2253.83,47.530947421,59.0,2251.271018
2026-04-13 21:00:00+00:00,2252.745,2266.35,2251.3995,2261.384,2.177460341,10.0,2260.796938
2026-04-13 22:00:00+00:00,2261.85,2363.2285,2261.85,2353.7,17.386445386,81.0,2344.331985
2026-04-13 23:00:00+00:00,2355.165,2394.1185,2342.5475,2371.3535,26.167189014,43.0,2362.383635
2026-04-14 00:00:00+00:00,2371.839,2375.955,2360.8,2362.565,0.939730115,33.0,2363.391497
2026-04-14 01:00:00+00:00,2361.83,2374.776,2356.242,2370.02,2.934018019,22.0,2363.005068
2026-04-14 02:00:00+00:00,2371.44,2378.175,2366.0,2369.1535,4.41605269,41.0,2372.744522
2026-04-14 03:00:00+00:00,2367.79,2372.065,2362.811,2366.34,0.774476262,25.0,2366.712738
2026-04-14 04:00:00+00:00,2365.4,2370.04,2363.089,2365.3,3.742423681,68.0,2365.829077
2026-04-14 05:00:00+00:00,2363.9,2369.5975,2354.88,2357.0715,3.582154101,34.0,2361.440371
2026-04-14 06:00:00+00:00,2357.913,2377.365,2357.913,2373.835,0.557857296,32.0,2365.763057
2026-04-14 07:00:00+00:00,2374.6,2388.6283,2371.8695,2378.75,1.292841467,25.0,2383.219162
2026-04-14 08:00:00+00:00,2380.125,2395.939086294,2375.87,2389.2,1.192416445,30.0,2392.61757
2026-04-14 09:00:00+00:00,2389.7485,2395.167043147,2385.6875,2387.655,1.611761968,25.0,2390.225426
2026-04-14 10:00:00+00:00,2388.8,2390.18,2372.36,2376.005,1.354202405,31.0,2386.869434
2026-04-14 11:00:00+00:00,2376.0055,2378.245,2369.1985,2375.031,5.132170834,14.0,2374.382153
2026-04-14 12:00:00+00:00,2373.989,2379.721,2369.74,2374.6015,6.807991276,24.0,2375.496783
2026-04-14 13:00:00+00:00,2374.8025,2397.3335,2374.8025,2392.43,2.456266083,33.0,2390.290064
2026-04-14 14:00:00+00:00,2392.905,2415.89,2355.1375,2355.1375,5.554413627,48.0,2392.325465
2026-04-14 15:00:00+00:00,2356.01,2372.836,2337.19,2365.715,18.237216107,46.0,2343.732539
2026-04-14 16:00:00+00:00,2364.9,2371.49,2332.755,2334.2655,16.820188865,24.0,2348.281901
2026-04-14 17:00:00+00:00,2333.7635,2346.053,2324.7,2339.24,11.435720623,24.0,2333.907717
2026-04-14 18:00:00+00:00,2340.825,2345.755,2311.85,2315.105,15.957024856,25.0,2333.151542
2026-04-14 19:00:00+00:00,2314.28,2324.34,2304.715,2314.2,1.464970083,17.0,2312.366012
2026-04-14 20:00:00+00:00,2315.51,2323.6645,2310.07635,2315.81,0.194443517,14.0,2319.96441
2026-04-14 21:00:00+00:00,2317.308,2326.591,2316.1245,2325.075,0.015698091,5.0,2320.930526
2026-04-14 22:00:00+00:00,2324.279,2332.755,2313.415,2317.44,0.193594,9.0,2316.565374
2026-04-14 23:00:00+00:00,2316.092,2328.03,2316.092,2323.8,4.605954244,17.0,2319.36889
2026-04-15 00:00:00+00:00,2324.5,2343.4635,2324.5,2336.0725,3.504461191,26.0,2334.598929
2026-04-15 01:00:00+00:00,2334.5845,2373.09276476,2332.925,2336.55,0.465325479,26.0,2341.141537
2026-04-15 02:00:00+00:00,2337.7445,2339.4,2318.65,2325.7695,0.294759481,17.0,2325.176503
2026-04-15 03:00:00+00:00,2326.89,2330.48,2321.787,2330.287,0.722471434,22.0,2327.608289
2026-04-15 04:00:00+00:00,2331.313,2334.9105,2329.4085,2333.675,0.213887014,11.0,2331.460856
2026-04-15 05:00:00+00:00,2334.545,2339.1385,2315.9555,2320.655,0.063467564,9.0,2328.152295
2026-04-15 06:00:00+00:00,2321.0455,2322.45,2315.9,2318.5895,0.520664872,24.0,2318.842182
2026-04-15 07:00:00+00:00,2319.3,2323.698,2310.196,2317.1,0.367395314,14.0,2315.126254
2026-04-15 08:00:00+00:00,2315.12,2332.572,2315.12,2327.865,0.038815407,10.0,2326.329374
2026-04-15 09:00:00+00:00,2329.1415,2329.1415,2312.497,2321.746,0.065141741,6.0,2323.702893
2026-04-15 10:00:00+00:00,2320.09,2328.8755,2312.828,2316.285,2.25997496,13.0,2320.613866
2026-04-15 11:00:00+00:00,2318.2,2337.7595,2318.2,2337.73,0.043284059,10.0,2330.397115
2026-04-15 12:00:00+00:00,2336.78,2340.61,2331.0285,2333.374,0.835521105,18.0,2337.144891
2026-04-15 13:00:00+00:00,2332.55,2335.12,2318.475,2327.2925,2.133619534,43.0,2326.069247
2026-04-15 14:00:00+00:00,2326.5405,2346.72,2322.5355,2338.514,1.943024585,72.0,2338.92106
2026-04-15 15:00:00+00:00,2339.3105,2350.0,2320.42,2332.055,0.912632848,81.0,2336.262439
2026-04-15 16:00:00+00:00,2331.062,2350.05,2328.885,2341.9525,0.15637954,30.0,2337.863532
2026-04-15 17:00:00+00:00,2343.335,2359.03,2340.9145,2349.0935,0.090839137,9.0,2345.617707
2026-04-15 18:00:00+00:00,2348.132,2361.7,2346.99,2359.85,2.217962541,49.0,2355.548786
2026-04-15 19:00:00+00:00,2358.505,2385.048,2358.505,2376.2015,1.048828787,18.0,2375.379624
2026-04-15 20:00:00+00:00,2375.47,2375.47,2355.526,2363.8825,0.076451002,13.0,2361.103247
2026-04-15 21:00:00+00:00,2362.7765,2364.143,2348.777,2361.8655,0.586313383,27.0,2350.50473
2026-04-15 22:00:00+00:00,2362.69,2379.675,2360.645,2364.07,1.172125046,20.0,2369.964113
2026-04-15 23:00:00+00:00,2362.83,2364.4805,2349.941,2360.6435,0.253091321,25.0,2356.222569
2026-04-16 00:00:00+00:00,2359.2025,2363.3955,2350.98,2361.399,0.77326263,22.0,2357.321397
2026-04-16 01:00:00+00:00,2360.365,2361.55,2347.01003125,2352.1075,0.73378405,13.0,2350.193805
2026-04-16 02:00:00+00:00,2353.25,2369.79,2351.1,2357.25,0.450055892,15.0,2360.122346
2026-04-16 03:00:00+00:00,2358.7,2366.1895,2356.275,2358.222,0.85120796,8.0,2359.678583
2026-04-16 04:00:00+00:00,2357.22,2363.54815,2350.04,2355.34,0.07203361,11.0,2358.03085
2026-04-16 05:00:00+00:00,2354.1335,2362.525,2351.492,2356.6965,0.102072313,11.0,2356.249255
2026-04-16 06:00:00+00:00,2358.12,2360.7,2350.87,2355.9755,8.496454522,7.0,2353.787948
2026-04-16 07:00:00+00:00,2355.4525,2357.644,2337.329,2341.715,0.280253437,21.0,2348.922364
2026-04-16 08:00:00+00:00,2340.33,2346.4275,2335.15,2339.495,0.135257234,17.0,2338.615677
2026-04-16 09:00:00+00:00,2338.3455,2349.198,2338.3455,2339.1,0.139879079,12.0,2343.008234
2026-04-16 10:00:00+00:00,2340.7,2340.7,2328.775,2332.3515,1.933880955,9.0,2332.140999
2026-04-16 11:00:00+00:00,2333.375,2336.649,2329.6,2336.649,0.511148226,12.0,2333.567524
2026-04-16 12:00:00+00:00,2338.26,2348.555,2335.218,2340.1245,1.477533088,14.0,2336.949594
2026-04-16 13:00:00+00:00,2341.156,2351.4865,2293.359,2308.195,0.317027287,42.0,2335.473444
2026-04-16 14:00:00+00:00,2306.8,2316.784,2286.41,2310.087,1.710941371,89.0,2301.188201
2026-04-16 15:00:00+00:00,2311.35,2348.425,2309.225,2339.632,0.707208539,73.0,2330.90898
2026-04-16 16:00:00+00:00,2341.014,2349.29,2310.7500000005,2317.8275,5.075493408,48.0,2325.434877
2026-04-16 17:00:00+00:00,2316.1085,2330.35,2310.8600000005,2326.0145,2.104668652,97.0,2322.229279
2026-04-16 18:00:00+00:00,2327.2,2346.193,2321.1625,2343.78,1.49499157,22.0,2338.899442
2026-04-16 19:00:00+00:00,2345.095,2361.6,2335.818,2360.95,0.205397969,35.0,2353.163008
2026-04-16 20:00:00+00:00,2361.6,2365.28285,2342.195,2350.8725,2.287441028,36.0,2352.132453
2026-04-16 21:00:00+00:00,2351.5945,2356.3425,2336.8,2341.325,1.074440532,19.0,2351.183223
2026-04-16 22:00:00+00:00,2342.5445,2350.31,2340.565,2342.315,0.156321543,10.0,2348.17148
2026-04-16 23:00:00+00:00,2343.3,2354.8515,2342.18,2348.4520000005,0.173358857,8.0,2347.684004
2026-04-17 00:00:00+00:00,2347.314000001,2352.242,2342.437,2345.83,0.787446639,47.0,2347.791438
2026-04-17 01:00:00+00:00,2344.573,2349.6,2328.07,2335.735,0.313279834,24.0,2342.946184
2026-04-17 02:00:00+00:00,2336.37,2338.7,2325.6905,2332.3575,0.115526,4.0,2336.14858
2026-04-17 03:00:00+00:00,2331.3655,2331.665,2324.6,2326.7065,0.400089315,15.0,2329.489094
2026-04-17 04:00:00+00:00,2325.741,2334.169,2325.285,2329.391,0.594427587,8.0,2325.833896
2026-04-17 05:00:00+00:00,2327.895,2327.895,2318.0495,2319.325,0.083721,13.0,2322.734494
2026-04-17 06:00:00+00:00,2318.2455,2331.8953,2318.2455,2331.215,0.579857169,8.0,2326.143458
2026-04-17 07:00:00+00:00,2331.6953,2342.0294,2331.3,2334.0005,0.091898517,10.0,2334.713656
2026-04-17 08:00:00+00:00,2334.8,2359.89,2333.07,2354.56,1.761434702,25.0,2353.196648
2026-04-17 09:00:00+00:00,2355.856,2377.595,2349.5945,2359.6415,0.843567009,17.0,2353.364642
2026-04-17 10:00:00+00:00,2358.7155,2362.4,2337.365,2344.8,0.16262829,10.0,2356.39412
2026-04-17 11:00:00+00:00,2343.7,2357.705,2343.7,2355.4,2.083479786,10.0,2347.789258
2026-04-17 12:00:00+00:00,2357.248,2382.5,2351.4795,2372.6405,1.120962124,14.0,2360.152069
2026-04-17 13:00:00+00:00,2372.198,2441.1315,2368.497,2437.905,6.095153352,89.0,2416.239346
2026-04-17 14:00:00+00:00,2439.365,2458.335,2428.01,2447.72,8.690640346,155.0,2440.207123
2026-04-17 15:00:00+00:00,2447.415,2451.639,2435.0295,2443.3505,1.692948299,77.0,2446.3679
2026-04-17 16:00:00+00:00,2445.126,2464.88,2442.4,2452.71,2.619993394,81.0,2454.373434
2026-04-17 17:00:00+00:00,2451.72,2453.76,2425.13,2440.99,0.996751919,72.0,2436.030784
2026-04-17 18:00:00+00:00,2442.618,2444.049,2416.798,2420.9335,11.076208288,97.0,2423.685759
2026-04-17 19:00:00+00:00,2422.361,2434.78,2418.239,2429.5315,1.402983545,75.0,2431.26151
2026-04-17 20:00:00+00:00,2430.563,2437.5,2418.2045,2428.4085,0.203329381,73.0,2431.412702
2026-04-17 21:00:00+00:00,2429.7,2433.4705,2421.005,2431.2115,1.124623153,12.0,2430.293354
2026-04-17 22:00:00+00:00,2429.805,2443.1,2423.251,2434.6685,0.115816069,7.0,2432.00352
2026-04-17 23:00:00+00:00,2433.1545,2434.42,2418.03095,2420.25,0.167020642,16.0,2427.936525
2026-04-18 00:00:00+00:00,2421.7,2425.129,2411.3393,2422.455,1.362983729,18.0,2416.089723
2026-04-18 01:00:00+00:00,2420.904,2427.8435,2417.3,2421.587,0.146789654,19.0,2420.612487
2026-04-18 02:00:00+00:00,2420.334,2425.3,2416.9,2420.0865,2.400925076,24.0,2422.589409
2026-04-18 03:00:00+00:00,2419.1715,2421.5,2401.833,2406.3,0.642700847,25.0,2418.574856
2026-04-18 04:00:00+00:00,2405.338,2411.6,2400.93355,2409.6515,0.304853893,18.0,2409.504508
2026-04-18 05:00:00+00:00,2408.125,2414.233,2406.7,2410.065,7.126689371,28.0,2407.725653
2026-04-18 06:00:00+00:00,2411.2085,2413.451,2404.741,2410.435,0.17794136,8.0,2412.174387
2026-04-18 07:00:00+00:00,2410.31,2411.854,2401.8,2405.365,0.6623001,26.0,2408.028961
2026-04-18 08:00:00+00:00,2404.278,2405.495,2369.2185,2382.65,1.775244801,29.0,2377.599177
2026-04-18 09:00:00+00:00,2380.962,2382.008,2371.45,2377.5675,0.219417888,17.0,2379.818734
2026-04-18 10:00:00+00:00,2375.95,2377.499,2354.75,2359.9295,0.330472894,27.0,2365.979057
2026-04-18 11:00:00+00:00,2358.68,2360.7,2344.845,2353.531,1.839974598,17.0,2355.85341
2026-04-18 12:00:00+00:00,2352.95,2363.5005,2352.95,2359.318,0.265248212,14.0,2357.284533
2026-04-18 13:00:00+00:00,2357.705,2360.862,2346.41,2356.53,0.524911447,29.0,2356.002305
2026-04-18 14:00:00+00:00,2357.6985,2366.3,2350.267,2365.49,0.363655135,13.0,2358.228024
2026-04-18 15:00:00+00:00,2367.063,2369.173,2360.251,2363.49,0.608056709,18.0,2365.541587
2026-04-18 16:00:00+00:00,2362.45,2375.495,2357.82,2361.21,0.48522894,18.0,2365.60442
2026-04-18 17:00:00+00:00,2359.67,2365.9,2356.2525,2363.58,0.329530332,13.0,2361.949541
2026-04-18 18:00:00+00:00,2361.7935,2364.39,2340.57,2347.1425,0.986763504,21.0,2353.96011
2026-04-18 19:00:00+00:00,2348.685,2355.85,2347.32,2349.2,1.081887683,17.0,2351.940706
2026-04-18 20:00:00+00:00,2350.26,2356.4,2344.5,2353.745,5.628637159,33.0,2349.757915
2026-04-18 21:00:00+00:00,2355.2165,2356.82,2348.113,2355.7005,0.540950925,14.0,2350.451369
2026-04-18 22:00:00+00:00,2354.775,2359.35,2349.825,2358.575,0.197048915,12.0,2356.007337
2026-04-18 23:00:00+00:00,2359.92,2359.92,2349.76,2351.555,0.530079614,14.0,2352.808408
2026-04-19 00:00:00+00:00,2353.11,2356.6,2344.877,2349.195,1.022291601,39.0,2350.171289
2026-04-19 01:00:00+00:00,2350.198,2354.11,2342.67,2348.986,0.660830076,43.0,2347.631603
2026-04-19 02:00:00+00:00,2349.59,2350.1245,2334.1,2339.7087,0.686705221,29.0,2340.235264
2026-04-19 03:00:00+00:00,2341.057,2345.495,2334.7455,2340.517,0.335726171,25.0,2343.287857
2026-04-19 04:00:00+00:00,2341.134,2348.23,2323.828,2334.258,0.51014297,24.0,2336.542935
2026-04-19 05:00:00+00:00,2333.084,2339.17,2330.386,2334.655,0.347523436,18.0,2336.566936
2026-04-19 06:00:00+00:00,2333.45,2333.9,2323.87,2327.9615,0.543687378,23.0,2329.791779
2026-04-19 07:00:00+00:00,2329.087,2329.087,2299.71,2317.06,2.620833443,33.0,2317.583745
2026-04-19 08:00:00+00:00,2315.932,2321.89,2313.4975,2319.0165,0.539079684,21.0,2318.782391
2026-04-19 09:00:00+00:00,2320.844,2320.844,2306.8,2309.94,0.522605408,21.0,2313.243629
2026-04-19 10:00:00+00:00,2309.01,2320.982,2307.9605,2318.9,0.60076874,14.0,2313.232167
2026-04-19 11:00:00+00:00,2320.2,2331.88,2320.2,2329.1425,0.279553164,23.0,2328.875295
2026-04-19 12:00:00+00:00,2330.806,2337.01,2325.905,2332.55,0.349392029,17.0,2329.128793
2026-04-19 13:00:00+00:00,2334.165,2350.235,2334.165,2339.25,2.042725614,25.0,2340.753646
2026-04-19 14:00:00+00:00,2341.115,2345.5,2327.211,2338.85,1.454770329,22.0,2337.906995
2026-04-19 15:00:00+00:00,2337.5355,2342.4615,2318.205,2331.55,1.858485938,35.0,2330.543654
2026-04-19 16:00:00+00:00,2332.8,2332.8,2305.005,2312.065,1.085314059,29.0,2318.737472
2026-04-19 17:00:00+00:00,2309.6,2317.9735,2295.81,2296.36,0.728799099,22.0,2305.746175
2026-04-19 18:00:00+00:00,2295.542,2301.548,2288.3915,2296.007,0.774410118,19.0,2295.251249
2026-04-19 19:00:00+00:00,2297.13,2305.0,2295.763,2301.5,0.762873427,14.0,2300.378072
2026-04-19 20:00:00+00:00,2300.6,2300.835,2274.37,2282.0,0.979237697,25.0,2288.26719
2026-04-19 21:00:00+00:00,2280.705,2290.865,2275.39,2277.35,1.412554243,26.0,2278.908155
2026-04-19 22:00:00+00:00,2275.95,2276.175,2253.924,2271.9335,1.030470775,20.0,2265.284696
2026-04-19 23:00:00+00:00,2270.216,2270.216,2257.925,2264.0765,0.685764677,15.0,2266.283037
2026-04-20 00:00:00+00:00,2262.703,2284.1,2262.195,2280.471,0.077674433,14.0,2275.371095
2026-04-20 01:00:00+00:00,2279.6,2294.885,2279.4555,2287.9675,0.437309358,15.0,2291.466372
2026-04-20 02:00:00+00:00,2286.875,2286.96,2273.3885,2278.665,0.225734821,10.0,2280.645215
2026-04-20 03:00:00+00:00,2277.214,2289.59,2277.214,2286.75,0.121147061,8.0,2280.470049
2026-04-20 04:00:00+00:00,2288.1,2288.1,2279.1,2284.1265,0.685822414,17.0,2281.949831
2026-04-20 05:00:00+00:00,2282.812,2282.812,2264.8415,2269.915,2.637932916,30.0,2269.84575
2026-04-20 06:00:00+00:00,2270.12,2288.74,2269.175,2286.8365,0.362144456,15.0,2276.470943
2026-04-20 07:00:00+00:00,2288.49,2332.6265,2285.2,2299.153,0.284633392,24.0,2310.280042
2026-04-20 08:00:00+00:00,2297.94,2308.9505,2290.835,2294.338,0.177417893,16.0,2300.240546
2026-04-20 09:00:00+00:00,2295.841,2313.89,2294.42,2309.025,0.592568149,11.0,2305.415098
2026-04-20 10:00:00+00:00,2310.446,2321.13,2303.8705,2303.8705,0.036368236,7.0,2312.106874
2026-04-20 11:00:00+00:00,2304.995,2313.51,2301.391,2309.069,0.297931992,7.0,2309.047102
2026-04-20 12:00:00+00:00,2307.92,2324.12,2304.7,2320.1015,0.364135708,12.0,2314.71492
2026-04-20 13:00:00+00:00,2319.5465,2326.024,2303.95,2312.35,0.368157536,47.0,2315.684252
2026-04-20 14:00:00+00:00,2311.324,2323.035,2284.35,2291.3,0.592638396,55.0,2303.193817
2026-04-20 15:00:00+00:00,2292.6145,2320.271,2279.9455,2314.103,2.283316645,54.0,2301.252459
2026-04-20 16:00:00+00:00,2315.487,2315.487,2299.686,2300.4,0.55770962,40.0,2306.905335
2026-04-20 17:00:00+00:00,2301.8,2322.811,2297.7,2317.2695,1.187814122,24.0,2318.63373
2026-04-20 18:00:00+00:00,2318.93,2344.555,2318.93,2335.173,1.624426864,74.0,2332.951207
2026-04-20 19:00:00+00:00,2334.55,2338.006,2327.8,2333.695,0.61554832,83.0,2333.148445
2026-04-20 20:00:00+00:00,2331.841,2341.1,2326.376,2338.94,0.95324508,15.0,2332.202275
2026-04-20 21:00:00+00:00,2337.52,2347.4535,2316.137,2322.1825,1.958526908,22.0,2333.30245
2026-04-20 22:00:00+00:00,2323.05,2328.173,2316.99,2319.934,0.309523513,51.0,2321.197327
2026-04-20 23:00:00+00:00,2318.6055,2318.6055,2308.19,2314.75,0.247761319,32.0,2312.77343
2026-04-21 00:00:00+00:00,2316.105,2324.825,2312.717,2322.7095,0.10263889,4.0,2317.542736
2026-04-21 01:00:00+00:00,2321.1,2327.4225,2312.81,2314.85,0.472924824,24.0,2321.880134
2026-04-21 02:00:00+00:00,2316.4,2316.4,2307.819,2310.016,0.061415869,11.0,2311.23664
2026-04-21 03:00:00+00:00,2308.73,2313.066,2301.55,2312.713,0.045854682,7.0,2304.891595
2026-04-21 04:00:00+00:00,2313.95,2315.71,2305.6975,2315.71,0.141557112,11.0,2307.936784
2026-04-21 05:00:00+00:00,2316.2815,2321.3975,2312.4,2315.0415,0.1010419,4.0,2316.911437
2026-04-21 06:00:00+00:00,2313.85,2327.235,2308.58,2318.621,0.190052708,7.0,2322.255887
2026-04-21 07:00:00+00:00,2318.2845,2325.6,2312.4,2320.103,0.31425067,5.0,2319.045913
2026-04-21 08:00:00+00:00,2318.5925,2338.45,2315.95,2324.644,1.387315703,64.0,2331.39983
2026-04-21 09:00:00+00:00,2326.161,2328.0,2320.164,2326.255,0.292347201,11.0,2324.56073
2026-04-21 10:00:00+00:00,2327.29,2337.474,2325.972,2333.385,0.120367079,6.0,2335.413672
2026-04-21 11:00:00+00:00,2331.695,2331.982,2316.6,2321.1945,0.038590288,9.0,2320.668713
2026-04-21 12:00:00+00:00,2321.665,2323.5,2295.0495,2309.45,0.638726895,22.0,2316.770594
2026-04-21 13:00:00+00:00,2308.54,2317.845,2301.7945,2313.6415,1.192923013,26.0,2310.029123
2026-04-21 14:00:00+00:00,2312.1185,2328.471,2296.73,2300.467,0.172994818,20.0,2317.333276
2026-04-21 15:00:00+00:00,2301.5115,2311.1435,2291.8825,2311.1435,9.155007055,29.0,2303.603491
2026-04-21 16:00:00+00:00,2312.15,2325.505,2307.118,2308.85,3.1818291,75.0,2313.818167
2026-04-21 17:00:00+00:00,2307.6915,2318.66560692,2286.2,2306.748,3.121353281,54.0,2304.784132
2026-04-21 18:00:00+00:00,2305.73,2314.023,2301.9915,2313.1765,0.655741959,27.0,2307.561411
2026-04-21 19:00:00+00:00,2314.115,2331.965,2288.533,2298.9995,0.44615426,45.0,2314.565321
2026-04-21 20:00:00+00:00,2297.94,2325.785,2296.4785,2316.275,0.812660951,17.0,2320.987728
2026-04-21 21:00:00+00:00,2315.06,2318.547,2310.314,2312.56,0.126079488,6.0,2313.047383
2026-04-21 22:00:00+00:00,2311.444,2317.4,2303.9858,2312.364,0.187396289,12.0,2311.836282
2026-04-21 23:00:00+00:00,2311.31,2330.09,2311.31,2328.308,0.048591246,9.0,2318.41362
2026-04-22 00:00:00+00:00,2328.5895,2331.1065,2322.91,2325.8175,0.160304867,17.0,2327.978932
2026-04-22 01:00:00+00:00,2324.895,2328.8,2313.29,2324.385,0.077278449,8.0,2322.90836
2026-04-22 02:00:00+00:00,2322.7925,2374.295,2320.1,2371.1025,0.468500302,29.0,2355.643768
2026-04-22 03:00:00+00:00,2372.085,2379.7145,2357.54,2364.6,1.112490221,31.0,2365.788561
2026-04-22 04:00:00+00:00,2365.9305,2368.99,2358.7855,2363.41,0.129425261,12.0,2364.065942
2026-04-22 05:00:00+00:00,2364.4505,2412.637,2362.435,2396.425,2.413836994,42.0,2401.818198
2026-04-22 06:00:00+00:00,2395.35,2396.425,2387.215,2393.43,1.31483641,19.0,2390.573907
2026-04-22 07:00:00+00:00,2394.115,2398.23,2384.85,2389.56,0.613319433,13.0,2390.312127
2026-04-22 08:00:00+00:00,2391.207,2395.14,2383.25,2389.53,1.578924699,151.0,2386.920234
2026-04-22 09:00:00+00:00,2388.325,2394.855,2386.415,2388.8755,0.50282498,15.0,2391.698821
2026-04-22 10:00:00+00:00,2387.584,2394.365,2386.015,2391.225,0.259746683,25.0,2390.694829
2026-04-22 11:00:00+00:00,2392.19,2401.33,2386.181,2398.68,0.990408353,113.0,2393.176367
2026-04-22 12:00:00+00:00,2397.469,2407.965,2396.8,2406.738,0.879629935,55.0,2399.043476
2026-04-22 13:00:00+00:00,2404.891,2422.34,2402.763,2417.67,3.319941074,59.0,2409.183425
2026-04-22 14:00:00+00:00,2418.933,2422.905,2393.4,2404.7655,1.232643792,122.0,2409.69902
2026-04-22 15:00:00+00:00,2406.009,2414.344,2391.955,2404.345,2.00747528,40.0,2409.062195
2026-04-22 16:00:00+00:00,2405.54,2413.8375,2384.13,2386.865,0.729864055,87.0,2394.716777
2026-04-22 17:00:00+00:00,2385.62,2402.967,2385.45,2399.05,3.563386935,15.0,2388.238563
2026-04-22 18:00:00+00:00,2400.6835,2405.45,2395.82,2397.1025,0.792367209,19.0,2398.760517
2026-04-22 19:00:00+00:00,2395.844,2407.4,2390.45,2398.42,2.166359867,66.0,2394.90639
2026-04-22 20:00:00+00:00,2399.2425,2402.392,2390.334,2392.245,3.166701192,17.0,2398.222998
2026-04-22 21:00:00+00:00,2391.0,2405.9523,2391.0,2404.03,0.340424211,18.0,2398.271549
2026-04-22 22:00:00+00:00,2402.879,2407.4,2395.355,2400.4215,0.347296297,10.0,2402.264574
2026-04-22 23:00:00+00:00,2401.7,2401.7,2373.99,2374.9,0.433835648,17.0,2387.540558
2026-04-23 00:00:00+00:00,2376.279,2382.012,2346.075,2373.03,5.195024142,32.0,2370.300452
2026-04-23 01:00:00+00:00,2370.17,2373.706,2361.885,2367.455,0.636143712,16.0,2367.106328
2026-04-23 02:00:00+00:00,2366.15,2366.15,2345.996,2353.585,0.24993348,7.0,2355.32865
2026-04-23 03:00:00+00:00,2351.955,2353.7315,2332.41,2341.054,1.09274602,14.0,2338.155031
2026-04-23 04:00:00+00:00,2339.9085,2350.0,2337.2045,2348.7835,4.11572077,17.0,2346.847695
2026-04-23 05:00:00+00:00,2350.4095,2354.3185275,2342.2755,2349.117,0.283375287,24.0,2349.105372
2026-04-23 06:00:00+00:00,2350.749,2359.3575,2350.749,2356.181,0.282345541,18.0,2354.868396
2026-04-23 07:00:00+00:00,2356.243,2357.705,2342.80775,2344.65,0.396758313,14.0,2349.941477
2026-04-23 08:00:00+00:00,2343.41175,2345.504,2335.835,2341.495,0.320869726,15.0,2341.050653
2026-04-23 09:00:00+00:00,2339.845,2339.845,2316.00279625,2316.95,1.448743918,16.0,2322.834747
2026-04-23 10:00:00+00:00,2317.6,2322.685,2307.16905,2314.4595,0.096376006,14.0,2315.153769
2026-04-23 11:00:00+00:00,2315.5895,2332.715,2315.43,2330.21,0.915530048,23.0,2326.388423
2026-04-23 12:00:00+00:00,2331.31,2336.392,2323.1775,2330.02,0.204764973,20.0,2328.183294
2026-04-23 13:00:00+00:00,2328.99,2332.2445,2315.6,2320.429,3.016963307,27.0,2324.283226
2026-04-23 14:00:00+00:00,2319.778,2337.37,2317.84,2335.3205,1.924751892,40.0,2324.552675
2026-04-23 15:00:00+00:00,2336.641,2343.02,2325.345,2333.8815,0.581491422,35.0,2332.752463
2026-04-23 16:00:00+00:00,2332.8,2336.345,2324.591,2326.75,0.565387607,27.0,2331.205471
2026-04-23 17:00:00+00:00,2328.096,2329.1785,2286.125,2311.49,2.39822631,18.0,2309.178971
2026-04-23 18:00:00+00:00,2310.038,2319.259,2306.365,2306.604,0.806590188,13.0,2316.260368
2026-04-23 19:00:00+00:00,2307.485,2320.4,2300.87,2313.432,1.252938205,22.0,2314.87268
2026-04-23 20:00:00+00:00,2314.325,2329.4845,2314.325,2325.5425,0.891200993,12.0,2326.24368
2026-04-23 21:00:00+00:00,2324.7735,2328.9995,2321.7475,2323.07,0.023672105,5.0,2325.686739
2026-04-23 22:00:00+00:00,2321.705,2339.03,2321.705,2332.18,0.27162401,10.0,2332.014056
2026-04-23 23:00:00+00:00,2333.25,2334.762,2325.4,2331.73,0.366409539,15.0,2332.214218
2026-04-24 00:00:00+00:00,2333.26,2338.37,2328.07,2332.685,0.896030822,18.0,2335.55827
2026-04-24 01:00:00+00:00,2331.821,2334.535,2320.87025,2334.37,0.213837442,11.0,2328.572331
2026-04-24 02:00:00+00:00,2332.9,2334.825,2317.245,2319.97025,0.162787291,11.0,2324.390649
2026-04-24 03:00:00+00:00,2320.3405,2322.565,2300.9,2309.715,1.18197056,18.0,2315.89863
2026-04-24 04:00:00+00:00,2307.967,2312.432,2299.934,2307.6695,0.208687595,3.0,2303.996271
2026-04-24 05:00:00+00:00,2305.9705,2316.40425,2300.775,2315.61225,1.047589165,11.0,2302.951447
2026-04-24 06:00:00+00:00,2314.7705,2316.4245,2309.02,2310.6605,0.025204454,8.0,2313.073302
2026-04-24 07:00:00+00:00,2311.485,2316.3,2309.13,2312.175,0.035302,12.0,2314.500313
2026-04-24 08:00:00+00:00,2312.3295,2323.87,2308.6515,2315.3565,0.556052897,16.0,2316.722823
2026-04-24 09:00:00+00:00,2316.4835,2316.4835,2305.5055,2311.15,0.316182696,11.0,2309.77196
2026-04-24 10:00:00+00:00,2309.67,2320.1,2307.19,2316.36,0.397676587,9.0,2319.197412
2026-04-24 11:00:00+00:00,2317.5535,2331.786,2317.5535,2329.4,0.434890049,9.0,2329.475947
2026-04-24 12:00:00+00:00,2330.1725,2333.24,2321.32755,2326.46,4.554388536,21.0,2330.968839
2026-04-24 13:00:00+00:00,2327.2125,2331.98,2311.765,2317.8585,0.122479145,18.0,2322.4014
2026-04-24 14:00:00+00:00,2316.892,2319.324,2304.4,2314.45,7.369904556,72.0,2312.685615
2026-04-24 15:00:00+00:00,2315.1,2329.94,2301.7,2323.9,1.644879929,63.0,2315.125972
2026-04-24 16:00:00+00:00,2325.0,2325.7,2310.791,2317.75,0.246274025,40.0,2319.489672
2026-04-24 17:00:00+00:00,2318.8,2321.90042375,2309.49225,2320.13,0.442595922,6.0,2314.719694
2026-04-24 18:00:00+00:00,2321.4,2322.378,2310.859,2320.6165,5.122050037,61.0,2316.173883
2026-04-24 19:00:00+00:00,2321.45,2325.9,2319.5,2321.847,1.306223745,95.0,2324.968833
2026-04-24 20:00:00+00:00,2323.21,2329.6,2315.66,2326.8,0.261987682,13.0,2322.848582
2026-04-24 21:00:00+00:00,2325.539,2328.35,2314.75,2316.113,0.089462121,6.0,2322.493698
2026-04-24 22:00:00+00:00,2317.486,2317.97,2308.0185,2313.4605,0.506331609,28.0,2316.768584
2026-04-24 23:00:00+00:00,2312.2,2318.2,2312.2,2315.976,0.182463867,38.0,2315.969424
2026-04-25 00:00:00+00:00,2314.819,2316.49,2311.392,2316.075,3.327522416,9.0,2313.99119
2026-04-25 01:00:00+00:00,2317.3955,2322.39,2316.12,2318.95,0.335190233,14.0,2317.991747
2026-04-25 02:00:00+00:00,2317.1765,2319.4885,2315.25,2318.5525,0.047737099,9.0,2318.508815
2026-04-25 03:00:00+00:00,2318.755,2321.333,2315.6,2319.44,0.263787552,15.0,2319.560684
2026-04-25 04:00:00+00:00,2318.045,2321.4,2316.69,2318.373,0.138489822,5.0,2320.759246
2026-04-25 05:00:00+00:00,2317.04,2317.89,2314.5465,2316.931,0.095850805,7.0,2317.080759
2026-04-25 06:00:00+00:00,2317.826,2319.669,2314.07,2316.693,0.37044551,19.0,2317.929173
2026-04-25 07:00:00+00:00,2316.263,2318.9925,2313.887,2317.695,0.266623948,10.0,2317.281787
2026-04-25 08:00:00+00:00,2316.654,2322.052,2316.3,2320.1125,0.1479233,7.0,2319.769244
2026-04-25 09:00:00+00:00,2318.985,2323.085,2317.5,2319.55,0.303593909,9.0,2319.728142
2026-04-25 10:00:00+00:00,2321.071,2324.43,2318.39,2320.975,0.465076911,13.0,2321.119631
2026-04-25 11:00:00+00:00,2322.15,2322.15,2311.8901,2314.75,0.694378231,13.0,2316.677699
2026-04-25 12:00:00+00:00,2314.4,2317.9,2314.4,2314.7,0.022239748,3.0,2317.58569
2026-04-25 13:00:00+00:00,2315.566,2319.3,2315.4,2317.0225,0.567629271,12.0,2317.088962
2026-04-25 14:00:00+00:00,2317.757,2319.87,2315.7,2316.931,0.025136653,11.0,2319.055888
2026-04-25 15:00:00+00:00,2318.162,2320.376,2306.3919,2308.544,0.251173279,12.0,2314.703388
2026-04-25 16:00:00+00:00,2307.0869,2311.7,2302.791,2310.665,0.714937102,24.0,2307.284885
2026-04-25 17:00:00+00:00,2309.112,2313.3165,2307.271,2310.754,0.050721551,8.0,2309.681378
2026-04-25 18:00:00+00:00,2309.2765,2313.65,2309.07,2312.0995,0.169024469,7.0,2311.476293
2026-04-25 19:00:00+00:00,2311.57,2311.892,2307.3,2310.24,0.179048131,7.0,2309.982716
2026-04-25 20:00:00+00:00,2311.96,2314.0255,2309.5,2314.0255,0.09959256,5.0,2313.088462
2026-04-25 21:00:00+00:00,2315.0072,2317.29,2313.84,2316.15,0.02338382,8.0,2315.638141
2026-04-25 22:00:00+00:00,2316.3775,2319.8059,2316.044,2319.1575,0.2889806,2.0,2317.379305
2026-04-25 23:00:00+00:00,2317.561,2320.676,2317.561,2319.52,0.019158828,2.0,2320.337594
2026-04-26 00:00:00+00:00,2318.6635,2319.6,2313.545,2315.948,0.02900257,5.0,2316.47336
2026-04-26 01:00:00+00:00,2314.86,2319.259,2313.52,2315.3,0.06835103,6.0,2315.233552
2026-04-26 02:00:00+00:00,2315.6455,2320.1,2314.955,2315.215,0.026175674,6.0,2316.145197
2026-04-26 03:00:00+00:00,2314.03,2318.8,2307.992,2310.6965,0.17785956,10.0,2312.345603
2026-04-26 04:00:00+00:00,2309.566,2320.01,2309.566,2318.8595,0.22435863,6.0,2314.578106
2026-04-26 05:00:00+00:00,2319.9335,2335.5535,2319.9335,2328.0,0.338463414,17.0,2329.160075
2026-04-26 06:00:00+00:00,2329.5205,2334.215,2328.4,2330.3955,0.157610663,24.0,2330.366493
2026-04-26 07:00:00+00:00,2331.704,2333.0,2329.117,2332.115,0.327538282,12.0,2330.830134
2026-04-26 08:00:00+00:00,2332.775,2337.32155,2330.068,2334.202,0.426382508,13.0,2334.161697
2026-04-26 09:00:00+00:00,2332.651,2336.45,2330.24,2334.86,0.414574478,14.0,2333.580719
2026-04-26 10:00:00+00:00,2333.95,2337.2,2331.481,2332.842,6.048741327,8.0,2332.970123
2026-04-26 11:00:00+00:00,2333.9085,2339.852,2332.984,2336.945,0.102954066,14.0,2336.696569
2026-04-26 12:00:00+00:00,2335.6,2336.8,2327.4995,2329.72,2.023590049,11.0,2332.842746
2026-04-26 13:00:00+00:00,2330.244,2335.592,2328.146,2335.51,2.256745035,15.0,2332.463546
2026-04-26 14:00:00+00:00,2334.594,2353.05,2334.594,2348.086,0.604674896,25.0,2348.016637
2026-04-26 15:00:00+00:00,2349.1,2350.9,2345.065,2349.2,0.576047542,20.0,2347.021762
2026-04-26 16:00:00+00:00,2350.1575,2350.1575,2343.91,2343.91,0.16344105,15.0,2347.157087
2026-04-26 17:00:00+00:00,2342.956,2351.2,2342.4063,2350.675,0.137037564,8.0,2348.563518
2026-04-26 18:00:00+00:00,2352.2,2369.285702275,2348.092,2362.4,3.606690239,63.0,2361.765435
2026-04-26 19:00:00+00:00,2363.3,2376.202,2360.614,2368.6465,0.141011226,8.0,2366.878606
2026-04-26 20:00:00+00:00,2369.875,2373.415,2364.12,2364.12,0.090024988,12.0,2369.629189
2026-04-26 21:00:00+00:00,2365.6755,2371.2,2351.71685,2364.705,0.14023728,10.0,2358.883292
2026-04-26 22:00:00+00:00,2363.65,2379.7937,2354.7565,2362.96,0.238069245,13.0,2370.018959
2026-04-26 23:00:00+00:00,2362.03,2379.2,2357.395,2369.85,0.103660335,11.0,2369.457693
2026-04-27 00:00:00+00:00,2370.66,2391.6425,2360.7309,2389.9175,0.631849674,28.0,2376.600767
2026-04-27 01:00:00+00:00,2390.995,2403.575,2379.480399455,2394.37,4.719444856,23.0,2393.732522
2026-04-27 02:00:00+00:00,2395.655,2398.35,2387.19,2393.88,0.662638481,19.0,2393.015243
2026-04-27 03:00:00+00:00,2392.94305,2400.123,2392.45755,2394.935,5.701784899,18.0,2398.348047
2026-04-27 04:00:00+00:00,2396.285,2397.47,2380.8,2383.4825,1.002061808,28.0,2395.075946
2026-04-27 05:00:00+00:00,2381.955,2381.955,2320.025,2324.27,0.502886536,36.0,2356.895405
2026-04-27 06:00:00+00:00,2323.0,2328.6175,2313.905,2321.286,1.276847543,17.0,2319.290845
2026-04-27 07:00:00+00:00,2322.6,2323.4045,2316.2385,2316.965,0.086875038,8.0,2319.847888
2026-04-27 08:00:00+00:00,2315.75,2319.78,2308.635,2318.56112829,0.690938381,16.0,2315.178577
2026-04-27 09:00:00+00:00,2318.82225658,2325.7,2315.301,2321.73,0.574200857,13.0,2322.889124
2026-04-27 10:00:00+00:00,2323.47,2323.47,2319.61,2319.9,0.268343426,5.0,2321.2576
2026-04-27 11:00:00+00:00,2321.4275,2322.525,2317.681,2321.105,1.146891516,8.0,2321.766423
2026-04-27 12:00:00+00:00,2319.8,2322.1,2312.3,2313.5955,8.02816545,12.0,2320.669359
2026-04-27 13:00:00+00:00,2315.638,2320.1545,2304.5555,2312.6,2.46096077,35.0,2315.09967
2026-04-27 14:00:00+00:00,2310.98,2330.56,2309.371,2314.235,0.79449125,99.0,2319.131872
2026-04-27 15:00:00+00:00,2315.87,2316.53,2266.009852216,2274.409,6.076962536,96.0,2284.424193
2026-04-27 16:00:00+00:00,2273.1315,2281.448,2270.25,2278.26,1.389007571,49.0,2279.071079
2026-04-27 17:00:00+00:00,2279.69,2292.666,2277.986,2287.316,1.068364139,41.0,2286.999857
2026-04-27 18:00:00+00:00,2286.178,2291.34,2283.908,2288.689,0.480877408,33.0,2290.203606
2026-04-27 19:00:00+00:00,2290.642,2291.94,2275.5,2289.131,1.726664994,39.0,2286.941149
2026-04-27 20:00:00+00:00,2289.77,2296.0975,2289.77,2291.48,1.023161687,15.0,2292.513068
2026-04-27 21:00:00+00:00,2290.4075,2292.28,2286.85,2287.195,0.144790662,5.0,2288.999333
2026-04-27 22:00:00+00:00,2287.8715,2295.9,2285.213,2294.505,0.965994578,10.0,2293.778172
2026-04-27 23:00:00+00:00,2293.0235,2306.2175,2291.874,2303.202,0.184632607,5.0,2302.954669
2026-04-28 00:00:00+00:00,2303.855,2310.472,2298.6,2306.958,0.23480471,15.0,2305.076934
2026-04-28 01:00:00+00:00,2306.0985,2309.9,2299.24185,2299.62685,0.254451401,16.0,2305.109624
2026-04-28 02:00:00+00:00,2300.3,2301.05,2281.895,2288.44,0.299086079,25.0,2292.720587
2026-04-28 03:00:00+00:00,2287.46,2291.06,2282.39,2291.06,0.167898157,9.0,2288.987841
2026-04-28 04:00:00+00:00,2289.92,2293.12665,2283.338,2288.8515,0.658026768,7.0,2290.046331
2026-04-28 05:00:00+00:00,2289.4885,2296.7805,2286.31,2288.19,0.324665236,6.0,2290.977308
2026-04-28 06:00:00+00:00,2289.36,2290.103,2271.378,2278.605,0.258955011,10.0,2277.188111
2026-04-28 07:00:00+00:00,2276.75,2288.5835,2271.666,2288.05,0.08841828,16.0,2280.846082
2026-04-28 08:00:00+00:00,2286.595,2291.217,2283.11,2286.75,0.073009554,6.0,2285.47132
2026-04-28 09:00:00+00:00,2285.8,2288.151,2277.0,2281.805,0.589486582,8.0,2285.771249
2026-04-28 10:00:00+00:00,2282.877,2286.2345,2281.1805,2284.455,0.030650131,6.0,2284.61461
2026-04-28 11:00:00+00:00,2282.8065,2283.1435,2270.55325,2274.2175,0.418792392,14.0,2275.1917
2026-04-28 12:00:00+00:00,2275.007,2281.15,2271.22325,2277.8275,0.223420591,10.0,2277.724967
2026-04-28 13:00:00+00:00,2277.0375,2284.7425,2262.7675,2276.95,0.257962945,25.0,2271.956239
2026-04-28 14:00:00+00:00,2275.332,2276.6155,2261.04,2272.7085,2.056586139,79.0,2267.11659
2026-04-28 15:00:00+00:00,2273.3945,2280.3755,2269.38,2278.716,0.498638849,29.0,2275.135448
2026-04-28 16:00:00+00:00,2279.942,2288.025,2273.807,2285.28,0.551363988,22.0,2278.981215
2026-04-28 17:00:00+00:00,2286.0555,2293.55,2277.5,2290.425,1.718644656,24.0,2291.024448
2026-04-28 18:00:00+00:00,2289.339,2297.135,2287.965,2297.070160715,0.429372422,14.0,2292.770304
2026-04-28 19:00:00+00:00,2295.836,2305.08,2290.205,2301.12,0.095914767,12.0,2295.063537
2026-04-28 20:00:00+00:00,2302.05,2304.6445,2295.7,2295.7,0.056412,5.0,2297.075637
2026-04-28 21:00:00+00:00,2294.6,2296.2415,2286.48295,2290.4,0.037456891,6.0,2291.390406
2026-04-28 22:00:00+00:00,2291.4,2294.089707945,2286.71045,2286.71045,0.081361559,8.0,2289.866858
2026-04-28 23:00:00+00:00,2286.10545,2289.45,2285.345,2289.45,2.163922248,5.0,2286.875426
2026-04-29 00:00:00+00:00,2288.254,2293.5,2285.48,2292.79,0.512725276,7.0,2288.182361
2026-04-29 01:00:00+00:00,2291.445,2296.3105,2278.715,2291.887,0.02499233,6.0,2282.914412
2026-04-29 02:00:00+00:00,2292.815,2294.73,2285.247,2287.846,0.054883315,4.0,2291.775361
2026-04-29 03:00:00+00:00,2288.9,2316.33,2287.401,2310.88,0.467876587,25.0,2307.452674
2026-04-29 04:00:00+00:00,2311.92,2341.475,2308.1,2326.1175,3.052007635,26.0,2333.507982
2026-04-29 05:00:00+00:00,2327.735,2332.5,2322.6375,2328.095,0.135258036,9.0,2328.322444
2026-04-29 06:00:00+00:00,2329.067,2335.7255,2321.16,2324.205,1.2015055,10.0,2329.354704
2026-04-29 07:00:00+00:00,2325.61,2329.386,2321.998,2322.8855,0.066560613,6.0,2325.748993
2026-04-29 08:00:00+00:00,2324.459,2328.14,2320.575,2325.6845,0.76454029,14.0,2322.45399
2026-04-29 09:00:00+00:00,2324.595,2344.85785,2324.315,2340.1395,0.29192697,11.0,2340.345092
2026-04-29 10:00:00+00:00,2341.4555,2346.0315,2330.528,2333.475,0.294331312,15.0,2342.631567
2026-04-29 11:00:00+00:00,2332.006,2336.0,2328.97,2331.9675,0.125910542,13.0,2331.529381
2026-04-29 12:00:00+00:00,2331.4165,2331.4165,2308.37,2315.9925,12.855314658,118.0,2317.708937
2026-04-29 13:00:00+00:00,2316.824,2318.0795,2290.05,2302.115,0.933437004,35.0,2296.353958
2026-04-29 14:00:00+00:00,2301.455,2308.209,2293.318,2299.835,1.126310556,97.0,2300.690519
2026-04-29 15:00:00+00:00,2300.74,2300.74,2262.645,2271.2535,2.761290203,33.0,2276.317102
2026-04-29 16:00:00+00:00,2270.2125,2279.183,2262.5745,2265.5975,0.661533735,30.0,2269.638884
2026-04-29 17:00:00+00:00,2266.9105,2280.017,2265.1465,2280.017,1.06699956,47.0,2272.890331
2026-04-29 18:00:00+00:00,2280.06,2284.19,2219.81,2238.3625,101.410966875,154.0,2247.600034
2026-04-29 19:00:00+00:00,2239.7,2240.4605,2223.825,2232.1935,0.389557892,13.0,2232.560145
2026-04-29 20:00:00+00:00,2233.165,2247.0,2229.4905,2239.99,0.877940957,12.0,2242.56809
2026-04-29 21:00:00+00:00,2238.603,2263.895,2237.591,2252.05,2.879395659,9.0,2243.641414
2026-04-29 22:00:00+00:00,2250.906,2257.456,2249.181,2256.56,0.100788415,8.0,2253.785839
2026-04-29 23:00:00+00:00,2255.65,2259.2325,2250.06,2251.96,4.478828349,7.0,2258.29572
2026-04-30 00:00:00+00:00,2252.884,2273.422,2248.856,2272.2,0.880393826,7.0,2265.108206
2026-04-30 01:00:00+00:00,2270.8375,2277.9,2267.19,2268.09,0.868249921,7.0,2275.929935
2026-04-30 02:00:00+00:00,2269.2345,2272.5,2235.745,2244.0615,1.066439105,15.0,2253.979818
2026-04-30 03:00:00+00:00,2243.376,2255.708,2243.376,2252.185,0.05044568,8.0,2251.140601
2026-04-30 04:00:00+00:00,2251.81,2252.4765,2235.72,2237.702,0.804976007,21.0,2238.22283
2026-04-30 05:00:00+00:00,2238.6785,2246.775,2230.715,2241.964,0.298657815,8.0,2240.738106
2026-04-30 06:00:00+00:00,2243.328,2250.65,2241.804,2246.56,0.875504963,65.0,2244.816973
2026-04-30 07:00:00+00:00,2248.22,2259.295,2243.3175,2258.39,0.246545127,5.0,2253.750233
2026-04-30 08:00:00+00:00,2259.285,2261.29,2254.43,2256.376,2.149908521,119.0,2258.47553
2026-04-30 09:00:00+00:00,2257.552,2269.96,2254.879,2261.437,0.465632425,11.0,2258.373733
2026-04-30 10:00:00+00:00,2262.114,2265.202,2256.003,2261.0625,3.81683702,9.0,2261.194163
2026-04-30 11:00:00+00:00,2262.164,2271.53,2251.453,2257.7915,0.212159311,36.0,2260.704068
2026-04-30 12:00:00+00:00,2259.435,2269.7555,2257.7895,2264.1525,1.053940535,46.0,2260.23378
2026-04-30 13:00:00+00:00,2265.845,2270.05,2255.645,2263.85,0.806678413,65.0,2266.736718
2026-04-30 14:00:00+00:00,2262.9,2269.97,2247.165,2260.8,10.990026092,259.0,2262.965392
2026-04-30 15:00:00+00:00,2261.7,2273.9935,2259.0,2265.385,2.61760243,66.0,2264.020377
2026-04-30 16:00:00+00:00,2266.31,2266.31,2254.5,2256.305,0.134943891,19.0,2259.652578
2026-04-30 17:00:00+00:00,2255.7445,2259.5645,2250.9155,2257.1405,0.096249806,24.0,2255.214289
2026-04-30 18:00:00+00:00,2257.9615,2264.07,2253.23,2259.349,0.274997334,49.0,2257.915209
2026-04-30 19:00:00+00:00,2258.4,2267.45,2257.595,2261.02,1.141174882,50.0,2262.966176
2026-04-30 20:00:00+00:00,2260.055,2266.63,2260.055,2263.99,0.089451458,8.0,2264.680067
2026-04-30 21:00:00+00:00,2262.96,2265.2,2254.22,2255.505,0.55318868,12.0,2260.391098
2026-04-30 22:00:00+00:00,2256.81,2261.4,2252.085,2253.333,2.313795905,8.0,2256.535337
2026-04-30 23:00:00+00:00,2254.81,2258.393,2253.5665,2257.165,5.043096759,5.0,2255.611882
2026-05-01 00:00:00+00:00,2257.882,2265.769,2257.882,2258.6725,0.033028033,7.0,2263.982553
2026-05-01 01:00:00+00:00,2259.567,2269.248,2258.6725,2267.655,0.031074216,12.0,2262.238963
2026-05-01 02:00:00+00:00,2268.81,2269.0355,2263.64,2265.58,0.472010264,17.0,2265.541985
2026-05-01 03:00:00+00:00,2264.37,2293.769827775,2264.37,2281.576,2.579135502,19.0,2271.417491
2026-05-01 04:00:00+00:00,2282.948,2285.9,2277.435,2278.625,0.28860601,22.0,2281.704044
2026-05-01 05:00:00+00:00,2278.1485,2285.417,2278.1485,2283.28,0.312704435,20.0,2282.963788
2026-05-01 06:00:00+00:00,2284.2985,2286.2,2271.683,2276.9365,0.658031506,24.0,2278.04919
2026-05-01 07:00:00+00:00,2277.66,2280.9,2272.7435,2279.035,0.61945371,27.0,2275.088942
2026-05-01 08:00:00+00:00,2277.589,2288.3,2276.86,2286.3865,0.120555079,18.0,2283.588496
2026-05-01 09:00:00+00:00,2287.6,2287.6,2279.8095,2281.877,0.281356528,21.0,2283.58041
2026-05-01 10:00:00+00:00,2283.27,2284.51,2275.671,2282.61,0.448067962,10.0,2278.306911
2026-05-01 11:00:00+00:00,2281.42,2290.9,2280.8,2285.82,0.073127192,13.0,2285.362618
2026-05-01 12:00:00+00:00,2287.0,2310.695,2284.615,2301.861,4.153182186,38.0,2292.936993
2026-05-01 13:00:00+00:00,2303.2105,2322.845,2303.2105,2317.781,2.184927758,36.0,2311.39666
2026-05-01 14:00:00+00:00,2318.491,2325.2405,2301.675,2308.175,2.978707426,27.0,2315.59271
2026-05-01 15:00:00+00:00,2309.25,2316.37417989,2299.41,2307.35,0.977448786,24.0,2309.071662
2026-05-01 16:00:00+00:00,2308.251,2313.991,2297.9345,2301.365,0.650352155,31.0,2309.872253
2026-05-01 17:00:00+00:00,2302.409,2311.6785,2298.9695,2311.26,3.972266212,10.0,2306.600194
2026-05-01 18:00:00+00:00,2311.135,2311.6,2303.6095,2304.2935,2.791043589,14.0,2309.992281
2026-05-01 19:00:00+00:00,2305.2575,2308.04,2302.403,2304.22,1.842655964,14.0,2304.916508
2026-05-01 20:00:00+00:00,2305.64,2305.7,2279.704,2284.125,2.044971632,14.0,2302.69805
2026-05-01 21:00:00+00:00,2285.258,2293.5,2285.0755,2292.5065,1.31144506,9.0,2289.418686
2026-05-01 22:00:00+00:00,2291.725,2299.237,2291.4275,2293.135,0.352514035,6.0,2294.823499
2026-05-01 23:00:00+00:00,2291.49,2295.635,2289.335,2295.635,2.138947353,5.0,2293.582071
2026-05-02 00:00:00+00:00,2296.89,2299.1,2292.95,2296.916,0.05126165,11.0,2295.754154
2026-05-02 01:00:00+00:00,2296.255,2300.1325,2294.857,2299.57,0.017954,6.0,2297.254837
2026-05-02 02:00:00+00:00,2298.57,2308.2,2295.09,2302.77,0.709094246,10.0,2303.221521
2026-05-02 03:00:00+00:00,2304.425,2308.115,2300.2,2303.76,0.610580247,10.0,2303.395049
2026-05-02 04:00:00+00:00,2304.095,2305.375,2299.44,2300.71,0.212875556,13.0,2302.40294
2026-05-02 05:00:00+00:00,2299.3,2301.6,2296.875,2299.62,0.575353495,6.0,2299.320621
2026-05-02 06:00:00+00:00,2300.9835,2305.052,2296.45,2305.052,0.05769748,22.0,2300.257568
2026-05-02 07:00:00+00:00,2306.504,2306.504,2299.75,2300.915,0.205333143,21.0,2303.167527
2026-05-02 08:00:00+00:00,2300.11,2303.92,2299.2,2302.9855,0.159897398,19.0,2300.310737
2026-05-02 09:00:00+00:00,2304.875,2307.8,2303.274,2304.6285,0.06205593,5.0,2304.029701
2026-05-02 10:00:00+00:00,2305.9,2305.9,2302.303,2303.0,0.056955,2.0,2305.284301
2026-05-02 11:00:00+00:00,2302.53,2304.15,2300.6,2301.7575,0.049079273,4.0,2302.345475
2026-05-02 12:00:00+00:00,2302.9795,2305.982,2302.9795,2303.61,0.355711194,8.0,2304.511171
2026-05-02 13:00:00+00:00,2304.8825,2311.6,2304.8825,2308.263,0.532902476,20.0,2307.784093
2026-05-02 14:00:00+00:00,2306.6705,2310.0,2304.755,2306.55,0.237937717,5.0,2308.729917
2026-05-02 15:00:00+00:00,2307.47,2311.0,2305.184,2309.095,0.264809783,10.0,2306.504603
2026-05-02 16:00:00+00:00,2309.84,2312.33002361,2306.177,2310.0795,1.80063135,37.0,2309.807506
2026-05-02 17:00:00+00:00,2311.319,2311.319,2305.9025,2307.155,0.068387453,8.0,2307.929361
2026-05-02 18:00:00+00:00,2307.01,2311.235,2304.5,2310.1195,0.404476733,6.0,2307.679297
2026-05-02 19:00:00+00:00,2308.64,2312.8,2308.3,2310.314,0.126625223,15.0,2311.646115
2026-05-02 20:00:00+00:00,2311.1,2313.204,2308.04,2311.91,0.127373128,9.0,2309.655226
2026-05-02 21:00:00+00:00,2310.93,2341.2379725,2310.93,2325.3785,1.364797718,31.0,2327.907265
2026-05-02 22:00:00+00:00,2326.481,2328.189,2317.282,2326.0655,0.753152904,16.0,2321.335504
2026-05-02 23:00:00+00:00,2324.949,2324.949,2314.8,2315.898,0.456613,8.0,2315.612541
2026-05-03 00:00:00+00:00,2317.4,2318.6,2309.641,2314.365,0.115158619,7.0,2314.623035
2026-05-03 01:00:00+00:00,2312.9,2312.9,2303.8,2303.945,1.682211849,16.0,2306.999803
2026-05-03 02:00:00+00:00,2302.68,2306.545,2297.565,2304.069,0.108718067,17.0,2300.835973
2026-05-03 03:00:00+00:00,2302.5615,2304.8,2299.72,2301.425,0.243958481,6.0,2301.139594
2026-05-03 04:00:00+00:00,2300.02,2304.9,2297.584,2301.462,0.604098351,10.0,2300.481314
2026-05-03 05:00:00+00:00,2302.4,2305.59,2301.755,2303.7885,0.002125,1.0,2305.59
2026-05-03 06:00:00+00:00,2304.44,2306.6,2300.0725,2304.345,0.364901033,9.0,2302.485768
2026-05-03 07:00:00+00:00,2305.34,2313.793,2303.837,2309.663,1.28327353,14.0,2307.055988
2026-05-03 08:00:00+00:00,2309.976,2313.24,2307.953,2308.2585,0.48949514,11.0,2310.097126
2026-05-03 09:00:00+00:00,2307.5,2320.7,2307.45,2316.574,0.298399485,14.0,2315.272826
2026-05-03 10:00:00+00:00,2315.5615,2315.5615,2311.155,2311.155,0.12198743,6.0,2313.587513
2026-05-03 11:00:00+00:00,2310.445,2327.0,2310.445,2319.2485,0.231458395,10.0,2322.147438
2026-05-03 12:00:00+00:00,2320.925,2331.0762075,2320.3,2325.365,1.581584987,16.0,2323.227108
2026-05-03 13:00:00+00:00,2326.0,2329.32,2319.758,2322.06,1.866118245,19.0,2326.313379
2026-05-03 14:00:00+00:00,2322.98,2328.6,2321.812,2327.638,0.134384014,9.0,2325.115954
2026-05-03 15:00:00+00:00,2328.246,2331.0962075,2324.6175,2327.5175,0.424660669,11.0,2328.931509
2026-05-03 16:00:00+00:00,2328.98,2333.85,2322.755,2329.16,0.164344156,18.0,2329.495481
2026-05-03 17:00:00+00:00,2328.75,2334.96,2324.4205,2331.715,0.468722566,14.0,2332.693471
2026-05-03 18:00:00+00:00,2332.6955,2333.9695,2327.0,2330.474,0.012612,5.0,2330.55514
2026-05-03 19:00:00+00:00,2332.207,2336.401,2328.6,2336.02612,0.488474032,10.0,2333.225959
2026-05-03 20:00:00+00:00,2335.1,2342.8905,2328.2,2330.288,0.512400149,16.0,2334.468795
2026-05-03 21:00:00+00:00,2329.089,2333.715,2314.901,2324.32,0.850430888,15.0,2325.72656
2026-05-03 22:00:00+00:00,2325.94,2356.5,2323.775,2344.18,2.119164861,39.0,2344.462283
2026-05-03 23:00:00+00:00,2343.0115,2347.223,2319.4,2322.55,0.287623305,13.0,2328.486662
2026-05-04 00:00:00+00:00,2321.381,2321.381,2308.6,2319.45,0.578476311,11.0,2313.348784
2026-05-04 01:00:00+00:00,2320.2765,2350.531,2313.2,2350.531,0.456337027,49.0,2337.687311
2026-05-04 02:00:00+00:00,2351.3815,2386.635,2344.381,2374.195,2.514031665,80.0,2369.366192
2026-05-04 03:00:00+00:00,2374.9745,2389.742306465,2371.1105,2385.113,0.967319859,30.0,2378.059616
2026-05-04 04:00:00+00:00,2385.9155,2398.7135,2383.4,2390.2955,0.332335443,26.0,2388.578437
2026-05-04 05:00:00+00:00,2389.965,2390.374,2375.24713462,2376.35356731,2.603764556,31.0,2384.648504
2026-05-04 06:00:00+00:00,2377.272,2377.272,2355.65,2367.8,2.06457899,20.0,2362.606512
2026-05-04 07:00:00+00:00,2366.8275,2373.2925,2363.33,2363.4405,1.207610664,9.0,2370.62422
2026-05-04 08:00:00+00:00,2361.75,2364.7695,2355.95,2360.69,2.859393211,25.0,2360.845586
2026-05-04 09:00:00+00:00,2359.42,2370.71,2357.7555,2368.2485,0.030189,8.0,2364.871374
2026-05-04 10:00:00+00:00,2368.8055,2368.8055,2315.03,2339.0745,23.510359446,185.0,2348.204541
2026-05-04 11:00:00+00:00,2337.8,2344.85,2332.5,2337.485,0.344420492,91.0,2337.485589
2026-05-04 12:00:00+00:00,2336.0,2344.706,2333.75,2336.1155,0.386705372,62.0,2340.445857
2026-05-04 13:00:00+00:00,2334.8785,2343.4,2325.7915,2337.265,1.034291615,34.0,2334.908386
2026-05-04 14:00:00+00:00,2336.091,2380.9735,2327.9,2371.85,1.807746101,68.0,2360.096632
2026-05-04 15:00:00+00:00,2372.8,2373.85,2335.525,2350.1,2.011061699,35.0,2342.432807
2026-05-04 16:00:00+00:00,2351.1,2364.1805,2337.605,2356.15,2.152546314,22.0,2352.708571
2026-05-04 17:00:00+00:00,2354.9525,2377.925,2354.635,2370.7,0.981283137,47.0,2366.632117
2026-05-04 18:00:00+00:00,2371.7,2374.8385,2356.79,2360.295,1.181959759,14.0,2358.201939
2026-05-04 19:00:00+00:00,2361.75,2363.83,2352.5,2356.13,0.559718758,11.0,2355.596581
2026-05-04 20:00:00+00:00,2354.582,2358.91,2348.85,2349.6,0.368604425,9.0,2353.208114
2026-05-04 21:00:00+00:00,2348.3,2363.475,2348.3,2360.8675,0.208832148,11.0,2357.201695
2026-05-04 22:00:00+00:00,2361.4,2365.93,2352.62,2354.95,0.178586309,13.0,2357.238865
2026-05-04 23:00:00+00:00,2352.7795,2352.7795,2344.6635,2346.105,0.084635285,4.0,2347.507827
2026-05-05 00:00:00+00:00,2345.31,2358.9325,2345.31,2357.46,0.638530661,11.0,2348.431412
2026-05-05 01:00:00+00:00,2359.0,2365.44,2354.937,2361.3675,0.278337486,26.0,2360.400601
2026-05-05 02:00:00+00:00,2360.3615,2375.643514545,2360.3615,2367.027,0.080347361,8.0,2366.155531
2026-05-05 03:00:00+00:00,2368.3005,2388.46,2364.49,2382.306,0.55889953,57.0,2378.529121
2026-05-05 04:00:00+00:00,2383.278,2384.965,2376.281,2380.5,1.287713832,14.0,2381.414528
2026-05-05 05:00:00+00:00,2379.066,2389.35,2376.5,2380.49,0.45920987,13.0,2383.982979
2026-05-05 06:00:00+00:00,2378.95,2380.192,2367.32233669,2377.952,0.903729391,14.0,2374.759399
2026-05-05 07:00:00+00:00,2377.2615,2388.591,2376.092,2380.2445,0.103067434,8.0,2384.631757
2026-05-05 08:00:00+00:00,2378.533,2385.7,2372.04,2376.3815,1.297545522,15.0,2379.636653
2026-05-05 09:00:00+00:00,2375.215,2375.215,2366.624,2369.2835,0.12563406,15.0,2369.951428
2026-05-05 10:00:00+00:00,2368.0,2379.0,2367.9695,2378.2035,0.132659963,8.0,2375.552832
2026-05-05 11:00:00+00:00,2377.515,2383.0,2373.644,2379.9305,0.362894487,13.0,2378.345744
2026-05-05 12:00:00+00:00,2381.387,2390.045,2376.1,2388.81,0.821312752,16.0,2380.429181
2026-05-05 13:00:00+00:00,2390.3,2398.99772841,2383.857,2388.9535,2.406401904,20.0,2393.357065
2026-05-05 14:00:00+00:00,2387.125,2392.175,2370.17,2379.09,1.524121746,22.0,2380.71528
2026-05-05 15:00:00+00:00,2380.28,2388.028,2375.1335,2381.25,0.572959691,20.0,2380.015848
2026-05-05 16:00:00+00:00,2382.675,2383.707,2360.176,2365.2495,0.79389516,23.0,2370.21074
2026-05-05 17:00:00+00:00,2364.5,2369.5695,2360.04,2362.995,0.340929243,4.0,2363.226551
2026-05-05 18:00:00+00:00,2364.35,2375.36,2362.235,2372.2,0.765822881,8.0,2372.271645
2026-05-05 19:00:00+00:00,2371.074,2375.625,2369.148,2371.106,0.080697002,7.0,2372.664932
2026-05-05 20:00:00+00:00,2370.12,2386.02,2370.12,2382.5905,0.46097062,6.0,2371.133489
2026-05-05 21:00:00+00:00,2381.611,2387.7815,2369.2105,2375.394,0.525578522,11.0,2376.934656
2026-05-05 22:00:00+00:00,2376.5345,2381.465,2355.5205,2367.033,0.208201527,9.0,2367.398919
2026-05-05 23:00:00+00:00,2365.882,2369.55,2354.811,2361.4395,1.0,1.0,2362.315
2026-05-06 00:00:00+00:00,2360.315,2366.67,2355.3,2364.4925,0.135673437,12.0,2361.001334
2026-05-06 01:00:00+00:00,2363.24,2376.1895,2363.24,2372.9105,0.482895048,13.0,2370.418148
2026-05-06 02:00:00+00:00,2371.763,2372.12,2360.015,2369.538,0.424579079,15.0,2365.728312
2026-05-06 03:00:00+00:00,2368.093,2379.06405,2367.861,2376.215,0.148513086,14.0,2372.711523
2026-05-06 04:00:00+00:00,2377.598,2378.77,2361.8155,2366.485,0.968353226,14.0,2374.691346
2026-05-06 05:00:00+00:00,2365.72,2366.577,2355.37,2364.711,0.128271812,11.0,2362.930448
2026-05-06 06:00:00+00:00,2365.78549973,2370.945,2360.75,2370.63,0.197228317,15.0,2367.168974
2026-05-06 07:00:00+00:00,2369.613,2375.5,2368.4615,2370.77,0.099722791,10.0,2373.647268
2026-05-06 08:00:00+00:00,2369.7,2395.86,2369.7,2393.311,0.724028969,16.0,2372.917526
2026-05-06 09:00:00+00:00,2394.7015,2417.39,2384.7,2412.795,1.465041878,27.0,2401.320757
2026-05-06 10:00:00+00:00,2414.0,2415.2,2406.6125,2411.325,0.370465091,11.0,2412.324861
2026-05-06 11:00:00+00:00,2409.4,2422.80195,2408.496,2409.73,2.477445523,15.0,2411.998129
2026-05-06 12:00:00+00:00,2411.1,2413.415,2400.6465,2405.679,0.900031285,23.0,2409.439586
2026-05-06 13:00:00+00:00,2404.3,2404.3,2365.15,2368.322,3.636792769,31.0,2385.298367
2026-05-06 14:00:00+00:00,2367.456,2372.355,2347.601,2360.2,2.374948784,36.0,2358.977649
2026-05-06 15:00:00+00:00,2361.4,2365.56,2355.005,2359.235,2.070853958,15.0,2363.708302
2026-05-06 16:00:00+00:00,2358.2,2366.54,2351.2575,2357.2595,1.13047148,27.0,2358.70903
2026-05-06 17:00:00+00:00,2358.585,2360.0285,2347.731,2349.05,0.32553784,9.0,2353.642465
2026-05-06 18:00:00+00:00,2350.4,2352.7,2337.725,2345.38,0.645938152,14.0,2345.084092
2026-05-06 19:00:00+00:00,2345.775,2349.9,2341.8125,2348.5885,0.316961842,10.0,2346.968528
2026-05-06 20:00:00+00:00,2349.4475,2355.8861280064,2345.045,2349.595,0.246994277,16.0,2351.721372
2026-05-06 21:00:00+00:00,2350.55,2356.0416280064,2346.9395,2353.5455,0.032814733,3.0,2355.055126
2026-05-06 22:00:00+00:00,2354.9405,2355.0605,2345.4545,2347.8,0.755433149,12.0,2349.020065
2026-05-06 23:00:00+00:00,2346.6,2350.919,2338.01,2350.919,0.543609449,12.0,2340.685259
2026-05-07 00:00:00+00:00,2352.205,2352.65,2329.565,2329.565,0.151034927,15.0,2337.5553
2026-05-07 01:00:00+00:00,2327.9,2335.972,2317.3559397035556,2327.4185,0.949307541,30.0,2331.797256
2026-05-07 02:00:00+00:00,2325.9209375,2327.51,2315.27093596,2321.4,0.209200353,21.0,2323.274385
2026-05-07 03:00:00+00:00,2322.5,2327.2,2315.76,2321.54,0.113269242,11.0,2321.621691
2026-05-07 04:00:00+00:00,2322.38,2328.24,2318.948,2327.464,0.203077889,15.0,2325.777453
2026-05-07 05:00:00+00:00,2328.145,2333.31,2328.145,2330.925,0.148953326,8.0,2331.513684
2026-05-07 06:00:00+00:00,2332.48,2338.16,2320.44,2336.824,0.686884549,12.0,2335.37466
2026-05-07 07:00:00+00:00,2338.1,2346.7795,2336.7925,2344.85,0.482136429,16.0,2341.98716
2026-05-07 08:00:00+00:00,2345.9,2347.55,2333.1535,2333.53,4.151783593,11.0,2341.7977
2026-05-07 09:00:00+00:00,2334.44,2337.125,2326.69,2328.0175,0.970605025,19.0,2332.008629
2026-05-07 10:00:00+00:00,2329.58,2330.4605,2317.9603,2326.815,0.160472699,6.0,2326.481179
2026-05-07 11:00:00+00:00,2328.087,2331.62,2325.42,2329.6945,0.076763,7.0,2328.123949
2026-05-07 12:00:00+00:00,2330.656,2336.6515,2330.656,2333.75,0.065806218,6.0,2333.723551
2026-05-07 13:00:00+00:00,2332.596,2332.596,2305.4,2314.6,1.46068453,17.0,2316.577189
2026-05-07 14:00:00+00:00,2313.414,2318.5,2290.1225,2298.705,1.578249332,23.0,2301.982815
2026-05-07 15:00:00+00:00,2297.635,2305.105,2286.097,2292.85,1.192235433,18.0,2294.282261
2026-05-07 16:00:00+00:00,2294.045,2297.375,2285.965,2291.25,0.758327561,25.0,2292.103261
2026-05-07 17:00:00+00:00,2292.3,2301.085,2279.8635,2300.1765,1.279949426,14.0,2289.773109
2026-05-07 18:00:00+00:00,2300.973,2304.1945,2291.84,2296.3725,0.266940564,10.0,2298.922913
2026-05-07 19:00:00+00:00,2295.0115,2296.954,2287.9485,2295.084,0.19336694,6.0,2295.362521
2026-05-07 20:00:00+00:00,2296.05,2302.3785,2287.7,2288.5745,0.195844172,9.0,2292.060785
2026-05-07 21:00:00+00:00,2290.567,2294.561,2281.112,2287.19,0.424177719,127.0,2286.563547
2026-05-07 22:00:00+00:00,2287.19,2289.132,2280.645,2287.1,3.886025773,19.0,2285.632559
2026-05-07 23:00:00+00:00,2286.195,2292.882,2285.39,2290.666,0.133065471,48.0,2289.086247
2026-05-08 00:00:00+00:00,2291.6,2294.2,2283.3,2285.55,0.491784174,13.0,2291.093301
2026-05-08 01:00:00+00:00,2286.654,2288.855,2281.9195,2284.475,0.008573328,3.0,2285.307575
2026-05-08 02:00:00+00:00,2285.75,2285.75,2267.95,2278.065,0.70387137,19.0,2275.590141
2026-05-08 03:00:00+00:00,2276.346,2281.609,2266.311426108,2279.29,0.167141433,10.0,2277.112181
2026-05-08 04:00:00+00:00,2280.06,2284.7015,2277.3,2281.755,1.430121262,14.0,2280.186804
2026-05-08 05:00:00+00:00,2280.5,2283.081,2275.9385,2275.9385,0.368628,7.0,2281.266168
2026-05-08 06:00:00+00:00,2275.315,2278.11,2270.1715,2274.444,0.179390096,23.0,2274.238136
2026-05-08 07:00:00+00:00,2273.6325,2281.87,2266.567,2280.975,0.445635588,17.0,2277.680445
2026-05-08 08:00:00+00:00,2280.3145,2288.445,2279.775,2283.747,0.223995405,8.0,2285.88207
2026-05-08 09:00:00+00:00,2285.109,2292.1,2280.144,2283.825,1.482437092,10.0,2288.315138
2026-05-08 10:00:00+00:00,2284.915,2291.018,2280.44,2287.15,1.23288,8.0,2283.307552
2026-05-08 11:00:00+00:00,2288.1865,2295.98,2288.1865,2295.0695,0.640888812,10.0,2292.095647
2026-05-08 12:00:00+00:00,2295.714,2300.8,2282.065,2283.335,0.618404994,14.0,2292.094758
2026-05-08 13:00:00+00:00,2284.17,2286.8175,2269.5725,2275.655,2.797612873,15.0,2282.062539
2026-05-08 14:00:00+00:00,2276.65,2291.5695,2273.577,2284.55,1.03904027,10.0,2279.301718
2026-05-08 15:00:00+00:00,2285.9,2293.375,2273.1,2291.375,0.412587591,17.0,2282.432837
2026-05-08 16:00:00+00:00,2292.702,2294.139,2285.72217391,2289.7,0.664020189,28.0,2290.414629
2026-05-08 17:00:00+00:00,2291.0,2314.5025,2291.0,2304.271,0.783635754,11.0,2303.25467
2026-05-08 18:00:00+00:00,2305.0955,2320.825,2305.0955,2314.461,0.812495908,12.0,2314.590086
2026-05-08 19:00:00+00:00,2313.0355,2320.7,2310.89,2315.615,0.875772525,10.0,2320.080724
2026-05-08 20:00:00+00:00,2316.4535,2317.7,2305.135,2305.135,1.774480656,8.0,2313.826594
2026-05-08 21:00:00+00:00,2306.2585,2314.395,2303.99,2314.395,0.140293243,6.0,2307.627168
2026-05-08 22:00:00+00:00,2313.49,2318.3635,2311.6335,2311.6335,0.162481248,5.0,2315.755409
2026-05-08 23:00:00+00:00,2310.5965,2310.5965,2303.688,2307.0965,0.127964681,10.0,2306.862224
2026-05-09 00:00:00+00:00,2308.14,2312.8,2304.92,2307.9345,0.050533594,5.0,2308.81064
2026-05-09 01:00:00+00:00,2308.615,2317.992,2308.615,2315.6055,0.124007107,16.0,2313.64558
2026-05-09 02:00:00+00:00,2316.591,2319.65,2315.0465,2316.482,0.199278945,9.0,2317.747573
2026-05-09 03:00:00+00:00,2317.264,2320.159,2312.1,2316.0105,0.101278818,8.0,2316.577846
2026-05-09 04:00:00+00:00,2317.07,2324.155,2311.74,2312.05,0.581106225,15.0,2317.307751
2026-05-09 05:00:00+00:00,2311.76637675,2318.5,2311.76637675,2315.089,0.078226314,9.0,2317.329842
2026-05-09 06:00:00+00:00,2315.8145,2319.09,2312.335,2313.56,0.040217961,3.0,2317.191812
2026-05-09 07:00:00+00:00,2314.75,2317.715,2312.252,2314.3,0.117777306,6.0,2314.258007
2026-05-09 08:00:00+00:00,2315.3,2319.901,2315.3,2316.567,3.094131549,8.0,2317.002209
2026-05-09 09:00:00+00:00,2315.754,2316.8,2311.48637675,2312.816,0.057633225,13.0,2315.010142
2026-05-09 10:00:00+00:00,2311.58087675,2314.47,2309.26,2312.776,0.12451886,6.0,2312.060754
2026-05-09 11:00:00+00:00,2313.65,2315.346,2313.224,2314.9655,0.053218695,3.0,2314.649938
2026-05-09 12:00:00+00:00,2316.454,2318.595,2313.8,2316.427,0.004228388,1.0,2318.595
2026-05-09 13:00:00+00:00,2315.245,2316.71,2312.3965,2313.14,1.044433,5.0,2315.339098
2026-05-09 14:00:00+00:00,2313.98,2314.43,2306.128,2308.09,0.140607588,10.0,2309.385017
2026-05-09 15:00:00+00:00,2308.89,2317.297,2299.9965,2317.297,0.474245581,10.0,2309.414572
2026-05-09 16:00:00+00:00,2318.194,2323.681,2315.305,2320.44,0.063481927,10.0,2321.567808
2026-05-09 17:00:00+00:00,2320.935,2332.509,2320.935,2329.675,2.189906334,18.0,2328.408493
2026-05-09 18:00:00+00:00,2330.825,2338.03,2328.795,2329.55,0.183350851,14.0,2332.497107
2026-05-09 19:00:00+00:00,2330.7,2332.4895,2327.225,2331.92,0.102621213,4.0,2329.684954
2026-05-09 20:00:00+00:00,2330.611,2330.611,2327.53,2329.675,0.145901087,3.0,2330.253781
2026-05-09 21:00:00+00:00,2331.4,2331.68,2328.9715,2331.5765,0.054009078,3.0,2330.221636
2026-05-09 22:00:00+00:00,2330.12,2333.1285,2328.089,2330.452,0.004740744,2.0,2329.45845
2026-05-09 23:00:00+00:00,2330.9185,2330.9185,2325.50483929,2326.758919645,0.015374923,4.0,2326.393623
2026-05-10 00:00:00+00:00,2326.252419645,2330.3,2321.539,2322.55,0.169403889,11.0,2326.061429
2026-05-10 01:00:00+00:00,2323.9,2324.4,2319.2295,2322.9635,0.161863129,5.0,2322.659961
2026-05-10 02:00:00+00:00,2321.4,2326.944,2320.43,2326.4445,0.014047437,4.0,2324.075252
2026-05-10 03:00:00+00:00,2328.2525,2331.37386207,2324.5415,2328.7005,0.026032,8.0,2329.37287
2026-05-10 04:00:00+00:00,2327.2135,2329.9515,2325.0,2329.135,0.048964969,6.0,2326.311214
2026-05-10 05:00:00+00:00,2327.775,2330.079,2326.0,2327.3055,0.834523981,8.0,2329.702896
2026-05-10 06:00:00+00:00,2325.811,2330.517,2325.811,2328.4815,0.079593115,7.0,2327.545954
2026-05-10 07:00:00+00:00,2329.966,2331.128,2327.74,2328.375,0.383800619,3.0,2328.059159
2026-05-10 08:00:00+00:00,2326.9585,2331.215,2326.4,2329.35,0.733583063,5.0,2326.522217
2026-05-10 09:00:00+00:00,2330.729,2332.5785,2325.56,2327.55,0.558922167,7.0,2328.479452
2026-05-10 10:00:00+00:00,2328.498,2328.498,2322.19,2325.293,0.055969684,8.0,2325.631818
2026-05-10 11:00:00+00:00,2326.73,2327.41,2318.9,2322.225,0.12840663,7.0,2321.318338
2026-05-10 12:00:00+00:00,2323.173,2325.333,2320.85,2322.582,0.116366019,13.0,2322.980698
2026-05-10 13:00:00+00:00,2323.9985,2330.59,2323.9985,2328.83,0.083696,8.0,2329.500326
2026-05-10 14:00:00+00:00,2327.9,2333.5065,2326.473,2329.5795,0.123242538,9.0,2328.921059
2026-05-10 15:00:00+00:00,2330.829,2350.1465974747,2329.5795,2348.196,1.617702346,15.0,2347.334764
2026-05-10 16:00:00+00:00,2349.122,2350.50319494942,2339.197,2349.6365974747,2.074296164,12.0,2342.335055
2026-05-10 17:00:00+00:00,2350.1825974747,2367.05,2345.86,2363.4,0.551020142,11.0,2354.070733
2026-05-10 18:00:00+00:00,2364.0725,2365.941,2357.77409914,2358.28909914,0.294531657,8.0,2363.560242
2026-05-10 19:00:00+00:00,2357.65909914,2365.885,2351.05,2365.165,0.305355483,11.0,2359.287685
2026-05-10 20:00:00+00:00,2366.57,2370.906,2313.52,2328.355,1.666705532,34.0,2351.287801
2026-05-10 21:00:00+00:00,2327.271,2337.5,2324.22,2330.9525,0.240061859,10.0,2331.970716
2026-05-10 22:00:00+00:00,2329.35,2376.5735,2327.98,2372.6055,0.673220683,19.0,2352.091
2026-05-10 23:00:00+00:00,2374.1335,2381.2371006725,2367.455,2371.0205,1.114708652,20.0,2376.652137
2026-05-11 00:00:00+00:00,2372.3275,2373.5625,2345.078,2352.266,0.726082435,24.0,2359.295155
2026-05-11 01:00:00+00:00,2353.531,2364.42,2344.6455,2359.241,0.212961323,15.0,2358.026377
2026-05-11 02:00:00+00:00,2358.2835,2360.285,2342.1,2344.4,0.563550843,15.0,2344.872377
2026-05-11 03:00:00+00:00,2342.8,2344.73,2319.3465,2329.265,2.107948673,17.0,2325.383129
2026-05-11 04:00:00+00:00,2328.56,2335.4795,2325.4,2333.077,0.430472977,8.0,2328.500502
2026-05-11 05:00:00+00:00,2331.795,2339.7365,2330.519,2335.2,0.156130392,10.0,2335.12985
2026-05-11 06:00:00+00:00,2334.07,2340.2455,2330.8719175,2333.815,0.180906149,6.0,2334.692092
2026-05-11 07:00:00+00:00,2332.855,2333.176,2328.0,2330.2404368125,0.132439154,9.0,2330.430439
2026-05-11 08:00:00+00:00,2330.3579368125,2334.2705,2326.479,2329.045,0.096729059,9.0,2330.145449
2026-05-11 09:00:00+00:00,2330.275,2337.7,2330.275,2335.625,0.485610134,11.0,2335.553602
2026-05-11 10:00:00+00:00,2334.285,2338.0827685,2329.55,2329.55,0.044349405,3.0,2336.404917
2026-05-11 11:00:00+00:00,2330.65,2336.1,2327.581,2334.545,0.138950909,4.0,2332.977318
2026-05-11 12:00:00+00:00,2335.5245,2338.275,2328.72,2328.7655,1.122235228,10.0,2328.934415
2026-05-11 13:00:00+00:00,2329.905,2331.96,2314.749,2321.254,1.165242623,25.0,2326.134895
2026-05-11 14:00:00+00:00,2322.646,2328.0345,2304.1095,2314.595,0.672509323,18.0,2313.877546
2026-05-11 15:00:00+00:00,2315.8515,2334.1725,2313.3,2332.71,1.121466415,15.0,2323.952469
2026-05-11 16:00:00+00:00,2333.62,2340.0065,2327.09075,2329.5,0.313747766,13.0,2336.183246
2026-05-11 17:00:00+00:00,2328.54,2340.98,2323.632,2336.815,2.573992773,10.0,2335.941817
2026-05-11 18:00:00+00:00,2337.63,2344.2,2335.94590278,2335.94590278,0.206557015,8.0,2339.06648
2026-05-11 19:00:00+00:00,2335.72380556,2342.632,2332.555,2339.2,0.295609551,9.0,2338.319675
2026-05-11 20:00:00+00:00,2340.566,2344.3,2335.97,2336.9085,0.022806009,5.0,2339.425975
2026-05-11 21:00:00+00:00,2337.7455,2341.278,2336.530600695,2340.675,0.008472,3.0,2340.219478
2026-05-11 22:00:00+00:00,2341.9,2344.685,2336.961100695,2341.821,0.292999034,7.0,2341.874928
2026-05-11 23:00:00+00:00,2340.625,2342.932,2335.76120139,2340.2115,0.373827189,5.0,2339.567486
2026-05-12 00:00:00+00:00,2338.765,2339.835,2332.033,2333.571,0.652069756,9.0,2335.741313
2026-05-12 01:00:00+00:00,2334.91,2334.91,2295.566502463,2311.11,0.734533258,18.0,2311.706702
2026-05-12 02:00:00+00:00,2309.915,2315.9,2308.115,2314.56,0.256150036,12.0,2312.039811
2026-05-12 03:00:00+00:00,2313.02,2316.225,2307.023,2309.0075,1.278748821,10.0,2311.455884
2026-05-12 04:00:00+00:00,2310.2575,2314.2,2305.576,2311.1115,1.009390429,16.0,2309.276539
2026-05-12 05:00:00+00:00,2312.425,2313.3,2308.7,2310.7,0.624255721,8.0,2310.652233
2026-05-12 06:00:00+00:00,2309.0155,2312.94,2301.595,2303.3385,0.246974394,14.0,2307.15122
2026-05-12 07:00:00+00:00,2302.3,2303.7195,2290.8,2294.77,0.120516007,14.0,2298.814429
2026-05-12 08:00:00+00:00,2293.34,2294.8,2281.265,2287.7850000005,4.170702676,32.0,2288.717367
2026-05-12 09:00:00+00:00,2287.1400000005,2294.43,2280.224,2291.183,9.473380645,79.0,2284.419231
2026-05-12 10:00:00+00:00,2292.48,2293.839,2281.6135,2285.0,1.634306847,46.0,2291.352528
2026-05-12 11:00:00+00:00,2283.812,2286.792,2277.947,2286.12,2.37292945,31.0,2280.361749
2026-05-12 12:00:00+00:00,2284.6,2293.23576875,2280.29,2288.31,0.753369406,16.0,2287.461076
2026-05-12 13:00:00+00:00,2289.503,2291.6,2269.12569375,2270.8085,2.380147007,32.0,2277.705536
2026-05-12 14:00:00+00:00,2269.61919375,2280.9,2262.05,2268.1,1.32100202,43.0,2266.232376
2026-05-12 15:00:00+00:00,2269.3,2273.4,2256.35,2261.95,0.820532506,43.0,2263.268979
2026-05-12 16:00:00+00:00,2260.6965,2270.183,2256.1705,2263.755,2.760432814,39.0,2264.333063
2026-05-12 17:00:00+00:00,2265.3325,2277.501,2264.365,2276.254,0.614701507,33.0,2270.183047
2026-05-12 18:00:00+00:00,2276.254,2283.5,2274.417,2278.634,0.40210791,33.0,2279.000011
2026-05-12 19:00:00+00:00,2280.175,2286.5015,2278.617,2284.445,2.605260073,15.0,2281.915803
2026-05-12 20:00:00+00:00,2285.3815,2287.16,2281.31,2283.907,1.45582957,8.0,2284.259616
2026-05-12 21:00:00+00:00,2285.4915,2286.29,2283.278,2285.08,0.016832458,3.0,2284.35594
2026-05-12 22:00:00+00:00,2286.317,2290.8,2282.34,2282.34,0.116449592,9.0,2288.150215
2026-05-12 23:00:00+00:00,2281.23,2284.32,2273.3,2274.212,0.365740454,28.0,2279.989005
2026-05-13 00:00:00+00:00,2275.19,2286.1,2272.9,2281.163,0.352531286,17.0,2278.700047
2026-05-13 01:00:00+00:00,2279.776,2294.4,2279.776,2290.0735,0.096980536,8.0,2285.214323
2026-05-13 02:00:00+00:00,2288.146,2298.863,2285.76,2293.4165,0.032491391,6.0,2290.760586
2026-05-13 03:00:00+00:00,2294.25,2303.250640865,2292.6295,2301.385,0.121264026,6.0,2297.379781
2026-05-13 04:00:00+00:00,2302.8,2308.05,2298.7755,2306.625,0.11805073,6.0,2304.063109
2026-05-13 05:00:00+00:00,2305.35,2307.7,2295.25,2296.537,0.48442942,8.0,2299.715098
2026-05-13 06:00:00+00:00,2297.7355,2304.595,2297.7355,2300.8045,0.258730599,10.0,2302.511978
2026-05-13 07:00:00+00:00,2301.719,2302.09,2296.815,2300.287,0.022196108,7.0,2299.455071
2026-05-13 08:00:00+00:00,2298.64,2315.95,2298.64,2315.045,0.77177161,19.0,2304.041452
2026-05-13 09:00:00+00:00,2316.303,2322.57,2314.8955,2319.842,0.147762669,14.0,2321.570928
2026-05-13 10:00:00+00:00,2320.6055,2321.9,2306.277,2308.2065,0.158322134,11.0,2313.045263
2026-05-13 11:00:00+00:00,2307.145,2308.24,2299.870675,2301.065,0.808366456,10.0,2304.374359
2026-05-13 12:00:00+00:00,2302.6205,2306.72515788,2270.235,2283.2525,0.483132305,24.0,2286.872698
2026-05-13 13:00:00+00:00,2282.105,2287.5,2259.259,2262.551,1.499009892,14.0,2271.677219
2026-05-13 14:00:00+00:00,2261.008,2269.71310256,2250.99,2266.4,2.153518659,25.0,2259.988097
2026-05-13 15:00:00+00:00,2268.2,2268.753,2233.4,2235.4,27.973502987,22.0,2244.021434
2026-05-13 16:00:00+00:00,2234.351,2252.8,2234.351,2248.9355,0.301848708,17.0,2248.399402
2026-05-13 17:00:00+00:00,2250.35,2260.325,2250.35,2257.915,0.678018606,8.0,2255.457095
2026-05-13 18:00:00+00:00,2258.93,2267.2085,2257.274,2259.35,3.681725949,4.0,2257.927152
2026-05-13 19:00:00+00:00,2257.727,2257.727,2250.8,2255.42,0.74294501,10.0,2254.905508
2026-05-13 20:00:00+00:00,2256.155,2262.66,2255.445,2261.475,0.127814752,4.0,2259.410852
2026-05-13 21:00:00+00:00,2262.802,2262.802,2254.143,2255.875,0.443813061,10.0,2256.992942
2026-05-13 22:00:00+00:00,2256.605,2259.315,2249.46,2258.9655,0.458015812,7.0,2254.595018
2026-05-13 23:00:00+00:00,2260.073,2260.073,2253.9175,2257.63,0.001577059,1.0,2256.62
2026-05-14 00:00:00+00:00,2259.042,2269.387,2258.8,2266.3545,0.113342776,15.0,2265.423524
2026-05-14 01:00:00+00:00,2264.942,2268.13,2259.4545,2263.9,0.229327468,10.0,2264.156516
2026-05-14 02:00:00+00:00,2265.22,2265.4,2246.18,2249.74,1.399151892,15.0,2258.676644
2026-05-14 03:00:00+00:00,2251.4825,2253.379,2237.665,2241.3245,2.252648837,16.0,2247.650311
2026-05-14 04:00:00+00:00,2240.3335,2257.764,2239.0,2256.26,0.356338225,15.0,2255.304363
2026-05-14 05:00:00+00:00,2254.785,2272.491,2254.6,2268.0565,0.118941404,6.0,2258.950518
2026-05-14 06:00:00+00:00,2269.846,2273.078,2266.4415,2267.3725,0.254327552,4.0,2268.588105
2026-05-14 07:00:00+00:00,2266.2,2271.05,2262.354,2264.491,0.10514634,6.0,2268.041292
2026-05-14 08:00:00+00:00,2265.751,2269.595,2262.094,2265.83,0.494819352,8.0,2265.618253
2026-05-14 09:00:00+00:00,2266.885,2266.885,2251.3075,2256.41821114,0.11514193,6.0,2256.521872
2026-05-14 10:00:00+00:00,2257.05021114,2264.185,2255.21,2261.274,1.2274507,6.0,2256.313716
2026-05-14 11:00:00+00:00,2260.16,2263.49,2253.122233695,2253.310233695,0.143047914,7.0,2261.731796
2026-05-14 12:00:00+00:00,2253.215233695,2261.36,2247.7415,2260.5625,0.244117487,8.0,2254.163493
2026-05-14 13:00:00+00:00,2259.995,2264.886,2248.139,2249.4,5.344959804,14.0,2255.719718
2026-05-14 14:00:00+00:00,2248.052,2288.887,2245.43753125,2287.87975,5.301165265,26.0,2280.845898
2026-05-14 15:00:00+00:00,2288.06975,2298.98,2279.9395,2298.33,1.433613126,14.0,2286.178281
2026-05-14 16:00:00+00:00,2299.35,2318.818,2294.63555625,2315.65,0.765829338,28.0,2301.608498
2026-05-14 17:00:00+00:00,2317.472,2318.965,2296.655,2308.655,0.447227573,8.0,2301.682631
2026-05-14 18:00:00+00:00,2309.43,2317.04,2304.045,2309.938,0.77483998,17.0,2308.244215
2026-05-14 19:00:00+00:00,2310.85,2312.65,2298.42063043,2298.910315215,0.088221389,28.0,2301.264357
2026-05-14 20:00:00+00:00,2298.42063043,2302.311,2288.061,2298.046,0.182544433,30.0,2294.057869
2026-05-14 21:00:00+00:00,2299.35,2300.167,2289.7,2296.804,0.082721514,12.0,2293.612265
2026-05-14 22:00:00+00:00,2297.655,2300.8495,2295.25,2297.1435,0.002194,1.0,2300.033
2026-05-14 23:00:00+00:00,2296.1785,2297.3,2281.25,2282.4995,0.103812767,9.0,2286.538287
2026-05-15 00:00:00+00:00,2283.523,2299.315,2282.19,2291.587,0.229608971,15.0,2286.834605
2026-05-15 01:00:00+00:00,2292.314,2294.475,2275.015,2275.015,0.172228179,9.0,2281.98082
2026-05-15 02:00:00+00:00,2274.29,2278.456,2261.0,2276.0755,0.511090189,16.0,2268.016577
2026-05-15 03:00:00+00:00,2276.825,2278.5,2267.769,2273.4115,0.111552153,11.0,2273.980069
2026-05-15 04:00:00+00:00,2272.19,2272.95,2263.469930705,2263.469930705,0.054120252,8.0,2268.53344
2026-05-15 05:00:00+00:00,2262.73986141,2267.15,2236.4,2245.035,1.958460264,22.0,2247.192256
2026-05-15 06:00:00+00:00,2243.695,2257.1,2243.695,2254.69,0.305484423,9.0,2250.865738
2026-05-15 07:00:00+00:00,2253.138,2270.22,2252.8945,2265.15,8.317364723,14.0,2266.588771
2026-05-15 08:00:00+00:00,2263.1005,2263.1005,2250.4465,2256.5065,0.171206968,8.0,2258.623778
2026-05-15 09:00:00+00:00,2257.3995,2259.22,2250.7155,2253.0315,0.240927186,5.0,2254.610021
2026-05-15 10:00:00+00:00,2254.6575,2262.3,2251.77,2261.775,0.959434213,11.0,2256.303514
2026-05-15 11:00:00+00:00,2262.3925,2262.7,2255.17,2257.0755,1.147880158,17.0,2258.631007
2026-05-15 12:00:00+00:00,2256.1655,2259.42304348,2251.0475,2254.2735,0.507253623,13.0,2254.301516
2026-05-15 13:00:00+00:00,2252.735,2252.735,2210.4985,2210.805,5.111798746,47.0,2223.559253
2026-05-15 14:00:00+00:00,2212.255,2222.65,2203.43,2213.2225,19.74280802,38.0,2209.728117
2026-05-15 15:00:00+00:00,2214.0,2222.466372285,2208.8985,2222.1025,1.162832149,20.0,2213.149404
2026-05-15 16:00:00+00:00,2223.205,2228.7765,2217.408,2223.4775,3.455429704,32.0,2223.572781
2026-05-15 17:00:00+00:00,2224.3925,2231.915,2223.8285,2228.94,0.4049662,21.0,2225.787793
2026-05-15 18:00:00+00:00,2229.449,2231.779,2223.6805,2227.644,1.344686983,11.0,2229.251984
2026-05-15 19:00:00+00:00,2226.09,2226.615,2220.837,2221.7145,7.706242823,10.0,2221.875213
2026-05-15 20:00:00+00:00,2222.9325,2224.475,2216.008,2218.65,0.594397154,10.0,2219.145795
2026-05-15 21:00:00+00:00,2219.58,2223.7265,2214.242845,2215.416,0.193438425,3.0,2221.329882
2026-05-15 22:00:00+00:00,2216.35,2222.8085,2216.35,2222.201,0.0,0.0,2216.7555
2026-05-15 23:00:00+00:00,2223.549,2224.4325,2221.702,2223.52,0.022588884,5.0,2223.128078
2026-05-16 00:00:00+00:00,2222.635,2229.79,2222.635,2224.85,0.097944809,12.0,2227.528716
2026-05-16 01:00:00+00:00,2223.5,2230.15,2222.62,2228.34,0.182233162,27.0,2226.379798
2026-05-16 02:00:00+00:00,2229.76,2230.9,2225.795,2227.875,0.07095965,9.0,2227.470907
2026-05-16 03:00:00+00:00,2229.04,2230.3,2224.969,2227.2,0.124079338,24.0,2227.948512
2026-05-16 04:00:00+00:00,2228.0,2228.0,2217.63,2225.183,0.35290575,26.0,2222.968105
2026-05-16 05:00:00+00:00,2223.2395,2226.2,2222.155,2224.17,0.046815845,5.0,2224.943318
2026-05-16 06:00:00+00:00,2224.99,2225.2765,2208.83,2214.542,0.562704144,14.0,2215.711075
2026-05-16 07:00:00+00:00,2212.722,2212.722,2182.111,2194.2925,1.38721764,21.0,2190.166942
2026-05-16 08:00:00+00:00,2192.685,2196.66,2191.0,2193.16,0.124672652,12.0,2193.464008
2026-05-16 09:00:00+00:00,2192.5655,2193.731,2165.3,2173.68,16.093444765,35.0,2171.724311
2026-05-16 10:00:00+00:00,2172.015,2174.0,2162.47538043,2172.8055,1.192831109,30.0,2168.711122
2026-05-16 11:00:00+00:00,2173.5335,2181.0,2173.5335,2175.8,1.53954419,13.0,2177.722899
2026-05-16 12:00:00+00:00,2175.05,2178.7,2174.03,2176.0835,13.031266286,19.0,2175.512863
2026-05-16 13:00:00+00:00,2174.889,2178.32,2171.106,2176.144,0.891047191,14.0,2174.409311
2026-05-16 14:00:00+00:00,2177.0815,2186.585,2172.655,2178.7175,0.042945742,4.0,2176.630242
2026-05-16 15:00:00+00:00,2179.395,2182.8,2176.53,2178.935,2.131930096,11.0,2181.663192
2026-05-16 16:00:00+00:00,2178.66,2181.56,2170.682,2173.372,1.001998345,24.0,2175.043798
2026-05-16 17:00:00+00:00,2174.852,2179.414,2173.744,2177.9,0.634247427,13.0,2175.826384
2026-05-16 18:00:00+00:00,2179.5,2183.060608965,2174.2,2180.196,0.065884287,5.0,2178.551473
2026-05-16 19:00:00+00:00,2179.175,2181.684,2177.92,2178.139,0.141286739,3.0,2179.418892
2026-05-16 20:00:00+00:00,2179.2095,2183.46,2178.27,2180.35,0.198198617,6.0,2182.090571
2026-05-16 21:00:00+00:00,2181.816,2183.368,2179.9,2182.33,0.100013179,4.0,2182.750869
2026-05-16 22:00:00+00:00,2180.75,2183.65,2178.8285,2180.057,0.063269975,20.0,2181.504436
2026-05-16 23:00:00+00:00,2178.7985,2182.215,2177.978,2179.45,0.418178868,3.0,2180.17883
2026-05-17 00:00:00+00:00,2180.61,2183.8585,2172.905,2176.23,0.069438258,3.0,2180.874825
2026-05-17 01:00:00+00:00,2177.765,2182.359,2167.687,2168.545,0.170857142,3.0,2173.651035
2026-05-17 02:00:00+00:00,2170.233,2176.4,2169.8535,2173.985,0.665153,6.0,2174.231086
2026-05-17 03:00:00+00:00,2174.6935,2181.605,2174.456,2180.95,0.046578,3.0,2177.395933
2026-05-17 04:00:00+00:00,2181.71,2188.89,2181.71,2187.1725,0.39079774,7.0,2186.167442
2026-05-17 05:00:00+00:00,2188.709,2191.885,2184.785,2185.105,0.047177937,28.0,2187.341914
2026-05-17 06:00:00+00:00,2186.185,2187.005,2182.42,2183.238,0.028146881,8.0,2184.369998
2026-05-17 07:00:00+00:00,2182.2,2186.915,2181.925,2184.6635,0.047317749,14.0,2183.685845
2026-05-17 08:00:00+00:00,2185.98,2186.595,2182.522,2184.85,0.070991373,7.0,2184.587912
2026-05-17 09:00:00+00:00,2185.737,2189.9195,2185.2,2189.9195,0.104831618,34.0,2187.856011
2026-05-17 10:00:00+00:00,2190.5465,2197.935,2189.067,2192.306,0.817017129,12.0,2194.252915
2026-05-17 11:00:00+00:00,2191.5765,2193.125,2188.82,2191.1475,0.427262091,14.0,2190.961279
2026-05-17 12:00:00+00:00,2192.445,2197.6,2190.88,2193.6,0.429191138,14.0,2196.313265
2026-05-17 13:00:00+00:00,2192.9215,2193.913,2186.541,2191.234,0.234545074,26.0,2190.665729
2026-05-17 14:00:00+00:00,2189.995,2190.1345,2177.962,2185.5735,0.157451385,7.0,2183.733887
2026-05-17 15:00:00+00:00,2186.81,2188.1,2180.956,2185.274,0.051422424,6.0,2187.122265
2026-05-17 16:00:00+00:00,2186.17,2187.43,2181.283,2182.195,1.184460782,19.0,2183.37487
2026-05-17 17:00:00+00:00,2181.64,2184.935,2176.22,2182.8,1.196738706,10.0,2181.126851
2026-05-17 18:00:00+00:00,2183.99,2186.6375,2178.768,2186.599,0.541488842,12.0,2182.385645
2026-05-17 19:00:00+00:00,2188.17,2192.7,2186.885,2191.3845,0.095629598,6.0,2189.008835
2026-05-17 20:00:00+00:00,2192.507859375,2192.907859375,2186.395,2188.81,0.121428872,8.0,2189.214602
2026-05-17 21:00:00+00:00,2188.523,2192.690359375,2186.2,2190.8,0.415332406,8.0,2187.500904
2026-05-17 22:00:00+00:00,2189.86,2189.86,2174.513476295,2177.573,0.548941816,13.0,2182.422448
2026-05-17 23:00:00+00:00,2176.365,2177.7,2098.21,2130.44,15.193618685,54.0,2112.412319
2026-05-18 00:00:00+00:00,2129.4745,2130.015,2103.734,2113.2555,1.50079447,34.0,2118.101304
2026-05-18 01:00:00+00:00,2114.5415,2119.6835,2105.55,2117.705,3.207392622,17.0,2114.880982
2026-05-18 02:00:00+00:00,2116.905,2122.595,2112.49,2114.305,7.796616946,16.0,2116.59002
2026-05-18 03:00:00+00:00,2115.792,2122.82,2114.914,2118.615,0.733246982,15.0,2120.390463
2026-05-18 04:00:00+00:00,2119.09,2122.9655,2113.264,2122.9655,0.743416302,14.0,2116.216223
2026-05-18 05:00:00+00:00,2122.64,2124.09,2116.6315,2116.6315,1.177514445,10.0,2122.573881
2026-05-18 06:00:00+00:00,2117.63,2119.455,2108.7455,2117.2075,0.595896733,18.0,2115.507745
2026-05-18 07:00:00+00:00,2118.23,2121.242,2111.375,2120.285,2.486501802,11.0,2114.126743
2026-05-18 08:00:00+00:00,2121.13,2122.6095,2116.037,2119.75,1.082796,9.0,2121.883222
2026-05-18 09:00:00+00:00,2118.61,2119.78,2114.845,2115.645,0.073481457,12.0,2117.850487
2026-05-18 10:00:00+00:00,2115.17,2117.0,2111.55,2113.975,2.071312126,15.0,2114.885893
2026-05-18 11:00:00+00:00,2112.965,2138.46,2109.5285,2133.0465,0.314794802,15.0,2132.039041
2026-05-18 12:00:00+00:00,2133.8565,2154.91,2133.8565,2150.4145,10.461138721,25.0,2140.157001
2026-05-18 13:00:00+00:00,2149.335,2150.4145,2120.195,2129.595,0.750252835,39.0,2132.254007
2026-05-18 14:00:00+00:00,2128.365,2128.365,2098.608,2108.445,3.335691033,26.0,2113.502857
2026-05-18 15:00:00+00:00,2107.48,2108.9,2092.7975,2106.1,12.798307043,35.0,2095.568375
2026-05-18 16:00:00+00:00,2104.585,2108.74,2089.6255,2096.553,0.858876249,27.0,2101.478769
2026-05-18 17:00:00+00:00,2095.473,2108.425,2093.9925,2106.48,1.594745513,11.0,2102.91679
2026-05-18 18:00:00+00:00,2107.16,2107.16,2077.085,2080.017,1.044637661,21.0,2089.19045
2026-05-18 19:00:00+00:00,2079.05,2126.645,2079.05,2122.5435,1.190625178,16.0,2113.895703
2026-05-18 20:00:00+00:00,2123.397,2128.05,2114.0165,2116.175,0.168535765,11.0,2125.819512
2026-05-18 21:00:00+00:00,2117.0,2140.14,2113.18,2135.588,0.874320514,6.0,2127.879028
2026-05-18 22:00:00+00:00,2136.5875,2140.447,2129.533,2134.4465,0.516919367,6.0,2134.181636
2026-05-18 23:00:00+00:00,2135.425,2136.575,2126.55,2129.15,0.053687552,5.0,2128.645741
2026-05-19 00:00:00+00:00,2129.405,2144.6275,2127.345,2135.595,0.926524879,24.0,2137.040289
2026-05-19 01:00:00+00:00,2134.405,2135.36,2122.3,2124.1,1.318603147,11.0,2125.146978
2026-05-19 02:00:00+00:00,2123.16,2133.44,2118.5,2121.0305,0.561339018,8.0,2122.261677
2026-05-19 03:00:00+00:00,2122.0,2133.269,2120.3875,2129.629,0.44990603,9.0,2122.803843
2026-05-19 04:00:00+00:00,2128.755,2136.143,2127.55,2131.43,0.427317072,8.0,2129.323226
2026-05-19 05:00:00+00:00,2133.35,2134.833,2122.7725,2133.947,0.04435662,5.0,2126.841653
2026-05-19 06:00:00+00:00,2132.6985,2138.85,2131.7185,2135.8765,0.256086915,12.0,2134.534973
2026-05-19 07:00:00+00:00,2135.47,2143.0595,2134.76,2139.56,0.164319862,9.0,2139.146172
2026-05-19 08:00:00+00:00,2138.1,2141.22,2129.7685,2132.845,1.038166262,20.0,2135.942288
2026-05-19 09:00:00+00:00,2132.122,2132.122,2109.607,2113.085,0.188071227,10.0,2118.894765
2026-05-19 10:00:00+00:00,2111.65,2120.06,2104.802,2115.986,0.802486699,6.0,2111.175605
2026-05-19 11:00:00+00:00,2117.402,2118.444,2107.878,2108.555,0.424897475,16.0,2111.131237
2026-05-19 12:00:00+00:00,2109.87,2117.245,2107.789548,2117.1475,0.452086816,6.0,2111.784265
2026-05-19 13:00:00+00:00,2116.1615,2125.285,2105.78,2117.195,1.097875577,23.0,2114.559401
2026-05-19 14:00:00+00:00,2116.136,2121.669,2093.475,2104.5515,2.982884587,71.0,2099.177778
2026-05-19 15:00:00+00:00,2105.6,2111.61,2101.4,2107.765,1.464128008,60.0,2106.845536
2026-05-19 16:00:00+00:00,2108.972,2121.41,2105.869,2119.7,0.78763055,20.0,2110.170493
2026-05-19 17:00:00+00:00,2120.71,2123.871,2111.6,2114.1,0.153974069,19.0,2119.846203
2026-05-19 18:00:00+00:00,2115.4,2117.22,2109.432,2113.225,1.109421082,8.0,2115.497119
2026-05-19 19:00:00+00:00,2114.6085,2120.842,2106.884,2111.7025,2.098969321,24.0,2115.77345
2026-05-19 20:00:00+00:00,2112.745,2118.21,2111.495,2116.75,0.074268757,11.0,2115.006404
2026-05-19 21:00:00+00:00,2114.74,2119.03,2114.74,2115.2175,0.027899773,6.0,2117.530624
2026-05-19 22:00:00+00:00,2114.31,2114.31,2101.3635,2104.572,1.056655184,4.0,2109.755225
2026-05-19 23:00:00+00:00,2103.23,2116.725,2103.23,2110.3055,0.13054509,8.0,2110.051637
2026-05-20 00:00:00+00:00,2111.3,2113.3185,2101.6,2108.765,0.716891647,14.0,2107.259014
2026-05-20 01:00:00+00:00,2109.8,2117.01,2102.25,2113.76,0.450125899,55.0,2110.981619
2026-05-20 02:00:00+00:00,2112.889,2115.3,2104.543,2107.18,0.221328311,37.0,2112.30061
2026-05-20 03:00:00+00:00,2105.5185,2115.082,2103.29,2110.5255,0.240273646,41.0,2110.469128
2026-05-20 04:00:00+00:00,2110.935,2113.58,2105.0,2110.9895,0.563522828,79.0,2110.540951
2026-05-20 05:00:00+00:00,2112.2,2129.45,2110.9895,2123.6605,0.630309301,87.0,2122.121291
2026-05-20 06:00:00+00:00,2124.57,2132.016,2123.6605,2131.125,0.748394511,58.0,2126.471523
2026-05-20 07:00:00+00:00,2132.35,2133.84,2126.63,2127.5375,0.063811482,4.0,2130.565247
2026-05-20 08:00:00+00:00,2126.975,2136.0,2126.529,2129.465,0.478113181,10.0,2130.913666
2026-05-20 09:00:00+00:00,2129.73,2130.7785,2125.1,2126.682,1.453936504,9.0,2130.08831
2026-05-20 10:00:00+00:00,2128.2,2134.6745,2128.2,2129.25,0.313854282,3.0,2131.55462
2026-05-20 11:00:00+00:00,2128.37,2129.34,2122.76,2126.4085,0.02913643,8.0,2126.182351
2026-05-20 12:00:00+00:00,2124.8,2138.0505,2124.8,2132.25,0.314204554,13.0,2129.817869
2026-05-20 13:00:00+00:00,2133.4,2133.4,2114.0815,2117.875,3.104608099,16.0,2123.293149
2026-05-20 14:00:00+00:00,2119.0115,2138.001,2111.47,2133.0305,0.660085681,21.0,2128.92753
2026-05-20 15:00:00+00:00,2133.9,2146.7835,2126.905,2133.73,0.931104986,23.0,2135.678958
2026-05-20 16:00:00+00:00,2134.96,2138.4,2122.215,2133.4155,0.180067741,17.0,2132.201245
2026-05-20 17:00:00+00:00,2132.525,2146.94,2129.86,2138.6,1.746004543,12.0,2142.539747
2026-05-20 18:00:00+00:00,2137.7,2139.212,2129.234,2130.3275,0.461755373,10.0,2134.278039
2026-05-20 19:00:00+00:00,2129.0505,2139.0935,2126.9235,2137.147,0.055226063,7.0,2133.936012
2026-05-20 20:00:00+00:00,2138.4,2138.4,2126.4,2134.5665,0.297674034,14.0,2133.068585
2026-05-20 21:00:00+00:00,2133.195,2136.417,2128.8,2128.8,0.143899318,12.0,2134.564544
2026-05-20 22:00:00+00:00,2127.24,2127.24,2115.6,2125.922,0.453108504,12.0,2120.546338
2026-05-20 23:00:00+00:00,2124.3485,2127.6,2120.7365,2127.6,1.70135466,10.0,2124.101751
2026-05-21 00:00:00+00:00,2126.68,2143.25,2126.68,2140.7855,0.070573439,11.0,2132.931252
2026-05-21 01:00:00+00:00,2142.08,2153.779,2137.924,2139.355,0.160893092,14.0,2146.034366
2026-05-21 02:00:00+00:00,2140.21,2145.54,2137.155,2139.6,0.083937979,7.0,2142.412479
2026-05-21 03:00:00+00:00,2140.7,2145.07,2138.6,2144.9525,0.136141405,16.0,2141.331931
2026-05-21 04:00:00+00:00,2145.844,2147.0785,2140.9,2143.2,0.040186576,6.0,2144.558742
2026-05-21 05:00:00+00:00,2143.9,2146.113,2131.7,2134.057,0.464645088,12.0,2136.754424
2026-05-21 06:00:00+00:00,2132.9,2136.51,2126.2,2126.2,0.079528937,10.0,2134.007396
2026-05-21 07:00:00+00:00,2127.06,2134.16,2122.77,2133.1,0.099490378,13.0,2127.440778
2026-05-21 08:00:00+00:00,2132.1,2145.4575,2132.1,2136.7025,0.112658375,12.0,2135.533714
2026-05-21 09:00:00+00:00,2135.77,2138.25,2126.0,2127.0325,0.133428923,10.0,2131.995952
2026-05-21 10:00:00+00:00,2125.48,2128.577,2107.0,2111.4865,3.535892381,22.0,2116.360342
2026-05-21 11:00:00+00:00,2110.438,2118.3,2110.438,2113.7255,0.758737795,12.0,2115.764403
2026-05-21 12:00:00+00:00,2112.141,2116.925,2109.28,2115.451,0.48033412,15.0,2112.282719
2026-05-21 13:00:00+00:00,2116.3275,2121.975,2103.493,2118.35,5.438861762,21.0,2108.377565
2026-05-21 14:00:00+00:00,2119.6475,2123.441,2109.0135,2119.6185,2.719758667,13.0,2114.921224
2026-05-21 15:00:00+00:00,2120.27,2135.9595,2117.1875,2130.548,1.538437654,15.0,2128.552266
2026-05-21 16:00:00+00:00,2131.387,2134.7,2121.282,2125.453,0.089005031,18.0,2131.362732
2026-05-21 17:00:00+00:00,2126.23,2151.07,2123.451,2144.661,0.674965374,15.0,2143.267921
2026-05-21 18:00:00+00:00,2145.907,2146.7,2120.53,2124.5065,0.11904763,17.0,2137.072897
2026-05-21 19:00:00+00:00,2125.75,2142.9165,2124.485,2140.756,0.114201722,7.0,2133.223451
2026-05-21 20:00:00+00:00,2139.753,2141.62,2135.3,2136.65,0.188300221,8.0,2138.235285
2026-05-21 21:00:00+00:00,2137.7595,2138.9365,2132.4955,2132.4955,0.007349,1.0,2134.12
2026-05-21 22:00:00+00:00,2134.437,2134.437,2128.8,2129.545,0.78641094,8.0,2131.237039
2026-05-21 23:00:00+00:00,2128.19,2134.628,2125.615,2131.2205,0.076432077,7.0,2128.943854
2026-05-22 00:00:00+00:00,2130.448,2132.69649,2127.55,2127.635,1.52237814,13.0,2130.777192
2026-05-22 01:00:00+00:00,2126.5,2135.07,2124.293,2133.6235,2.349766093,13.0,2127.563321
2026-05-22 02:00:00+00:00,2135.1365,2137.45,2132.186,2136.285,0.405176532,10.0,2135.844203
2026-05-22 03:00:00+00:00,2136.186,2138.6925,2133.473,2135.829,0.00555556,3.0,2136.052969
2026-05-22 04:00:00+00:00,2137.2385,2139.7,2131.2835,2132.1315,0.820621299,10.0,2136.50544
2026-05-22 05:00:00+00:00,2131.29,2133.705,2125.675,2126.586,1.734610337,10.0,2130.613779
2026-05-22 06:00:00+00:00,2127.985,2128.703,2121.22,2123.0615,0.184788639,22.0,2126.803875
2026-05-22 07:00:00+00:00,2122.232,2131.08,2119.85,2127.335,0.469999102,12.0,2128.440691
2026-05-22 08:00:00+00:00,2125.9,2130.4755,2118.3795,2119.0925,0.691318509,10.0,2128.4827
2026-05-22 09:00:00+00:00,2118.163,2123.728,2116.43,2121.5445,0.129844993,10.0,2121.422561
2026-05-22 10:00:00+00:00,2120.695,2122.26,2118.136,2120.728,0.052968,5.0,2119.380019
2026-05-22 11:00:00+00:00,2121.856,2128.215,2118.32,2128.215,0.432604029,7.0,2120.566939
2026-05-22 12:00:00+00:00,2127.4345,2136.04,2127.4345,2132.162,0.459282605,5.0,2130.636947
2026-05-22 13:00:00+00:00,2133.223,2133.58,2121.7985,2126.95,0.558029923,18.0,2127.087138
2026-05-22 14:00:00+00:00,2126.31,2126.31,2109.6875,2114.6175,0.607203179,19.0,2121.792628
2026-05-22 15:00:00+00:00,2113.0255,2122.251,2109.98,2117.76,0.20305577,11.0,2117.078306
2026-05-22 16:00:00+00:00,2119.02,2121.41,2114.5,2119.95,0.452978923,12.0,2120.34045
2026-05-22 17:00:00+00:00,2121.9925,2127.0725,2117.716543701,2117.801543701,0.15248943,14.0,2120.556034
2026-05-22 18:00:00+00:00,2117.403087402,2119.3045,2083.35,2096.94,3.937062725,25.0,2087.746694
2026-05-22 19:00:00+00:00,2097.795,2100.19,2054.411,2062.1165,13.390620934,31.0,2070.386561
2026-05-22 20:00:00+00:00,2063.647,2076.44,2063.647,2070.7955,2.66417843,16.0,2072.234382
2026-05-22 21:00:00+00:00,2069.7,2077.8,2069.08,2076.3805,0.683106269,20.0,2070.989842
2026-05-22 22:00:00+00:00,2075.4615,2076.446,2064.45,2070.639,0.717617013,12.0,2070.510053
2026-05-22 23:00:00+00:00,2071.51,2074.4645,2056.06,2063.386,11.748013763,14.0,2065.101026
2026-05-23 00:00:00+00:00,2062.795,2068.3,2050.16,2061.87,5.490692811,12.0,2060.977949
2026-05-23 01:00:00+00:00,2062.85,2067.694,2060.22,2066.2,0.063237841,3.0,2067.460352
2026-05-23 02:00:00+00:00,2067.2,2067.7,2062.191,2066.046,0.044227812,6.0,2065.477683
2026-05-23 03:00:00+00:00,2066.8,2069.79,2066.046,2068.235,0.497844821,6.0,2067.12622
2026-05-23 04:00:00+00:00,2069.1,2069.1,2063.77358975,2064.593,0.20505489,12.0,2066.127247
2026-05-23 05:00:00+00:00,2064.08858975,2066.62,2060.24,2062.208,0.370758726,32.0,2063.740292
2026-05-23 06:00:00+00:00,2063.266,2064.716,2057.264,2059.61,0.676205267,67.0,2061.20746
2026-05-23 07:00:00+00:00,2059.8135,2059.8135,2009.585,2026.3995,11.029652059,25.0,2047.901845
2026-05-23 08:00:00+00:00,2025.299,2030.36,2018.75,2027.9,2.261317384,16.0,2027.093939
2026-05-23 09:00:00+00:00,2026.9,2029.1,2024.6825,2024.6825,2.795330248,22.0,2028.639799
2026-05-23 10:00:00+00:00,2026.075,2030.342,2025.405,2029.08,0.498412442,9.0,2027.994944
2026-05-23 11:00:00+00:00,2030.342,2033.001,2028.122,2029.6055,2.35539137,6.0,2030.997405
2026-05-23 12:00:00+00:00,2028.735,2030.06,2025.08,2028.3235,0.487194566,10.0,2028.095032
2026-05-23 13:00:00+00:00,2029.24,2044.276,2029.24,2042.193,0.753740789,15.0,2040.742729
2026-05-23 14:00:00+00:00,2043.34,2062.5,2039.02,2058.5575,1.478245886,21.0,2047.83012
2026-05-23 15:00:00+00:00,2060.15,2065.14,2054.0615,2056.945,1.737099776,13.0,2057.855442
2026-05-23 16:00:00+00:00,2057.911,2062.2,2055.1535,2058.885,0.257739345,15.0,2058.957904
2026-05-23 17:00:00+00:00,2059.6,2062.97,2056.6,2061.089,2.894925837,20.0,2058.722846
2026-05-23 18:00:00+00:00,2061.978,2080.755,2060.51,2071.9,0.575045806,36.0,2066.879564
2026-05-23 19:00:00+00:00,2072.7,2079.187,2067.165,2074.3185,0.999895124,21.0,2076.563996
2026-05-23 20:00:00+00:00,2075.535,2143.5565,2072.71,2143.457,3.079105028,39.0,2127.875362
2026-05-23 21:00:00+00:00,2144.605,2146.205,2104.19,2113.304,3.057107671,37.0,2118.765334
2026-05-23 22:00:00+00:00,2115.165,2117.939,2101.0055,2113.749,0.988942127,28.0,2108.602612
2026-05-23 23:00:00+00:00,2113.43,2119.2,2112.675,2115.035,0.239937051,14.0,2116.105102
2026-05-24 00:00:00+00:00,2114.27,2118.23,2109.514,2116.577,1.280162314,20.0,2114.587515
2026-05-24 01:00:00+00:00,2117.8235,2122.5,2115.345,2120.28,0.727005209,15.0,2118.810095
2026-05-24 02:00:00+00:00,2121.6075,2123.48,2115.5634,2121.246125,0.4823763,21.0,2121.059936
2026-05-24 03:00:00+00:00,2121.09225,2124.2455,2114.2,2116.3,0.810625396,65.0,2116.083261
2026-05-24 04:00:00+00:00,2117.545,2121.509,2117.1,2117.64,1.165449092,17.0,2118.672297
2026-05-24 05:00:00+00:00,2117.315,2118.9,2110.6,2117.0855,0.415702948,65.0,2114.530779
2026-05-24 06:00:00+00:00,2118.32,2127.0,2116.47,2125.47,0.178717112,10.0,2117.663069
2026-05-24 07:00:00+00:00,2124.355,2126.475,2117.0,2118.4755,0.124887245,25.0,2120.293402
2026-05-24 08:00:00+00:00,2119.635,2120.8295,2116.19,2117.945,0.146492506,10.0,2118.89258
2026-05-24 09:00:00+00:00,2116.7396068505,2121.284,2116.7396068505,2120.6525,0.04469013,5.0,2118.501645
2026-05-24 10:00:00+00:00,2119.581,2127.5595,2115.831,2120.191,0.21958849,10.0,2117.121054
2026-05-24 11:00:00+00:00,2120.4835,2125.1,2120.14,2123.7155,0.098179942,9.0,2122.81228
2026-05-24 12:00:00+00:00,2123.8705,2123.8705,2115.451,2117.24,0.928878006,24.0,2119.277586
2026-05-24 13:00:00+00:00,2118.0735,2118.948,2104.68688475,2107.5965,0.55108882,23.0,2114.78385
2026-05-24 14:00:00+00:00,2108.1155,2110.354,2077.11194124,2094.692,1.779141664,30.0,2090.596865
2026-05-24 15:00:00+00:00,2095.484,2097.487,2091.17,2093.44,0.369045735,16.0,2095.910183
2026-05-24 16:00:00+00:00,2094.852,2105.5,2091.968,2101.0245,0.761371457,14.0,2092.689874
2026-05-24 17:00:00+00:00,2102.85,2104.0,2099.03,2101.4,0.418655439,15.0,2100.220208
2026-05-24 18:00:00+00:00,2102.3,2102.3,2095.253,2097.495,0.054097619,14.0,2099.47962
2026-05-24 19:00:00+00:00,2096.49,2099.95,2092.44,2097.805,0.015619632,10.0,2097.647059
2026-05-24 20:00:00+00:00,2098.753,2098.753,2089.555,2089.555,1.102122507,11.0,2092.714722
2026-05-24 21:00:00+00:00,2090.4,2095.902,2061.4225995,2068.025,1.235771412,17.0,2066.274069
2026-05-24 22:00:00+00:00,2068.405,2096.8875,2068.29,2089.35,0.171961816,7.0,2089.383533
2026-05-24 23:00:00+00:00,2090.445,2103.6755,2089.315,2098.365,0.407887892,6.0,2096.457085
2026-05-25 00:00:00+00:00,2099.7025,2105.893,2098.2,2101.706,0.046824247,9.0,2100.553052
2026-05-25 01:00:00+00:00,2102.665,2105.023,2091.725,2091.725,0.20386111,13.0,2101.127481
2026-05-25 02:00:00+00:00,2092.655,2110.059,2092.655,2095.76,0.27589493,7.0,2104.500334
2026-05-25 03:00:00+00:00,2096.939,2096.939,2090.6,2092.83,2.24849271,14.0,2093.621884
2026-05-25 04:00:00+00:00,2091.65,2105.3665,2090.4,2103.613,0.840652026,11.0,2092.420293
2026-05-25 05:00:00+00:00,2102.8525,2108.4,2102.8525,2106.156,0.30891828,6.0,2106.183718
2026-05-25 06:00:00+00:00,2107.152,2108.1985,2097.3355,2106.701,0.343091742,6.0,2106.892732
2026-05-25 07:00:00+00:00,2107.15,2114.74,2104.665,2114.0125,0.134845004,9.0,2108.078693
2026-05-25 08:00:00+00:00,2113.362,2115.2,2109.1,2115.2,0.220397397,10.0,2112.695972
2026-05-25 09:00:00+00:00,2113.6275,2121.5895,2113.6275,2115.2425,0.078551815,8.0,2116.486588
2026-05-25 10:00:00+00:00,2113.985,2118.099,2112.38,2114.8345,0.912799186,13.0,2115.080809
2026-05-25 11:00:00+00:00,2113.476,2117.7115,2112.815,2112.815,0.430260344,7.0,2116.00836
2026-05-25 12:00:00+00:00,2111.3995,2117.0,2110.7,2115.6725,0.177598066,6.0,2113.948017
2026-05-25 13:00:00+00:00,2115.0,2119.007,2112.6,2114.6225,0.460846633,11.0,2113.842038
2026-05-25 14:00:00+00:00,2114.2,2127.679,2113.45,2126.45,0.188386452,11.0,2121.083379
2026-05-25 15:00:00+00:00,2127.729,2136.097,2120.66,2126.034,0.535752243,9.0,2123.559894
2026-05-25 16:00:00+00:00,2127.2,2138.727,2123.675,2134.837,2.888111435,17.0,2130.330208
2026-05-25 17:00:00+00:00,2136.3,2138.3,2126.795,2127.18,0.143353635,7.0,2131.763434
2026-05-25 18:00:00+00:00,2127.77,2132.332,2124.61,2125.6735,0.492266518,9.0,2127.176501
2026-05-25 19:00:00+00:00,2125.015,2126.32,2115.855,2119.2,0.361973197,39.0,2123.368804
2026-05-25 20:00:00+00:00,2118.2,2122.03,2104.5,2107.7735,1.222238709,77.0,2116.712154
2026-05-25 21:00:00+00:00,2109.1,2111.18,2106.7595,2109.5045,0.079046295,10.0,2109.168443
2026-05-25 22:00:00+00:00,2108.16,2113.571,2100.745,2101.52,0.097924631,15.0,2107.084482
2026-05-25 23:00:00+00:00,2100.34,2112.36,2100.34,2112.36,0.02041571,8.0,2108.911798
2026-05-26 00:00:00+00:00,2112.535,2112.535,2083.106,2096.615,0.246332329,40.0,2101.081953
2026-05-26 01:00:00+00:00,2095.352,2097.735,2086.641,2092.715,0.119663477,25.0,2092.801253
2026-05-26 02:00:00+00:00,2091.995,2093.83,2082.97,2086.565,0.141391676,20.0,2088.057665
2026-05-26 03:00:00+00:00,2085.6195,2091.3,2082.443,2091.073,0.094304691,6.0,2088.312819
2026-05-26 04:00:00+00:00,2092.1895,2093.4205,2086.38,2092.182,0.062270704,7.0,2088.2719
2026-05-26 05:00:00+00:00,2091.4265,2101.9,2090.4,2098.05,0.33512053,8.0,2098.259442
2026-05-26 06:00:00+00:00,2097.724,2102.65,2093.8525,2100.396,0.54007934,5.0,2097.892741
2026-05-26 07:00:00+00:00,2098.923,2098.923,2089.335,2093.475,0.884288597,10.0,2093.091406
2026-05-26 08:00:00+00:00,2094.43,2097.005,2092.593,2095.85,1.05408593,6.0,2092.713423
2026-05-26 09:00:00+00:00,2094.9415,2097.3195,2091.6455,2095.15,1.736300534,9.0,2094.908206
2026-05-26 10:00:00+00:00,2094.04,2134.63,2093.1,2125.6555,0.740882133,18.0,2119.899269
2026-05-26 11:00:00+00:00,2125.969,2128.0,2116.4575,2118.543,0.545554794,13.0,2122.112747
2026-05-26 12:00:00+00:00,2119.407,2124.963,2109.635,2123.43,0.547515174,6.0,2118.437429
2026-05-26 13:00:00+00:00,2122.53,2129.7,2106.9235,2122.4215,7.602889475,20.0,2121.058631
2026-05-26 14:00:00+00:00,2123.5145,2138.46,2104.955,2107.511,4.9578757,24.0,2132.269294
2026-05-26 15:00:00+00:00,2108.322,2110.49,2076.1305,2085.06,2.219653071,60.0,2092.336728
2026-05-26 16:00:00+00:00,2084.3,2087.166,2070.555,2077.05,1.325813445,23.0,2081.503846
2026-05-26 17:00:00+00:00,2077.65,2081.5165,2053.74091075,2068.365,1.838492949,18.0,2068.675814
2026-05-26 18:00:00+00:00,2066.956,2077.216,2062.9015,2065.2155,0.471762732,11.0,2067.378499
2026-05-26 19:00:00+00:00,2066.5695,2072.912,2063.479,2070.275,0.099452638,7.0,2066.935133
2026-05-26 20:00:00+00:00,2071.85,2075.2315,2070.872,2074.6355,0.0096,1.0,2073.92
2026-05-26 21:00:00+00:00,2073.8715,2076.58,2066.9835,2069.3,0.658584933,8.0,2072.993754
2026-05-26 22:00:00+00:00,2070.73,2072.675,2063.2605,2065.5835,0.276613,7.0,2066.8298
2026-05-26 23:00:00+00:00,2065.87,2073.5315,2065.87,2070.45,0.208933615,5.0,2068.976189
2026-05-27 00:00:00+00:00,2071.445,2080.6715,2071.445,2080.6715,0.076268,6.0,2077.506962
2026-05-27 01:00:00+00:00,2079.475,2080.715,2068.8,2071.0,0.0302956,7.0,2072.090049
2026-05-27 02:00:00+00:00,2072.41,2072.748,2066.925,2072.748,0.065836,6.0,2070.629022
2026-05-27 03:00:00+00:00,2073.71,2076.716,2066.1,2067.142,0.794634295,7.0,2072.532401
2026-05-27 04:00:00+00:00,2065.7655,2069.35,2054.10941075,2069.35,3.64696583,16.0,2064.492191
2026-05-27 05:00:00+00:00,2070.5865,2074.926,2068.5995,2073.85,4.504310013,5.0,2069.743391
2026-05-27 06:00:00+00:00,2074.6525,2078.5975,2071.6615,2076.0765,0.012039881,5.0,2074.392483
2026-05-27 07:00:00+00:00,2074.753,2081.228,2073.388,2079.914,0.148868054,8.0,2076.654883
2026-05-27 08:00:00+00:00,2080.29,2093.1995,2079.6,2081.7385,1.678560705,10.0,2085.229997
2026-05-27 09:00:00+00:00,2082.2,2084.226,2076.03,2080.6575,0.298022223,7.0,2077.22987
2026-05-27 10:00:00+00:00,2078.855,2084.485,2076.0,2076.298,0.112375328,7.0,2080.2577
2026-05-27 11:00:00+00:00,2078.35,2083.5,2076.139,2077.2685,0.689707992,7.0,2081.432412
2026-05-27 12:00:00+00:00,2076.635,2093.568,2071.72,2076.425,1.30633505,9.0,2080.121283
2026-05-27 13:00:00+00:00,2077.628,2077.628,2049.3255418715,2060.2595,0.499666595,27.0,2057.759153
2026-05-27 14:00:00+00:00,2061.599,2067.7155,2051.42,2059.803,6.373617091,14.0,2054.779994
2026-05-27 15:00:00+00:00,2058.9005,2075.32,2058.152,2066.935,2.083929355,5.0,2061.714303
2026-05-27 16:00:00+00:00,2068.07,2070.516,2057.7425,2067.235,17.108320719,18.0,2066.1187
2026-05-27 17:00:00+00:00,2066.0365,2066.3365,2042.315,2048.511,3.431810227,17.0,2056.058058
2026-05-27 18:00:00+00:00,2047.4,2053.764,2039.8815,2052.5,0.289234109,15.0,2047.95658
2026-05-27 19:00:00+00:00,2053.5,2056.9085,2050.11,2053.71,0.252582146,8.0,2052.067005
2026-05-27 20:00:00+00:00,2054.745,2060.5175,2054.096,2060.5175,0.556743652,5.0,2058.475307
2026-05-27 21:00:00+00:00,2058.99,2059.3455,2013.04,2017.52,2.944746524,23.0,2038.196833
2026-05-27 22:00:00+00:00,2016.41,2031.42,2013.77,2022.5215,0.507810536,5.0,2025.990349
2026-05-27 23:00:00+00:00,2021.25,2026.5295,2015.6905,2021.625,0.210291115,4.0,2020.009553
2026-05-28 00:00:00+00:00,2020.57,2025.3895,2018.0,2025.3895,0.504185709,12.0,2022.054327
2026-05-28 01:00:00+00:00,2024.7965,2026.1395,2009.729,2017.8,0.603754212,10.0,2019.707279
2026-05-28 02:00:00+00:00,2018.537,2018.537,2012.425,2013.659,0.278127851,6.0,2015.066466
2026-05-28 03:00:00+00:00,2013.159,2016.996,1969.27,1978.25,16.743035584,37.0,1983.712456
2026-05-28 04:00:00+00:00,1977.3505,1982.625,1965.035,1978.954,0.863068178,20.0,1977.689561
2026-05-28 05:00:00+00:00,1977.7915,1979.44,1972.04676601,1974.8315,12.687330376,10.0,1974.785672
2026-05-28 06:00:00+00:00,1973.6,1980.99,1969.638,1980.99,0.176707142,10.0,1973.269485
2026-05-28 07:00:00+00:00,1981.751,1992.81,1979.93,1991.657,2.474004396,11.0,1983.064974
2026-05-28 08:00:00+00:00,1992.355,1992.355,1981.78,1985.865,3.109114551,18.0,1984.932322
2026-05-28 09:00:00+00:00,1987.0485,1992.7,1980.65,1990.992,0.810926434,16.0,1988.751744
2026-05-28 10:00:00+00:00,1992.3,1995.26,1986.269,1987.2945,6.135568219,24.0,1990.555054
2026-05-28 11:00:00+00:00,1986.735,1989.8305,1983.2585,1986.589,0.440359591,9.0,1987.285111
2026-05-28 12:00:00+00:00,1985.807,1990.381,1978.4975,1988.545,0.121301911,10.0,1986.523276
2026-05-28 13:00:00+00:00,1989.2245,1991.1,1972.7689,1978.32,3.05890247,16.0,1979.614894
2026-05-28 14:00:00+00:00,1977.1845,1998.953,1964.705,1990.375,1.254583511,34.0,1987.493501
2026-05-28 15:00:00+00:00,1989.2785,1995.55,1980.4505,1987.704,1.032152201,9.0,1986.053063
2026-05-28 16:00:00+00:00,1986.045,2011.563,1982.1245,2009.75,2.829572839,15.0,1993.533913
2026-05-28 17:00:00+00:00,2010.469,2023.3175,2006.27,2016.5915,0.727609589,6.0,2019.319468
2026-05-28 18:00:00+00:00,2015.575,2026.17,2015.175,2022.2755,0.182399634,8.0,2020.498724
2026-05-28 19:00:00+00:00,2021.1085,2021.1085,2011.365,2011.365,1.437766073,15.0,2018.752107
2026-05-28 20:00:00+00:00,2012.2,2018.1,2003.119,2011.3305,1.048255637,10.0,2011.800076
2026-05-28 21:00:00+00:00,2012.655,2021.5045,2010.155,2017.3005,1.808042125,7.0,2019.074061
2026-05-28 22:00:00+00:00,2018.1875,2020.35,2003.024,2003.04,2.005716507,2.0,2007.21083
2026-05-28 23:00:00+00:00,2004.197,2009.35,2002.5865,2006.95,0.090249463,3.0,2006.310638
2026-05-29 00:00:00+00:00,2007.6,2014.0,2007.6,2009.09,1.011172562,10.0,2011.914303
2026-05-29 01:00:00+00:00,2009.6925,2014.36,2002.78,2005.7,0.082492843,14.0,2008.278265
2026-05-29 02:00:00+00:00,2005.001,2007.36,1995.4,1996.58,0.45476729,13.0,2000.689376
2026-05-29 03:00:00+00:00,1996.955,2005.13,1996.03,2000.417,0.128550466,9.0,2001.5998
2026-05-29 04:00:00+00:00,2001.4,2005.13,1996.43,2004.56,0.067015798,12.0,2000.556141
2026-05-29 05:00:00+00:00,2005.115,2012.7,2005.115,2012.075,0.12148356,6.0,2011.045562
2026-05-29 06:00:00+00:00,2010.95,2018.3855,2009.7565,2015.78,0.0158765,3.0,2013.641309
2026-05-29 07:00:00+00:00,2014.412,2016.35,2001.3735,2004.3485,7.716585137,4.0,2011.956588
2026-05-29 08:00:00+00:00,2006.1925,2010.17,2003.18,2003.555,3.459072696,8.0,2006.643127
2026-05-29 09:00:00+00:00,2004.965,2014.1,2004.821,2011.906,2.895301477,33.0,2009.412623
2026-05-29 10:00:00+00:00,2010.9685,2013.27,2007.2225,2008.8695,1.663658642,24.0,2012.520376
2026-05-29 11:00:00+00:00,2007.37,2011.4485,1999.9,2004.25,0.490704195,7.0,2008.637387
2026-05-29 12:00:00+00:00,2003.5,2004.569,1993.33,1996.89,1.215348251,11.0,1998.204502
2026-05-29 13:00:00+00:00,1996.115,2002.5735,1985.56,1996.473,0.552458825,20.0,1994.543103
2026-05-29 14:00:00+00:00,1997.9055,1999.985,1974.55,1999.109,5.491837981,15.0,1977.657395
2026-05-29 15:00:00+00:00,1999.315,2042.907,1996.775,2027.7255,5.402199268,31.0,2025.725093
2026-05-29 16:00:00+00:00,2028.33,2039.35,2019.382,2037.75,0.538877148,17.0,2023.739137
2026-05-29 17:00:00+00:00,2039.0,2040.863,2025.255,2026.02,1.410116363,9.0,2034.022497
2026-05-29 18:00:00+00:00,2025.4475,2028.341,2003.785,2008.6,1.021675286,13.0,2016.037046
2026-05-29 19:00:00+00:00,2009.45,2019.8185,2003.075,2013.874,1.491818111,14.0,2013.517828
2026-05-29 20:00:00+00:00,2014.886,2020.573,2013.33,2015.5,1.059150883,12.0,2017.595267
2026-05-29 21:00:00+00:00,2016.6,2020.5375,2005.81,2007.2635,21.28741608,21.0,2012.217142
2026-05-29 22:00:00+00:00,2007.615,2014.535,2004.3,2011.747,3.030074945,6.0,2012.411752
2026-05-29 23:00:00+00:00,2010.66,2011.864,2004.0,2011.864,9.997032602,7.0,2004.874421
2026-05-30 00:00:00+00:00,2011.115,2013.99,2008.576,2012.3,0.982498224,12.0,2011.368125
2026-05-30 01:00:00+00:00,2011.266,2019.4,2011.266,2016.548,0.535985675,18.0,2016.358182
2026-05-30 02:00:00+00:00,2017.7625,2019.156,2013.27,2017.88,0.590736998,21.0,2016.935659
2026-05-30 03:00:00+00:00,2018.561,2020.614,2011.83,2014.3,0.415528386,11.0,2016.354926
2026-05-30 04:00:00+00:00,2015.675,2015.925,1999.6,2007.485,0.171492587,11.0,2007.339776
2026-05-30 05:00:00+00:00,2006.65,2015.845,2005.437,2013.285,0.024535515,2.0,2010.513399
2026-05-30 06:00:00+00:00,2012.3215,2017.366,2010.8,2014.3,0.262578638,9.0,2015.573608
2026-05-30 07:00:00+00:00,2015.3,2015.3,2011.063,2013.4055,0.503467393,4.0,2013.198917
2026-05-30 08:00:00+00:00,2014.68,2014.68,2010.53,2011.34,0.152593394,8.0,2012.507477
2026-05-30 09:00:00+00:00,2010.38,2014.476,2010.38,2013.7905,0.064966689,8.0,2012.99218
2026-05-30 10:00:00+00:00,2014.8355,2018.8,2014.04,2014.3975,0.658385497,9.0,2015.689299
2026-05-30 11:00:00+00:00,2013.7255,2016.333,2012.58,2014.639,0.002434,1.0,2013.48
2026-05-30 12:00:00+00:00,2013.604,2017.6,2013.6,2017.177,0.042066943,8.0,2016.05398
2026-05-30 13:00:00+00:00,2017.65,2019.48,2014.66,2018.501,0.247127063,12.0,2016.729351
2026-05-30 14:00:00+00:00,2019.35,2028.285,2019.1405,2023.725,0.241750692,9.0,2023.692538
2026-05-30 15:00:00+00:00,2024.75,2028.7315,2021.44,2023.9635,0.453307948,8.0,2023.357291
2026-05-30 16:00:00+00:00,2025.16,2025.16,2021.44,2024.355,0.059490456,5.0,2024.655555
2026-05-30 17:00:00+00:00,2025.43,2026.56,2017.0,2024.518,0.796986963,10.0,2023.912213
2026-05-30 18:00:00+00:00,2025.636,2026.428,2022.394,2025.242,3.694468267,4.0,2023.903546
2026-05-30 19:00:00+00:00,2024.8,2026.09,2022.295,2026.09,0.161538965,3.0,2023.749326
2026-05-30 20:00:00+00:00,2025.0155,2027.33,2023.32,2023.96,0.008166603,2.0,2024.849049
2026-05-30 21:00:00+00:00,2023.32,2027.895,2023.32,2025.371,0.05181044,5.0,2025.046686
2026-05-30 22:00:00+00:00,2024.805,2024.805,2018.2015,2019.802,1.044116602,3.0,2019.888618
2026-05-30 23:00:00+00:00,2020.815,2022.907,2016.22,2019.05,0.02855159,7.0,2019.687621
2026-05-31 00:00:00+00:00,2020.5815,2024.916,2018.677,2024.009,0.077901658,6.0,2020.739564
2026-05-31 01:00:00+00:00,2025.6725,2031.2945,2024.26,2026.396,0.066451451,7.0,2028.190195
2026-05-31 02:00:00+00:00,2027.638,2034.23,2024.3,2031.18,0.163015126,9.0,2031.200395
2026-05-31 03:00:00+00:00,2031.8835,2033.2455,2028.925,2030.95,0.577023761,5.0,2029.812013
2026-05-31 04:00:00+00:00,2031.955,2033.21,2027.5,2031.258,0.861557064,19.0,2030.226375
2026-05-31 05:00:00+00:00,2030.0015,2030.946,2026.3,2027.07,0.524695296,12.0,2028.945819
2026-05-31 06:00:00+00:00,2025.84,2028.922,2024.62,2026.475,0.165875692,8.0,2026.049504
2026-05-31 07:00:00+00:00,2025.651,2026.702,2019.923,2020.7605,0.378237625,6.0,2024.8245
2026-05-31 08:00:00+00:00,2021.9645,2025.5775,2021.0,2024.66,0.058711555,9.0,2023.056086
2026-05-31 09:00:00+00:00,2023.4445,2026.22,2016.865,2017.348,0.411976378,6.0,2023.472234
2026-05-31 10:00:00+00:00,2016.7605,2018.729,2013.045,2018.415,0.046240819,7.0,2017.308322
2026-05-31 11:00:00+00:00,2019.277,2022.08,2017.827,2020.707,0.16274395,7.0,2020.534821
2026-05-31 12:00:00+00:00,2019.732,2022.673,2016.881,2019.085,0.665475762,11.0,2020.250829
2026-05-31 13:00:00+00:00,2020.2,2023.8,2016.8,2017.829,0.083123,8.0,2021.762495
2026-05-31 14:00:00+00:00,2017.6175,2018.551,2002.88,2005.1165,0.083257865,11.0,2007.827184
2026-05-31 15:00:00+00:00,2006.047,2011.98,2004.8,2007.6,0.028322005,5.0,2006.952658
2026-05-31 16:00:00+00:00,2008.2,2009.1705,1996.6,1999.833,0.550729654,7.0,1998.51248
2026-05-31 17:00:00+00:00,2000.8,2004.5345,1995.851,2002.712,0.7894445,6.0,2000.214616
2026-05-31 18:00:00+00:00,2001.924,2003.68,1996.195,1998.0375,0.947687492,4.0,2000.787603
2026-05-31 19:00:00+00:00,1999.15,1999.15,1991.5435,1996.607,0.040555487,6.0,1994.823417
2026-05-31 20:00:00+00:00,1997.8435,2005.485,1997.8435,2004.723,0.342512045,4.0,2001.187278
2026-05-31 21:00:00+00:00,2005.666,2010.235,2002.71,2008.685,0.220525392,5.0,2004.39675
2026-05-31 22:00:00+00:00,2009.98,2011.065,2002.563,2009.3415,0.049319199,2.0,2007.506721
2026-05-31 23:00:00+00:00,2010.055,2020.365,1997.3165,2004.0675,0.199456,3.0,2005.891211
2026-06-01 00:00:00+00:00,2003.1,2018.6365,2003.1,2011.97,0.217296088,7.0,2004.087557
2026-06-01 01:00:00+00:00,2013.0375,2013.0375,1991.81,1992.39,0.44467802,10.0,2005.236499
2026-06-01 02:00:00+00:00,1990.75,2015.143,1989.295,2008.416,0.838178038,9.0,2001.804425
2026-06-01 03:00:00+00:00,2009.65,2015.27,2005.6,2006.34,0.097358639,9.0,2011.571904
2026-06-01 04:00:00+00:00,2007.2945,2009.035,1991.795,1997.905,0.371861022,14.0,1996.884164
2026-06-01 05:00:00+00:00,1996.9435,1998.6,1989.8355,1991.717,0.45243035,9.0,1992.08105
2026-06-01 06:00:00+00:00,1992.7705,1992.7705,1976.8,1986.164,0.340818494,7.0,1984.618026
2026-06-01 07:00:00+00:00,1984.762,1987.6,1969.392,1973.909,10.000447446,14.0,1981.10445
2026-06-01 08:00:00+00:00,1972.529,1982.823,1968.899,1981.5745,0.338396919,13.0,1976.70602
2026-06-01 09:00:00+00:00,1982.332,1987.5005,1982.332,1985.427,0.529174195,9.0,1986.994046
2026-06-01 10:00:00+00:00,1986.25,1986.98,1978.8,1981.915,0.53726948,6.0,1986.588665
2026-06-01 11:00:00+00:00,1983.3635,1983.816,1976.1,1979.2275,0.589077287,5.0,1981.621569
2026-06-01 12:00:00+00:00,1980.225,1992.0,1966.965,1986.975,2.222036124,15.0,1985.647135
2026-06-01 13:00:00+00:00,1986.46,1990.4416256155,1956.9975,1967.6565,0.554916642,21.0,1969.379723
2026-06-01 14:00:00+00:00,1969.05,1973.509,1961.7165,1964.829,1.161648981,15.0,1965.01554
2026-06-01 15:00:00+00:00,1965.45,1976.09,1957.368,1965.839,1.926537163,14.0,1968.108506
2026-06-01 16:00:00+00:00,1966.592,1975.884,1955.3905,1974.905,0.489254302,14.0,1968.622524
2026-06-01 17:00:00+00:00,1976.25,1994.3,1976.12,1987.5605,2.102333829,17.0,1986.116561
2026-06-01 18:00:00+00:00,1989.05,1992.95,1980.645,1990.5315,0.171365869,6.0,1988.473273
2026-06-01 19:00:00+00:00,1991.44,2006.025,1989.05,2001.55,0.745001957,11.0,1998.932386
2026-06-01 20:00:00+00:00,2002.2415,2005.105,1998.92,2002.728,0.118869691,4.0,2002.438152
2026-06-01 21:00:00+00:00,2003.7185,2005.4,1990.151,1992.462,0.0037,1.0,1994.6
2026-06-01 22:00:00+00:00,1991.55,2002.785,1981.97,2001.6585,0.422210572,10.0,1988.942746
2026-06-01 23:00:00+00:00,2002.68,2005.5035,1994.945,2003.775,0.028395,7.0,2001.064627
2026-06-02 00:00:00+00:00,2002.39,2003.577,1993.087,1994.425,0.089903577,6.0,1998.149479
2026-06-02 01:00:00+00:00,1993.29,1996.395,1977.17,1977.17,0.610664983,9.0,1983.638163
2026-06-02 02:00:00+00:00,1977.9475,1992.771,1960.3315,1992.771,0.601830583,15.0,1971.555734
2026-06-02 03:00:00+00:00,1994.0215,2001.65,1991.955,2001.535,0.121918764,11.0,1999.510627
2026-06-02 04:00:00+00:00,2000.21,2003.35,1992.9995,1994.75,0.127255016,11.0,1998.770733
2026-06-02 05:00:00+00:00,1993.1575,1998.6,1982.0,1982.0,0.092870761,10.0,1992.453801
2026-06-02 06:00:00+00:00,1983.285,1986.17,1975.245,1979.468,0.593128996,7.0,1982.353319
2026-06-02 07:00:00+00:00,1980.845,1987.2675,1971.15,1978.8,0.725847269,12.0,1981.263644
2026-06-02 08:00:00+00:00,1979.095,1985.3885,1974.21,1976.47,0.387362069,17.0,1980.145842
2026-06-02 09:00:00+00:00,1977.58,1977.58,1963.455,1973.335,0.161878702,14.0,1971.978775
2026-06-02 10:00:00+00:00,1973.51,1981.0,1969.1895,1980.686,0.903553532,8.0,1974.920114
2026-06-02 11:00:00+00:00,1980.132,1981.0365,1973.4,1976.045,0.062845571,9.0,1976.616079
2026-06-02 12:00:00+00:00,1975.07,1980.2985,1969.9775,1973.615,1.962952041,12.0,1976.349708
2026-06-02 13:00:00+00:00,1974.53,1978.7,1967.933,1970.2215,2.720140716,19.0,1972.131189
2026-06-02 14:00:00+00:00,1971.695,1971.695,1922.895,1937.653,7.393532406,41.0,1937.401752
2026-06-02 15:00:00+00:00,1938.6,1938.6,1889.3015,1911.9185,27.706978267,42.0,1912.85507
2026-06-02 16:00:00+00:00,1910.9,1939.87,1906.76,1917.661,3.598900857,26.0,1924.582466
2026-06-02 17:00:00+00:00,1918.205,1927.845,1917.781,1920.9515,1.78502986,13.0,1919.988701
2026-06-02 18:00:00+00:00,1921.67,1925.236,1900.812,1910.1095,3.406958292,18.0,1913.511429
2026-06-02 19:00:00+00:00,1911.315,1914.22,1882.005199507,1909.295,13.111979644,16.0,1891.330151
2026-06-02 20:00:00+00:00,1908.4785,1915.1805,1893.3,1904.4,0.929021219,11.0,1904.350925
2026-06-02 21:00:00+00:00,1905.933,1908.0515,1895.1255,1897.6,2.059170135,9.0,1903.709346
2026-06-02 22:00:00+00:00,1896.6375,1906.129,1860.7515,1865.73,8.734721529,36.0,1877.253472
2026-06-02 23:00:00+00:00,1866.961,1871.1,1837.547,1856.901,1.042346101,16.0,1852.934832
2026-06-03 00:00:00+00:00,1858.048,1871.94,1853.1605,1865.326,0.811635439,19.0,1860.528246
2026-06-03 01:00:00+00:00,1864.152,1866.84,1847.3,1862.146,1.262104438,10.0,1862.998555
2026-06-03 02:00:00+00:00,1861.09,1861.09,1849.044,1852.65,0.34697051,12.0,1856.480976
2026-06-03 03:00:00+00:00,1853.9,1854.115,1814.94,1825.885,6.079932952,30.0,1828.663602
2026-06-03 04:00:00+00:00,1826.4355,1848.5205,1826.4355,1848.5205,0.625477495,12.0,1839.013986
2026-06-03 05:00:00+00:00,1849.4395,1890.4,1847.6925,1871.395,2.776135187,14.0,1861.145877
2026-06-03 06:00:00+00:00,1870.23,1881.163,1867.69,1870.337,2.295769571,19.0,1872.083353
2026-06-03 07:00:00+00:00,1868.435,1878.1585,1865.743,1874.9325,2.731545527,14.0,1873.553815
2026-06-03 08:00:00+00:00,1875.6065,1881.41,1871.1,1877.0635,0.055185765,6.0,1876.350403
2026-06-03 09:00:00+00:00,1877.743,1883.383,1867.48,1873.9995,0.83235385,11.0,1873.647849
2026-06-03 10:00:00+00:00,1873.265,1889.2275,1872.1565,1882.06,0.110022946,9.0,1877.783604
2026-06-03 11:00:00+00:00,1883.05,1885.607,1874.0435,1875.7895,3.436006862,11.0,1883.268286
2026-06-03 12:00:00+00:00,1875.0415,1877.215,1865.9695,1873.913,2.155582408,10.0,1875.465719
2026-06-03 13:00:00+00:00,1874.685,1876.99,1858.9905,1864.672,5.230438399,16.0,1865.913686
2026-06-03 14:00:00+00:00,1865.505,1865.505,1849.835,1855.4305,1.880248976,18.0,1855.74988
2026-06-03 15:00:00+00:00,1855.9145,1856.9,1834.07,1834.07,4.677288118,17.0,1848.245556
2026-06-03 16:00:00+00:00,1834.684,1840.65,1808.711,1829.991,3.926970569,38.0,1825.147547
2026-06-03 17:00:00+00:00,1831.0,1836.46,1815.83,1825.3155,1.097201619,12.0,1824.398338
2026-06-03 18:00:00+00:00,1826.125,1831.6,1819.4,1829.5595,0.203433605,5.0,1826.972083
2026-06-03 19:00:00+00:00,1830.05,1830.6445,1794.8,1801.75,1.34576766,12.0,1823.56471
2026-06-03 20:00:00+00:00,1800.815,1810.1685,1768.9225,1778.55,2.823941207,15.0,1782.238067
2026-06-03 21:00:00+00:00,1779.9075,1847.617,1775.852,1847.617,2.247552339,9.0,1789.105524
2026-06-03 22:00:00+00:00,1846.359,1848.9765,1820.2855,1825.431,0.490437094,6.0,1826.125317
2026-06-03 23:00:00+00:00,1826.394,1827.655,1810.195,1810.4285,0.099946,4.0,1813.922544
2026-06-04 00:00:00+00:00,1811.775,1817.79,1780.883,1791.161,0.218609762,10.0,1810.112053
2026-06-04 01:00:00+00:00,1790.05,1798.388,1753.385,1757.206,2.273092376,27.0,1766.440637
2026-06-04 02:00:00+00:00,1757.6855,1776.3,1716.41,1764.6945,5.119003964,40.0,1745.4503
2026-06-04 03:00:00+00:00,1765.254,1809.8465,1765.254,1806.6875,1.132014348,27.0,1802.277407
2026-06-04 04:00:00+00:00,1807.21,1815.627,1800.615,1803.638,9.937890935,21.0,1810.390845
2026-06-04 05:00:00+00:00,1802.25,1802.7,1779.0065,1783.1855,1.213633705,8.0,1796.795
2026-06-04 06:00:00+00:00,1782.0255,1799.5,1780.465,1788.4855,1.331240373,13.0,1794.601672
2026-06-04 07:00:00+00:00,1787.66,1787.66,1772.188,1775.2595,0.792556073,9.0,1780.486853
2026-06-04 08:00:00+00:00,1776.25,1780.8215,1762.4275,1771.835,2.754243377,13.0,1770.079513
2026-06-04 09:00:00+00:00,1771.15,1771.15,1742.814,1764.0255,2.604002351,20.0,1752.595076
2026-06-04 10:00:00+00:00,1763.467,1763.467,1729.373,1736.071,1.19780556,15.0,1756.556869
2026-06-04 11:00:00+00:00,1736.7805,1752.998,1730.96,1749.1725,1.657714018,21.0,1740.886866
2026-06-04 12:00:00+00:00,1750.0,1780.806,1742.429,1776.33,7.066857866,28.0,1757.23212
2026-06-04 13:00:00+00:00,1775.806,1788.16,1754.546,1783.5,12.480629638,21.0,1779.619046
2026-06-04 14:00:00+00:00,1784.7845,1792.8445,1765.0865,1772.509,4.433446782,22.0,1777.15838
2026-06-04 15:00:00+00:00,1771.23,1788.915,1767.9,1775.22,5.678315729,20.0,1779.261361
2026-06-04 16:00:00+00:00,1774.655,1777.97,1764.5,1770.35,1.93439812,23.0,1773.711726
2026-06-04 17:00:00+00:00,1769.35,1774.3,1753.0275,1766.19,0.654352517,9.0,1762.629891
2026-06-04 18:00:00+00:00,1767.25,1780.395,1758.025,1774.338,2.602632403,8.0,1766.51356
2026-06-04 19:00:00+00:00,1773.152,1783.49,1768.85,1775.175,3.194153564,7.0,1775.504275
2026-06-04 20:00:00+00:00,1774.358,1774.695,1762.648,1772.7715,0.797492292,8.0,1767.94583
2026-06-04 21:00:00+00:00,1771.8935,1780.21,1756.47,1760.11,0.423096696,5.0,1771.697922
2026-06-04 22:00:00+00:00,1758.705,1768.125,1750.9015,1767.315,0.036297,6.0,1756.85847
2026-06-04 23:00:00+00:00,1766.365,1774.345,1756.054,1768.68,0.148590863,9.0,1763.520266
2026-06-05 00:00:00+00:00,1767.835,1772.615,1756.8185,1757.81,1.515838031,12.0,1764.311085
2026-06-05 01:00:00+00:00,1756.9325,1761.5865,1745.203,1751.9285,0.179329452,10.0,1750.888933
2026-06-05 02:00:00+00:00,1750.781,1752.715,1726.655,1729.301,4.595341162,30.0,1734.085432
2026-06-05 03:00:00+00:00,1729.57,1738.53,1721.1805,1726.7235,0.781901708,16.0,1725.45651
2026-06-05 04:00:00+00:00,1727.315,1743.6,1717.1615,1742.52,1.439479683,22.0,1731.009835
2026-06-05 05:00:00+00:00,1743.57,1745.476,1679.931,1682.9345,5.144756808,36.0,1693.135273
2026-06-05 06:00:00+00:00,1682.065,1687.0655,1625.757881773,1654.06,19.640447237,72.0,1654.752488
2026-06-05 07:00:00+00:00,1654.9975,1678.4925,1632.24,1678.0855,8.906098182,29.0,1658.026358
2026-06-05 08:00:00+00:00,1677.2485,1677.2485,1658.5125,1662.6745,3.751612894,23.0,1668.747286
2026-06-05 09:00:00+00:00,1662.085,1687.855,1661.9925,1681.255,8.34718955,19.0,1683.063427
2026-06-05 10:00:00+00:00,1682.267,1684.1315,1671.242,1675.2675,0.651569436,7.0,1674.608192
2026-06-05 11:00:00+00:00,1675.065,1680.58,1661.64,1662.2315,5.485759694,19.0,1670.940639
2026-06-05 12:00:00+00:00,1661.465,1669.85,1645.2715,1655.3,1.995350946,24.0,1662.940635
2026-06-05 13:00:00+00:00,1656.745,1675.51,1613.811551724,1614.146551724,18.36392436,39.0,1626.629979
2026-06-05 14:00:00+00:00,1614.811051724,1622.55,1593.691,1600.15,14.651294833,44.0,1605.40572
2026-06-05 15:00:00+00:00,1599.025,1603.011,1571.964285714,1582.92,11.134815952,54.0,1586.30577
2026-06-05 16:00:00+00:00,1582.0835,1611.625,1546.611,1606.8315,20.323784641,53.0,1571.995805
2026-06-05 17:00:00+00:00,1607.505,1611.2295,1587.01,1593.415,6.337243277,22.0,1591.915389
2026-06-05 18:00:00+00:00,1593.8635,1597.15,1545.762,1551.6385,9.264909172,25.0,1572.991245
2026-06-05 19:00:00+00:00,1552.6,1578.8715,1540.365,1573.37,7.740792541,28.0,1554.296496
2026-06-05 20:00:00+00:00,1574.5,1606.0755,1556.545,1603.08,1.780018129,15.0,1595.205997
2026-06-05 21:00:00+00:00,1602.41,1618.3705,1601.991,1609.76,1.473895069,16.0,1610.084918
2026-06-05 22:00:00+00:00,1608.65,1608.65,1590.77,1596.6115,0.441211634,7.0,1597.414879
2026-06-05 23:00:00+00:00,1597.6565,1602.445,1560.6905,1583.5755,3.82539973,19.0,1589.628183
2026-06-06 00:00:00+00:00,1582.7355,1601.005,1582.7355,1592.66,1.528643692,13.0,1594.765042
2026-06-06 01:00:00+00:00,1593.593,1595.9275,1577.4,1583.12,1.87588144,25.0,1587.243027
2026-06-06 02:00:00+00:00,1582.4465,1585.5165,1566.255,1576.1495,0.708360017,27.0,1573.145767
2026-06-06 03:00:00+00:00,1575.05,1575.247,1556.044,1562.355,1.295394571,13.0,1564.419407
2026-06-06 04:00:00+00:00,1563.1915,1568.8725,1510.0345,1522.117,6.61037789,29.0,1533.955508
2026-06-06 05:00:00+00:00,1521.5455,1567.708,1505.744,1565.575,3.058388894,20.0,1526.152742
2026-06-06 06:00:00+00:00,1566.31,1580.51,1556.165,1559.2655,14.607962974,27.0,1574.143242
2026-06-06 07:00:00+00:00,1558.672,1578.952,1555.68,1574.161,7.903029179,21.0,1575.61043
2026-06-06 08:00:00+00:00,1574.7705,1592.21,1569.885,1581.21,1.125746417,9.0,1578.74042
2026-06-06 09:00:00+00:00,1580.9765,1587.87,1565.1955,1569.565,0.170031624,11.0,1578.091615
2026-06-06 10:00:00+00:00,1568.537,1568.537,1535.2205,1548.045,9.22947752,24.0,1541.799449
2026-06-06 11:00:00+00:00,1547.6945,1566.225,1546.6975,1558.221,0.787295587,5.0,1559.348304
2026-06-06 12:00:00+00:00,1559.118,1574.25,1550.965,1571.15,1.635112706,7.0,1562.345987
2026-06-06 13:00:00+00:00,1569.995,1570.9605,1553.545,1555.85,0.272864736,4.0,1559.122685
2026-06-06 14:00:00+00:00,1556.725,1565.3,1555.655,1556.795,2.117248568,15.0,1560.369915
2026-06-06 15:00:00+00:00,1557.905,1564.481,1544.905,1560.05,0.536379486,13.0,1559.085643
2026-06-06 16:00:00+00:00,1559.1845,1564.83,1553.4455,1562.51,2.136597069,12.0,1557.227019
2026-06-06 17:00:00+00:00,1563.315,1565.725,1547.0675,1553.5095,0.920488459,7.0,1560.718366
2026-06-06 18:00:00+00:00,1552.4645,1565.505,1550.1825,1556.275,1.022795873,6.0,1553.389435
2026-06-06 19:00:00+00:00,1556.08,1562.5215,1552.901,1554.394,0.565618671,10.0,1556.821161
2026-06-06 20:00:00+00:00,1553.83,1559.8,1550.44,1556.7355,0.058264984,4.0,1553.724259
2026-06-06 21:00:00+00:00,1557.545,1564.26,1556.9,1557.55,0.665173993,8.0,1560.206107
2026-06-06 22:00:00+00:00,1556.5905,1561.07,1551.176,1558.194,0.560266232,9.0,1556.167919
2026-06-06 23:00:00+00:00,1557.295,1568.71,1556.8335,1568.598,0.364037307,11.0,1561.642167
2026-06-07 00:00:00+00:00,1569.205,1571.1415,1563.57,1564.7705,0.303615915,3.0,1568.258003
2026-06-07 01:00:00+00:00,1564.083,1595.5585,1564.083,1589.6145,0.165745179,11.0,1589.772196
2026-06-07 02:00:00+00:00,1590.1465,1593.2505,1581.973,1591.239,5.039738468,5.0,1587.597313
2026-06-07 03:00:00+00:00,1590.75,1599.9055,1588.4,1593.55,0.249371678,14.0,1592.664554
2026-06-07 04:00:00+00:00,1594.6265,1597.6285,1584.51,1596.7315,0.704661903,10.0,1594.977535
2026-06-07 05:00:00+00:00,1597.713,1607.8835,1592.39,1603.074,0.573610029,24.0,1601.363708
2026-06-07 06:00:00+00:00,1602.428,1621.97,1597.8725,1612.06,0.692635035,26.0,1606.786223
2026-06-07 07:00:00+00:00,1611.215,1614.646,1607.265,1614.4,2.717724257,16.0,1610.368385
2026-06-07 08:00:00+00:00,1615.1525,1641.293,1608.1085,1641.04,2.098611132,18.0,1615.027404
2026-06-07 09:00:00+00:00,1641.88,1647.3535,1629.038,1632.3,4.754280845,13.0,1635.681273
2026-06-07 10:00:00+00:00,1633.25,1634.484,1623.995,1625.379,2.366579392,9.0,1630.366039
2026-06-07 11:00:00+00:00,1626.062,1633.625,1622.747,1629.7575,0.471837871,7.0,1631.645335
2026-06-07 12:00:00+00:00,1628.905,1630.21,1606.225,1619.5195,1.165320108,20.0,1617.835846
2026-06-07 13:00:00+00:00,1618.4,1622.085,1613.3845,1617.625,1.428162278,16.0,1617.282849
2026-06-07 14:00:00+00:00,1617.275,1638.1945,1616.4,1627.675,4.909075543,15.0,1634.226846
2026-06-07 15:00:00+00:00,1626.7605,1635.48,1620.5315,1629.305,0.999228017,22.0,1630.236337
2026-06-07 16:00:00+00:00,1630.4,1633.405,1622.42,1628.37,1.057215964,26.0,1626.136166
2026-06-07 17:00:00+00:00,1627.24,1637.25,1627.24,1631.1515,0.81391668,8.0,1633.995663
2026-06-07 18:00:00+00:00,1631.9165,1635.95,1628.9,1629.4505,1.287429389,10.0,1634.017221
2026-06-07 19:00:00+00:00,1628.59,1629.745,1604.024,1612.0005,0.491497063,22.0,1610.366892
2026-06-07 20:00:00+00:00,1611.675,1630.6,1608.6565,1627.705,0.285326939,5.0,1624.962863
2026-06-07 21:00:00+00:00,1626.9595,1633.82,1623.585,1633.82,0.340745921,6.0,1628.908607
2026-06-07 22:00:00+00:00,1634.6,1759.555,1628.5645,1671.7935,6.873499856,18.0,1679.947307
2026-06-07 23:00:00+00:00,1670.63,1690.44,1670.63,1690.44,0.258253263,11.0,1682.401953
2026-06-08 00:00:00+00:00,1689.049,1710.5495,1682.863,1696.7455,0.689182284,14.0,1689.679891
2026-06-08 01:00:00+00:00,1697.85,1698.879,1671.182101,1686.7295,0.119120228,11.0,1682.069665
2026-06-08 02:00:00+00:00,1687.497,1688.7125,1678.347,1683.4,1.542193062,16.0,1683.869048
2026-06-08 03:00:00+00:00,1682.894,1691.115,1675.86,1678.735,6.803449783,16.0,1683.339627
2026-06-08 04:00:00+00:00,1680.065,1680.345,1655.575,1657.1935,2.397130161,25.0,1662.501046
2026-06-08 05:00:00+00:00,1657.887,1658.9,1644.801,1652.155,3.715320031,16.0,1650.316836
2026-06-08 06:00:00+00:00,1653.05,1669.21,1653.05,1666.2975,3.643260215,18.0,1661.029331
2026-06-08 07:00:00+00:00,1665.44,1676.6185,1661.21,1672.051,3.879561858,20.0,1670.220174
2026-06-08 08:00:00+00:00,1670.925,1670.925,1657.725,1660.0975,3.717002943,13.0,1660.790298
2026-06-08 09:00:00+00:00,1661.1985,1671.044,1656.4045,1669.58,0.169274802,14.0,1664.928338
2026-06-08 10:00:00+00:00,1670.85,1674.471,1662.575,1670.6065,1.315184121,8.0,1669.705248
2026-06-08 11:00:00+00:00,1670.423,1695.199,1666.4205,1683.2635,1.765183191,16.0,1683.10167
2026-06-08 12:00:00+00:00,1682.5395,1697.0215,1667.272,1693.0425,0.636925381,13.0,1677.809347
2026-06-08 13:00:00+00:00,1694.2325,1695.537,1677.6325,1680.595,2.326991549,18.0,1687.14424
2026-06-08 14:00:00+00:00,1681.92,1693.346,1675.8115,1690.15,9.618804895,14.0,1687.571917
2026-06-08 15:00:00+00:00,1691.1565,1705.2585,1688.5565,1691.05,3.858607199,16.0,1697.545152
2026-06-08 16:00:00+00:00,1689.9655,1702.955,1682.285,1682.285,1.859437882,17.0,1697.261283
2026-06-08 17:00:00+00:00,1682.9625,1686.77,1675.581,1686.109,1.40377456,16.0,1680.527093
2026-06-08 18:00:00+00:00,1687.1705,1692.04,1677.8555,1683.8975,8.780894411,22.0,1681.015725
2026-06-08 19:00:00+00:00,1684.47,1689.3385,1680.975,1684.385,0.509553477,5.0,1686.093813
2026-06-08 20:00:00+00:00,1685.1235,1688.66,1679.44,1688.634,0.171965454,5.0,1686.41045
2026-06-08 21:00:00+00:00,1689.65,1713.65,1689.65,1703.425,0.382678991,13.0,1705.340419
2026-06-08 22:00:00+00:00,1702.9905,1703.275,1688.0075,1702.6245,0.257437585,11.0,1695.911829
2026-06-08 23:00:00+00:00,1703.445,1713.355,1686.465,1690.1055,0.032759806,8.0,1703.026937
2026-06-09 00:00:00+00:00,1688.885,1695.903,1659.67,1662.7855,1.440138835,19.0,1685.349654
2026-06-09 01:00:00+00:00,1662.02,1673.5405,1658.9565,1668.0345,0.341538983,5.0,1667.155398
2026-06-09 02:00:00+00:00,1669.08,1671.565,1654.43,1667.0,0.31926628,12.0,1659.714223
2026-06-09 03:00:00+00:00,1668.15,1670.9,1663.585,1669.025,0.137760272,5.0,1665.890365
2026-06-09 04:00:00+00:00,1668.3115,1694.8705,1664.0,1685.282,0.428354637,7.0,1673.988993
2026-06-09 05:00:00+00:00,1684.91,1693.4,1681.06,1687.9645,0.131543414,8.0,1689.013046
2026-06-09 06:00:00+00:00,1687.2025,1694.5975,1683.699,1685.03,0.08099751,5.0,1692.719153
2026-06-09 07:00:00+00:00,1686.391,1690.928,1674.743,1679.503,0.241547435,6.0,1680.746628
2026-06-09 08:00:00+00:00,1678.776,1679.6935,1668.7245,1674.32,0.641028841,19.0,1678.46456
2026-06-09 09:00:00+00:00,1675.0595,1679.05,1664.4725,1669.895,0.523863069,18.0,1672.808729
2026-06-09 10:00:00+00:00,1670.3865,1674.99,1666.33,1674.1,0.050162298,9.0,1671.241479
2026-06-09 11:00:00+00:00,1673.1765,1673.1765,1665.309,1671.245,5.289916824,24.0,1669.649959
2026-06-09 12:00:00+00:00,1670.132,1681.8585,1670.132,1676.01,0.319681783,7.0,1676.536411
2026-06-09 13:00:00+00:00,1677.15,1679.5575,1664.1463,1665.019,2.222749523,11.0,1676.927761
2026-06-09 14:00:00+00:00,1666.202,1669.2135,1633.6,1644.9,1.541997406,26.0,1650.949046
2026-06-09 15:00:00+00:00,1643.725,1652.539,1633.4515,1635.414,5.819622819,15.0,1643.269252
2026-06-09 16:00:00+00:00,1634.25,1637.469,1612.955,1630.6105,1.962213509,22.0,1630.21897
2026-06-09 17:00:00+00:00,1631.695,1648.246,1631.695,1642.11,3.028806236,4.0,1645.652562
2026-06-09 18:00:00+00:00,1642.784,1653.3,1638.87,1651.475,0.34779325,7.0,1651.266948
2026-06-09 19:00:00+00:00,1650.795,1657.05,1646.05,1656.029,0.171471798,5.0,1649.268152
2026-06-09 20:00:00+00:00,1655.0,1661.5285,1654.364,1658.9135,1.172882942,5.0,1657.351217
2026-06-09 21:00:00+00:00,1659.855,1660.4,1645.65,1648.755,5.914945933,6.0,1655.147313
2026-06-09 22:00:00+00:00,1647.7335,1653.462,1638.33,1638.33,0.55283817,12.0,1645.708525
2026-06-09 23:00:00+00:00,1639.582,1641.44,1630.6009359605,1638.1045,0.086818252,7.0,1636.365869
2026-06-10 00:00:00+00:00,1638.7385,1645.45,1628.648,1644.8,0.0079422,3.0,1636.746547
2026-06-10 01:00:00+00:00,1645.839,1645.839,1632.334,1637.7,0.022277,3.0,1640.623028
2026-06-10 02:00:00+00:00,1638.86,1641.3595,1621.08,1623.476,5.372588511,12.0,1623.701634
2026-06-10 03:00:00+00:00,1622.263,1635.05,1622.263,1628.86,0.08709451,10.0,1629.40345
2026-06-10 04:00:00+00:00,1630.15,1631.47,1621.499,1624.36,1.065620297,7.0,1626.09588
2026-06-10 05:00:00+00:00,1625.53,1628.778,1615.6335,1626.732,1.256592796,7.0,1624.120443
2026-06-10 06:00:00+00:00,1625.7645,1655.6737192115,1621.8,1630.105,0.562078026,10.0,1630.064426
2026-06-10 07:00:00+00:00,1629.595,1641.6265,1629.595,1638.395,0.108652227,8.0,1635.907928
2026-06-10 08:00:00+00:00,1639.333,1639.3855,1617.334748,1619.45,0.556973425,12.0,1634.039883
2026-06-10 09:00:00+00:00,1620.5535,1624.875,1606.5695,1622.659,1.929291267,13.0,1616.173746
2026-06-10 10:00:00+00:00,1621.8435,1629.269,1617.585,1627.41,0.03037055,7.0,1624.889404
2026-06-10 11:00:00+00:00,1626.819,1628.97,1610.5165,1619.002,1.078271444,12.0,1616.828637
2026-06-10 12:00:00+00:00,1618.25,1643.93,1614.96,1634.348,0.405010229,9.0,1633.90403
2026-06-10 13:00:00+00:00,1635.02,1666.594,1631.635,1650.494,4.54261782,18.0,1655.939897
2026-06-10 14:00:00+00:00,1649.669,1654.157,1636.062,1645.23,1.512857474,14.0,1648.525225
2026-06-10 15:00:00+00:00,1644.9645,1662.435,1634.875,1656.85,4.558181992,13.0,1649.307932
2026-06-10 16:00:00+00:00,1655.615,1657.8,1631.295,1640.774,1.157949662,12.0,1636.9328
2026-06-10 17:00:00+00:00,1641.41,1645.579,1621.2495,1631.2055,1.566938898,7.0,1644.453895
2026-06-10 18:00:00+00:00,1631.422,1634.685,1621.25,1629.3545,0.694500438,9.0,1627.56155
2026-06-10 19:00:00+00:00,1628.549,1631.3835,1622.064,1628.538,2.398264374,6.0,1628.772207
2026-06-10 20:00:00+00:00,1627.855,1634.8465,1621.8615,1629.0955,13.018669203,9.0,1631.12611
2026-06-10 21:00:00+00:00,1628.083,1628.083,1603.264,1609.5,1.694795051,4.0,1618.300252
2026-06-10 22:00:00+00:00,1610.1,1621.21,1603.1965,1615.3785,0.02898856,5.0,1609.442364
2026-06-10 23:00:00+00:00,1614.41,1623.5445,1608.1815,1620.655,0.01517105,1.0,1610.255
2026-06-11 00:00:00+00:00,1620.9185,1632.5325,1620.9185,1627.442,0.081408584,7.0,1628.601864
2026-06-11 01:00:00+00:00,1628.0,1645.406,1627.4805,1641.637,0.661249803,11.0,1638.423166
2026-06-11 02:00:00+00:00,1640.4145,1643.474,1629.4245,1639.34,0.067459225,6.0,1636.014282
2026-06-11 03:00:00+00:00,1640.128,1658.611,1634.323,1652.5,3.046271921,10.0,1642.606318
2026-06-11 04:00:00+00:00,1651.458,1658.12,1648.505,1654.65,0.537160424,12.0,1650.036611
2026-06-11 05:00:00+00:00,1653.8945,1653.8945,1645.58,1646.09,0.020726253,5.0,1648.136925
2026-06-11 06:00:00+00:00,1645.235,1661.121,1644.55,1653.43,0.257883989,37.0,1657.294818
2026-06-11 07:00:00+00:00,1652.65,1656.0,1649.761,1652.5565,1.00094693,10.0,1651.894092
2026-06-11 08:00:00+00:00,1653.865,1661.895,1652.81,1657.655,0.156049145,8.0,1658.331858
2026-06-11 09:00:00+00:00,1658.37,1660.2,1654.6255,1656.844,0.940650587,7.0,1659.067525
2026-06-11 10:00:00+00:00,1658.438,1660.25,1652.63,1657.37,0.072746199,5.0,1656.516933
2026-06-11 11:00:00+00:00,1656.8705,1671.271,1654.8645,1665.531,2.381771842,12.0,1662.249772
2026-06-11 12:00:00+00:00,1664.781,1664.781,1642.1585,1650.2345,1.995140944,12.0,1659.284003
2026-06-11 13:00:00+00:00,1649.6565,1657.535,1642.8,1651.4405,1.783073787,17.0,1649.240813
2026-06-11 14:00:00+00:00,1652.495,1653.665,1637.56,1641.064,0.85829211,6.0,1649.91358
2026-06-11 15:00:00+00:00,1641.636,1648.45,1633.5,1643.7365,0.833274529,9.0,1642.331902
2026-06-11 16:00:00+00:00,1644.2,1647.543,1636.54,1637.4995,0.599310614,9.0,1645.027051
2026-06-11 17:00:00+00:00,1638.475,1691.115,1630.6,1685.759,8.981216827,40.0,1647.20895
2026-06-11 18:00:00+00:00,1684.71,1688.9995,1675.7,1682.045,3.248636788,19.0,1683.167136
2026-06-11 19:00:00+00:00,1681.15,1690.913,1674.3015,1680.35,6.836466338,19.0,1681.469685
2026-06-11 20:00:00+00:00,1681.1,1681.1,1666.427,1670.6,1.212685559,13.0,1671.746924
2026-06-11 21:00:00+00:00,1671.5995,1681.285,1671.2625,1675.107,1.230472407,10.0,1676.940308
2026-06-11 22:00:00+00:00,1675.811,1681.257,1673.625,1674.26,0.721082388,10.0,1676.28233
2026-06-11 23:00:00+00:00,1673.4385,1677.056,1668.411,1671.4415,0.027317,2.0,1673.477371
2026-06-12 00:00:00+00:00,1670.4475,1675.9,1667.9155,1671.1825,1.471183436,10.0,1671.216898
2026-06-12 01:00:00+00:00,1670.725,1670.725,1659.62162,1664.29,0.59639563,8.0,1663.879844
2026-06-12 02:00:00+00:00,1665.2145,1675.6,1665.2045,1673.712,1.506181,3.0,1671.806598
2026-06-12 03:00:00+00:00,1672.9,1673.7205,1667.05,1670.625,0.465891381,7.0,1672.802366
2026-06-12 04:00:00+00:00,1670.041,1678.595,1666.34,1675.65,0.487231185,6.0,1667.928327
2026-06-12 05:00:00+00:00,1674.575,1674.575,1659.96,1661.828,3.36565195,8.0,1672.968667
2026-06-12 06:00:00+00:00,1662.7,1664.0845,1650.0835,1655.18,0.461104726,4.0,1654.72559
2026-06-12 07:00:00+00:00,1656.355,1662.542,1653.945,1659.465,0.593684418,8.0,1656.062343
2026-06-12 08:00:00+00:00,1660.1,1675.85,1659.465,1671.5325,0.14588459,11.0,1669.300869
2026-06-12 09:00:00+00:00,1670.9415,1683.72,1669.9025,1678.657,0.058829853,5.0,1679.353743
2026-06-12 10:00:00+00:00,1677.599,1681.1,1669.67,1673.186,0.029165654,6.0,1675.385825
2026-06-12 11:00:00+00:00,1674.0755,1676.6,1670.593,1671.7975,0.386717951,3.0,1673.257592
2026-06-12 12:00:00+00:00,1671.0945,1671.17,1660.936,1664.75,0.613921976,30.0,1666.722915
2026-06-12 13:00:00+00:00,1665.435,1666.815,1651.645,1655.175,0.510777759,16.0,1657.566607
2026-06-12 14:00:00+00:00,1656.336,1684.7645,1656.336,1684.4795,0.395214415,15.0,1672.539498
2026-06-12 15:00:00+00:00,1683.62,1689.55,1657.4,1658.864,1.040815027,15.0,1669.701616
2026-06-12 16:00:00+00:00,1658.392,1674.845,1656.525,1670.85,0.870819526,15.0,1665.773067
2026-06-12 17:00:00+00:00,1672.0845,1676.271,1666.455,1667.34,0.655820359,6.0,1669.425964
2026-06-12 18:00:00+00:00,1668.4075,1672.339,1662.74,1665.663,5.851231231,5.0,1668.847055
2026-06-12 19:00:00+00:00,1666.755,1671.245,1663.76,1664.905,1.007220331,7.0,1667.591592
2026-06-12 20:00:00+00:00,1665.955,1667.18,1662.364338,1664.6945,0.18904015,10.0,1664.739421
2026-06-12 21:00:00+00:00,1663.71,1667.1825,1662.818169,1662.982169,0.425183474,3.0,1664.115657
2026-06-12 22:00:00+00:00,1664.06,1665.8,1660.4165,1661.068,0.005223809,2.0,1662.299048
2026-06-12 23:00:00+00:00,1659.925,1665.286,1659.1915,1664.82,0.409746089,9.0,1662.567963
2026-06-13 00:00:00+00:00,1665.57,1667.783,1663.891,1667.0185,0.313263292,11.0,1664.795144
2026-06-13 01:00:00+00:00,1667.84,1674.135,1666.04,1673.291,0.007779137,3.0,1670.224
2026-06-13 02:00:00+00:00,1672.438,1673.104,1664.951,1666.525,0.445391104,6.0,1667.414373
2026-06-13 03:00:00+00:00,1667.5195,1668.4775,1662.02,1664.1085,0.503370332,7.0,1666.745993
2026-06-13 04:00:00+00:00,1665.275,1667.51,1662.699,1663.916,5.277682432,13.0,1666.382653
2026-06-13 05:00:00+00:00,1662.83,1664.8,1661.7115,1664.3045,0.610881205,5.0,1663.285746
2026-06-13 06:00:00+00:00,1665.655,1669.4,1663.1,1668.455,2.697663247,7.0,1665.306197
2026-06-13 07:00:00+00:00,1669.0,1677.242,1667.66,1675.8795,0.328143846,12.0,1674.7563
2026-06-13 08:00:00+00:00,1675.3225,1679.06,1672.9,1673.52,0.449835026,9.0,1676.727121
2026-06-13 09:00:00+00:00,1674.18,1675.56,1671.9945,1672.8,0.07880673,7.0,1673.485794
2026-06-13 10:00:00+00:00,1673.4,1676.302,1671.4,1672.246,6.535156083,12.0,1671.901074
2026-06-13 11:00:00+00:00,1673.32,1677.5085,1672.35,1677.5085,0.001713207,1.0,1676.708
2026-06-13 12:00:00+00:00,1678.307,1682.693,1675.0,1679.355,1.061969946,29.0,1679.964895
2026-06-13 13:00:00+00:00,1678.4,1680.83,1675.92,1676.699,0.538585811,7.0,1679.4884
2026-06-13 14:00:00+00:00,1677.7,1680.8,1676.888,1678.595,0.016568963,6.0,1678.878253
2026-06-13 15:00:00+00:00,1678.0,1684.64,1678.0,1681.2235,0.142493327,8.0,1681.099781
2026-06-13 16:00:00+00:00,1681.785,1681.785,1669.9095,1675.8,1.546585686,7.0,1675.279049
2026-06-13 17:00:00+00:00,1676.728,1677.7,1672.5,1673.8085,4.722241297,14.0,1675.373793
2026-06-13 18:00:00+00:00,1674.717,1681.96,1673.114,1677.929,5.277030821,6.0,1677.089986
2026-06-13 19:00:00+00:00,1678.705,1679.31,1675.012,1678.125,13.039516881,13.0,1677.354676
2026-06-13 20:00:00+00:00,1677.1665,1678.05,1674.5,1676.11,0.517346693,7.0,1675.508457
2026-06-13 21:00:00+00:00,1677.1,1695.7165,1674.3015,1685.2,0.103124612,4.0,1677.462863
2026-06-13 22:00:00+00:00,1684.66,1685.68,1680.8985,1680.8985,0.195023174,7.0,1684.510161
2026-06-13 23:00:00+00:00,1680.2845,1683.3445,1678.075,1679.974,0.018214,1.0,1680.455
2026-06-14 00:00:00+00:00,1679.278,1682.1225,1677.893,1681.665,0.087497676,6.0,1679.663147
2026-06-14 01:00:00+00:00,1682.2,1689.25,1679.8615,1683.153,0.785116694,11.0,1684.546753
2026-06-14 02:00:00+00:00,1682.106,1684.5,1680.52,1681.8,0.104239163,3.0,1682.641645
2026-06-14 03:00:00+00:00,1680.95,1683.408,1678.1,1680.56,0.08261513,10.0,1682.737513
2026-06-14 04:00:00+00:00,1681.5815,1682.0415,1676.1565,1677.6025,0.142611496,9.0,1678.925724
2026-06-14 05:00:00+00:00,1677.075,1678.537,1672.82,1677.595,0.462682751,8.0,1675.613622
2026-06-14 06:00:00+00:00,1677.795,1681.349,1674.785,1675.915,0.228988,2.0,1676.973485
2026-06-14 07:00:00+00:00,1674.875,1676.3265,1672.809,1674.975,0.895087931,4.0,1675.033535
2026-06-14 08:00:00+00:00,1675.82,1677.26,1673.574,1674.236,1.247992348,4.0,1677.141249
2026-06-14 09:00:00+00:00,1673.608,1677.418,1668.488,1677.373,1.263132093,8.0,1673.279205
2026-06-14 10:00:00+00:00,1676.415,1677.48,1672.495,1672.6745,0.159848452,8.0,1675.461735
2026-06-14 11:00:00+00:00,1671.0415,1675.9305,1670.973,1672.6045,0.028256461,8.0,1672.666763
2026-06-14 12:00:00+00:00,1673.2495,1673.725,1664.778,1665.756,0.076810801,7.0,1669.882617
2026-06-14 13:00:00+00:00,1666.835,1668.228,1663.75,1665.4,0.067829095,7.0,1666.371559
2026-06-14 14:00:00+00:00,1666.51,1668.88,1653.251,1658.477,0.565163686,6.0,1655.781252
2026-06-14 15:00:00+00:00,1659.3105,1663.5055,1659.3105,1662.011,0.01277,2.0,1661.681973
2026-06-14 16:00:00+00:00,1662.6,1667.23,1658.285,1660.645,0.094588162,6.0,1665.428815
2026-06-14 17:00:00+00:00,1661.4925,1664.64,1660.4325,1661.15,0.01343,3.0,1663.571026
2026-06-14 18:00:00+00:00,1660.027,1661.685,1658.0045,1661.146,0.082241,1.0,1659.13
2026-06-14 19:00:00+00:00,1660.23,1667.05,1660.23,1664.175,0.063486906,5.0,1665.240404
2026-06-14 20:00:00+00:00,1664.695,1672.535,1662.02,1669.345,2.10686219,2.0,1665.687499
2026-06-14 21:00:00+00:00,1670.566,1729.786,1670.566,1718.215,1.809312945,18.0,1700.604346
2026-06-14 22:00:00+00:00,1719.3,1727.857,1712.055,1721.4455,8.034515331,10.0,1724.441984
2026-06-14 23:00:00+00:00,1720.5335,1725.3885,1716.2,1724.82,0.327649222,10.0,1720.894031
2026-06-15 00:00:00+00:00,1725.4,1730.4055,1718.696,1720.069,0.674633313,11.0,1724.518956
2026-06-15 01:00:00+00:00,1718.771,1720.845,1709.043,1714.705,0.043843,7.0,1713.317049
2026-06-15 02:00:00+00:00,1713.861,1725.7115,1713.471,1715.7,0.018464,2.0,1723.181115
2026-06-15 03:00:00+00:00,1715.233,1722.899,1715.233,1720.305,0.078324,4.0,1720.587903
2026-06-15 04:00:00+00:00,1718.98,1719.71,1715.8365,1717.2985,0.052371242,6.0,1717.65235
2026-06-15 05:00:00+00:00,1715.931,1721.527,1715.062,1719.28,0.796032894,8.0,1718.561464
2026-06-15 06:00:00+00:00,1718.57,1722.6,1717.69,1719.68,0.100197377,9.0,1720.675177
2026-06-15 07:00:00+00:00,1718.765,1722.602,1715.3465,1715.835,0.427021307,10.0,1721.122123
2026-06-15 08:00:00+00:00,1714.905,1720.465,1714.905,1719.229,0.161592732,5.0,1719.273531
2026-06-15 09:00:00+00:00,1720.47,1725.18,1710.9695,1717.57,1.694423619,11.0,1720.024516
2026-06-15 10:00:00+00:00,1718.3555,1770.675583756,1717.892,1736.15,4.643197876,11.0,1725.58596
2026-06-15 11:00:00+00:00,1735.251,1766.989,1733.5,1763.987,13.557331173,20.0,1759.685965
2026-06-15 12:00:00+00:00,1764.7,1776.75,1760.1,1776.75,4.964180663,23.0,1769.673839
2026-06-15 13:00:00+00:00,1777.707,1825.3565,1773.9,1813.05,7.61699624,32.0,1809.515651
2026-06-15 14:00:00+00:00,1811.9155,1817.0745,1803.86,1813.419,7.585552381,34.0,1810.897875
2026-06-15 15:00:00+00:00,1814.352,1848.41,1812.156,1843.66,4.349692971,33.0,1822.396252
2026-06-15 16:00:00+00:00,1844.78,1845.8725,1836.9435,1842.137,3.560016615,21.0,1842.087056
2026-06-15 17:00:00+00:00,1840.9345,1840.9345,1823.46,1827.8895,0.686195324,15.0,1829.188897
2026-06-15 18:00:00+00:00,1827.067,1834.606,1825.05,1827.623,0.102853107,6.0,1830.465115
2026-06-15 19:00:00+00:00,1826.689,1833.0,1811.3875,1820.371,3.525642194,13.0,1825.08425
2026-06-15 20:00:00+00:00,1819.52,1825.47,1814.7335,1815.8515,0.441235181,7.0,1819.092227
2026-06-15 21:00:00+00:00,1814.85,1820.475,1809.4415,1809.9585,0.540922455,7.0,1814.239874
2026-06-15 22:00:00+00:00,1809.055,1812.875,1786.0,1789.4895,0.642364722,18.0,1790.986712
2026-06-15 23:00:00+00:00,1790.34,1796.49,1783.145,1795.17,0.213514723,10.0,1791.240722
2026-06-16 00:00:00+00:00,1794.607,1800.3375,1788.281,1788.281,0.12459733,6.0,1791.775482
2026-06-16 01:00:00+00:00,1789.0,1795.855,1789.0,1790.4,0.047477856,6.0,1792.924187
2026-06-16 02:00:00+00:00,1789.705,1792.6,1767.306,1768.722,0.087037186,11.0,1777.156828
2026-06-16 03:00:00+00:00,1767.855,1779.597,1764.1815,1778.3505,0.906977406,7.0,1775.690514
2026-06-16 04:00:00+00:00,1777.74,1781.98,1758.2525,1759.675,0.828134814,11.0,1772.224471
2026-06-16 05:00:00+00:00,1760.83,1764.99,1759.695,1760.9225,0.980005135,10.0,1763.790826
2026-06-16 06:00:00+00:00,1762.2275,1774.1,1761.55,1770.3545,1.72807392,15.0,1769.490095
2026-06-16 07:00:00+00:00,1769.8,1775.065,1768.095,1772.9215,0.094420728,6.0,1771.672276
2026-06-16 08:00:00+00:00,1773.68,1805.9475,1772.5,1801.071,0.259253914,10.0,1774.76208
2026-06-16 09:00:00+00:00,1800.142,1804.1765,1786.1065,1788.553,1.247903119,11.0,1793.804822
2026-06-16 10:00:00+00:00,1788.932,1798.787,1787.363,1792.96,1.499209511,8.0,1792.27767
2026-06-16 11:00:00+00:00,1793.39,1799.1,1790.0915,1797.435,0.58507635,4.0,1794.343093
2026-06-16 12:00:00+00:00,1798.585,1837.081725888,1795.554,1813.19,1.096925461,9.0,1823.519178
2026-06-16 13:00:00+00:00,1814.4375,1815.325,1790.225,1796.8005,2.634497109,17.0,1804.22007
2026-06-16 14:00:00+00:00,1797.4005,1803.83,1762.2,1778.4215,11.919757304,28.0,1778.259128
2026-06-16 15:00:00+00:00,1777.1725,1786.3805,1773.25,1781.545,4.147359467,16.0,1774.925353
2026-06-16 16:00:00+00:00,1782.815,1783.82,1771.347,1776.153,1.245398205,14.0,1777.065216
2026-06-16 17:00:00+00:00,1777.38,1798.065,1776.2085,1793.845,0.457179588,7.0,1781.453111
2026-06-16 18:00:00+00:00,1792.308,1806.439275,1791.2715,1797.803,0.156254098,9.0,1796.368608
2026-06-16 19:00:00+00:00,1796.755,1799.7025,1788.804,1793.55,5.885336269,3.0,1793.164861
2026-06-16 20:00:00+00:00,1792.285,1796.346,1788.35,1796.125,1.724140923,6.0,1795.234031
2026-06-16 21:00:00+00:00,1797.37,1798.85,1788.86,1794.6605,1.9908,5.0,1794.787954
2026-06-16 22:00:00+00:00,1793.67,1797.6,1789.519,1794.571,0.236039597,4.0,1792.128499
2026-06-16 23:00:00+00:00,1795.2415,1797.225,1789.5,1790.495,0.233311,7.0,1792.213609
2026-06-17 00:00:00+00:00,1791.659,1796.65,1790.818,1793.016,1.3530371,6.0,1795.440545
2026-06-17 01:00:00+00:00,1791.857,1797.55,1777.8765,1796.2905,0.01379,2.0,1789.592159
2026-06-17 02:00:00+00:00,1795.545,1806.998275,1786.9435,1793.989,0.148460557,6.0,1796.700358
2026-06-17 03:00:00+00:00,1792.683,1794.945,1786.1385,1791.35,0.488695251,6.0,1790.299741
2026-06-17 04:00:00+00:00,1792.25,1799.04,1790.835,1792.45,0.100307642,11.0,1795.973435
2026-06-17 05:00:00+00:00,1793.369,1796.9905,1787.6835,1792.5175,0.165336892,19.0,1790.890605
2026-06-17 06:00:00+00:00,1793.3,1795.72,1785.2645,1788.8505,0.105510292,16.0,1790.984585
2026-06-17 07:00:00+00:00,1787.655,1791.18,1777.3,1783.1795,0.121578421,12.0,1786.569387
2026-06-17 08:00:00+00:00,1784.15,1784.15,1758.951,1764.062,0.521495268,9.0,1769.479134
2026-06-17 09:00:00+00:00,1763.1835,1775.3375,1763.1835,1771.535,0.042305212,3.0,1768.07147
2026-06-17 10:00:00+00:00,1772.642,1774.4725,1765.962,1766.445,0.283689,2.0,1771.579932
2026-06-17 11:00:00+00:00,1767.676,1769.243,1757.934,1763.2,2.929389876,61.0,1762.490541
2026-06-17 12:00:00+00:00,1761.822,1764.4555,1741.6755,1758.1355,3.441989277,17.0,1753.494528
2026-06-17 13:00:00+00:00,1757.1005,1769.38,1753.4,1759.999,0.953157001,9.0,1757.924051
2026-06-17 14:00:00+00:00,1759.414,1764.1195,1740.925,1754.071,0.3379698,20.0,1752.094446
2026-06-17 15:00:00+00:00,1752.881,1775.595,1750.477,1772.685,0.389703013,6.0,1761.947026
2026-06-17 16:00:00+00:00,1773.689,1789.805,1769.1645,1770.737,5.532089536,15.0,1776.732953
2026-06-17 17:00:00+00:00,1771.3675,1794.3415,1766.4435,1787.225,2.828674595,12.0,1773.270201
2026-06-17 18:00:00+00:00,1786.125,1786.125,1745.554,1769.264,0.650106804,6.0,1769.460159
2026-06-17 19:00:00+00:00,1769.895,1773.5655,1728.226764125,1733.795,6.992722431,19.0,1743.627763
2026-06-17 20:00:00+00:00,1732.77,1746.1915,1731.908,1745.15,3.646852001,9.0,1739.923893
2026-06-17 21:00:00+00:00,1746.18,1746.18,1735.009,1737.121,0.0,0.0,1745.515
2026-06-17 22:00:00+00:00,1735.9615,1744.7425,1725.525,1738.639,0.483786406,9.0,1739.86186
2026-06-17 23:00:00+00:00,1739.542,1750.1,1739.542,1748.39,0.009223,1.0,1747.3
2026-06-18 00:00:00+00:00,1749.591,1757.659,1749.58,1751.34,1.241821029,8.0,1749.847739
2026-06-18 01:00:00+00:00,1752.396,1762.2,1751.1475,1752.74,0.439885296,8.0,1752.954842
2026-06-18 02:00:00+00:00,1753.7355,1756.7,1748.874,1754.534,0.056449,3.0,1754.684662
2026-06-18 03:00:00+00:00,1753.35,1753.35,1739.65,1742.1,0.055333,4.0,1749.544997
2026-06-18 04:00:00+00:00,1743.2,1743.489,1727.9055,1729.3135,0.065777886,4.0,1738.333815
2026-06-18 05:00:00+00:00,1728.555,1730.6,1720.5,1729.365,0.791329601,10.0,1724.471823
2026-06-18 06:00:00+00:00,1728.12,1734.505,1724.295,1734.505,1.07355498,14.0,1727.907532
2026-06-18 07:00:00+00:00,1733.3895,1751.9,1730.785,1747.57,0.169002161,7.0,1746.71164
2026-06-18 08:00:00+00:00,1746.6,1751.615,1744.9095,1746.555,0.016924434,1.0,1747.5
2026-06-18 09:00:00+00:00,1746.055,1749.885,1741.2715,1745.2235,0.441576776,6.0,1743.942457
2026-06-18 10:00:00+00:00,1743.95,1750.056,1737.7515,1745.5785,0.268477003,6.0,1741.857314
2026-06-18 11:00:00+00:00,1746.179,1747.8025,1737.355,1741.985,2.115949161,4.0,1743.006998
2026-06-18 12:00:00+00:00,1740.902,1750.555,1740.3505,1748.51,0.521204385,16.0,1746.239091
2026-06-18 13:00:00+00:00,1747.9905,1750.45,1727.725,1733.75,0.743638858,13.0,1739.107385
2026-06-18 14:00:00+00:00,1735.07,1742.7195,1727.175,1737.75,0.342932145,7.0,1731.13725
2026-06-18 15:00:00+00:00,1737.308,1737.308,1678.141,1680.86,2.963989602,12.0,1710.040886
2026-06-18 16:00:00+00:00,1680.2105,1690.3285,1679.1235,1684.6275,3.899896238,21.0,1683.971579
2026-06-18 17:00:00+00:00,1683.885,1685.12,1669.631,1677.7195,0.887429585,13.0,1678.882654
2026-06-18 18:00:00+00:00,1678.639,1686.983,1673.38,1683.262,3.652182139,9.0,1679.950725
2026-06-18 19:00:00+00:00,1682.735,1705.21,1680.9735,1703.646,0.0,0.0,1682.98725
2026-06-18 20:00:00+00:00,1704.287,1714.555,1704.287,1708.765,0.521954662,11.0,1709.917228
2026-06-18 21:00:00+00:00,1709.525,1709.525,1699.856,1706.2105,0.87482332,7.0,1705.635241
2026-06-18 22:00:00+00:00,1707.127,1707.127,1698.9,1704.7085,0.434790993,9.0,1703.139511
2026-06-18 23:00:00+00:00,1705.715,1710.3395,1702.0,1709.5035,0.413437823,3.0,1703.209801
2026-06-19 00:00:00+00:00,1710.371,1714.34,1706.8,1711.4235,0.072390093,9.0,1709.974491
2026-06-19 01:00:00+00:00,1712.895,1717.305,1704.311,1711.3,1.461073326,13.0,1713.491131
2026-06-19 02:00:00+00:00,1712.3,1713.465,1700.135,1704.847,0.075358117,4.0,1705.57565
2026-06-19 03:00:00+00:00,1705.6,1706.5,1680.7164778325,1695.3,0.72975834,10.0,1686.472139
2026-06-19 04:00:00+00:00,1696.2,1700.7185,1685.4535,1687.826,0.239157353,7.0,1690.265529
2026-06-19 05:00:00+00:00,1688.906,1695.518,1687.85,1695.3,0.018078,3.0,1691.593917
2026-06-19 06:00:00+00:00,1695.99,1702.313,1694.84,1698.8595,0.037843382,8.0,1698.93966
2026-06-19 07:00:00+00:00,1697.7795,1698.1125,1688.9725,1693.8445,0.304614416,4.0,1694.579361
2026-06-19 08:00:00+00:00,1694.68,1697.3135,1691.777,1695.782,3.975918839,8.0,1693.4967
2026-06-19 09:00:00+00:00,1696.25,1698.0,1687.3455,1687.3455,0.555539226,10.0,1693.440335
2026-06-19 10:00:00+00:00,1688.1,1692.1725,1685.74,1691.12,0.221143133,6.0,1687.526145
2026-06-19 11:00:00+00:00,1689.809,1692.705,1687.4,1689.85,0.666669728,6.0,1690.416659
2026-06-19 12:00:00+00:00,1690.403,1693.6415,1677.663,1693.6415,0.80274793,9.0,1684.788367
2026-06-19 13:00:00+00:00,1694.6745,1708.9765,1687.035,1702.3,0.884198891,11.0,1700.407813
2026-06-19 14:00:00+00:00,1701.603,1708.23,1694.925,1704.974,0.895516221,16.0,1698.707177
2026-06-19 15:00:00+00:00,1704.01,1709.954,1696.721,1705.425,0.471201369,9.0,1701.923239
2026-06-19 16:00:00+00:00,1706.6,1709.6355,1693.522,1694.4995,0.401919213,15.0,1700.819917
2026-06-19 17:00:00+00:00,1695.1955,1705.03,1692.36,1703.453,0.519228293,5.0,1700.172269
2026-06-19 18:00:00+00:00,1702.25,1704.66,1697.42,1701.5,0.117808562,10.0,1701.56224
2026-06-19 19:00:00+00:00,1702.5,1703.1425,1696.95,1699.35,0.007934167,6.0,1701.045833
2026-06-19 20:00:00+00:00,1700.484,1707.144,1697.96,1707.01,0.570362513,9.0,1703.838268
2026-06-19 21:00:00+00:00,1706.75,1706.955,1700.34,1700.34,0.013669777,8.0,1702.913498
2026-06-19 22:00:00+00:00,1700.95,1707.957,1699.433,1706.15,0.42489437,4.0,1701.113665
2026-06-19 23:00:00+00:00,1705.225,1712.8895,1703.855,1709.645,0.185264869,19.0,1706.143636
2026-06-20 00:00:00+00:00,1708.36,1715.0725,1706.545,1707.99,0.2064763,5.0,1708.051766
2026-06-20 01:00:00+00:00,1706.941,1711.515,1705.25,1707.4825,1.095293178,11.0,1709.390834
2026-06-20 02:00:00+00:00,1708.2,1708.38,1703.0,1703.958,0.068799841,4.0,1706.173269
2026-06-20 03:00:00+00:00,1702.575,1707.7,1702.575,1706.4265,0.20640583,2.0,1703.120552
2026-06-20 04:00:00+00:00,1705.41,1713.39,1705.41,1711.7,0.026745,3.0,1710.062182
2026-06-20 05:00:00+00:00,1712.586,1732.06,1710.595,1724.453,0.475534812,14.0,1724.119333
2026-06-20 06:00:00+00:00,1723.75,1727.8,1723.255,1726.071,0.215307,4.0,1724.792011
2026-06-20 07:00:00+00:00,1724.844,1727.618,1721.23,1723.5805,0.817388825,11.0,1722.850503
2026-06-20 08:00:00+00:00,1724.291,1724.905,1719.395,1720.94,0.348309066,16.0,1722.893368
2026-06-20 09:00:00+00:00,1722.0,1728.045,1721.298,1727.121,0.197821904,13.0,1723.884007
2026-06-20 10:00:00+00:00,1725.83,1728.1,1723.5,1725.6185,0.175902048,8.0,1725.627729
2026-06-20 11:00:00+00:00,1726.25,1728.268,1724.7565,1725.7865,0.506905861,6.0,1726.228137
2026-06-20 12:00:00+00:00,1726.913,1728.5,1722.5395,1724.784,0.168734682,9.0,1724.735719
2026-06-20 13:00:00+00:00,1723.715,1724.7075,1711.436,1716.25,0.502600008,13.0,1713.630703
2026-06-20 14:00:00+00:00,1714.875,1744.29,1706.5,1730.7425,0.198351319,7.0,1710.954229
2026-06-20 15:00:00+00:00,1731.937,1746.9195,1727.461,1737.8885,0.08620707,5.0,1737.928549
2026-06-20 16:00:00+00:00,1738.78,1738.78,1729.35,1731.655,0.304650798,9.0,1732.730435
2026-06-20 17:00:00+00:00,1730.4845,1730.7115,1719.45,1724.615,1.209597637,13.0,1724.129423
2026-06-20 18:00:00+00:00,1725.575,1729.14,1724.2635,1724.2635,0.940713169,7.0,1726.682973
2026-06-20 19:00:00+00:00,1723.329,1727.4105,1723.075,1727.4105,0.002788,1.0,1726.532
2026-06-20 20:00:00+00:00,1727.812,1730.04,1724.216,1728.632,0.051393111,3.0,1728.27784
2026-06-20 21:00:00+00:00,1729.73,1735.65,1728.0435,1733.865,0.097949684,4.0,1730.087219
2026-06-20 22:00:00+00:00,1732.8785,1744.095,1731.104,1741.002,0.011615887,1.0,1738.76
2026-06-20 23:00:00+00:00,1740.3085,1741.417,1737.984,1738.745,0.006317617,2.0,1738.007886
2026-06-21 00:00:00+00:00,1738.3425,1738.3425,1733.75,1735.2,0.492771641,14.0,1734.920957
2026-06-21 01:00:00+00:00,1736.2,1737.709,1732.2185,1735.146,0.034683116,3.0,1736.763957
2026-06-21 02:00:00+00:00,1733.755,1736.223,1733.755,1733.8025,0.026260968,4.0,1735.211257
2026-06-21 03:00:00+00:00,1732.9105,1738.935,1730.9,1736.074,0.172335,4.0,1733.69451
2026-06-21 04:00:00+00:00,1734.8525,1738.956,1729.6685,1730.69,0.735487,16.0,1733.106913
2026-06-21 05:00:00+00:00,1731.3105,1733.96,1728.9405,1730.25,0.701985713,9.0,1730.311218
2026-06-21 06:00:00+00:00,1731.32,1735.815,1730.0815,1734.1,0.188449123,7.0,1732.793721
2026-06-21 07:00:00+00:00,1733.4,1733.439,1730.05,1730.05,0.00792,2.0,1732.59096
2026-06-21 08:00:00+00:00,1729.685,1729.9995,1722.085,1726.2395,0.417872386,9.0,1726.035207
2026-06-21 09:00:00+00:00,1726.805,1732.165,1724.55,1731.105,0.01321,2.0,1728.670413
2026-06-21 10:00:00+00:00,1730.067,1734.552,1729.147,1729.425,0.415041,3.0,1731.443286
2026-06-21 11:00:00+00:00,1728.264,1731.85,1717.405,1722.412,0.333255787,8.0,1724.024681
2026-06-21 12:00:00+00:00,1722.987,1724.759,1715.32,1723.964,0.959109892,12.0,1719.375233
2026-06-21 13:00:00+00:00,1722.977,1726.291,1719.97,1722.485,4.835796837,6.0,1724.699336
2026-06-21 14:00:00+00:00,1723.0045,1726.721,1719.655,1726.721,0.07765,4.0,1721.238243
2026-06-21 15:00:00+00:00,1725.55,1730.6,1725.55,1728.7495,0.786708121,17.0,1728.325001
2026-06-21 16:00:00+00:00,1729.56,1729.56,1720.015,1725.7935,0.153767274,9.0,1724.152834
2026-06-21 17:00:00+00:00,1727.037,1729.0,1723.9,1726.0365,0.013554567,4.0,1725.952883
2026-06-21 18:00:00+00:00,1725.075,1736.135,1720.725,1732.9,0.141226462,6.0,1732.442304
2026-06-21 19:00:00+00:00,1733.9,1737.147,1731.076,1732.057,0.293972301,12.0,1733.515897
2026-06-21 20:00:00+00:00,1731.4,1734.235,1715.775,1719.3,0.394320916,11.0,1729.339642
2026-06-21 21:00:00+00:00,1719.95,1721.4215,1700.49,1716.7255,2.090070143,9.0,1708.573431
2026-06-21 22:00:00+00:00,1716.075,1719.1,1707.288,1714.66,0.471398493,6.0,1713.268879
2026-06-21 23:00:00+00:00,1714.301,1714.301,1702.67,1705.7015,0.05248743,2.0,1709.870089
2026-06-22 00:00:00+00:00,1706.715,1729.755,1706.715,1724.8325,0.341226442,6.0,1715.006373
2026-06-22 01:00:00+00:00,1725.865,1757.36,1723.1815,1742.47,0.134704607,8.0,1745.932409
2026-06-22 02:00:00+00:00,1743.2135,1743.2135,1735.316,1735.6,0.107719752,9.0,1740.463439
2026-06-22 03:00:00+00:00,1734.593,1738.431,1724.895,1728.5605,0.124233,5.0,1730.884469
2026-06-22 04:00:00+00:00,1727.09,1733.7,1726.36,1733.17,0.061801401,6.0,1728.424662
2026-06-22 05:00:00+00:00,1733.9,1737.2,1732.2,1734.2625,0.473193,7.0,1734.36007
2026-06-22 06:00:00+00:00,1734.985,1737.6435,1731.25,1733.2375,0.150845029,3.0,1734.317617
2026-06-22 07:00:00+00:00,1734.047,1749.154,1734.047,1744.493,12.968725323,10.0,1743.952472
2026-06-22 08:00:00+00:00,1745.8,1750.255,1741.85,1745.835,0.284845317,12.0,1746.686056
2026-06-22 09:00:00+00:00,1746.5,1749.4,1742.675,1744.736,0.10205547,9.0,1747.005165
2026-06-22 10:00:00+00:00,1744.201,1749.314,1744.201,1746.795,0.402829188,10.0,1747.548306
2026-06-22 11:00:00+00:00,1746.28,1772.435,1746.28,1766.172,0.367771302,20.0,1755.109984
2026-06-22 12:00:00+00:00,1767.3845,1769.27,1759.48,1761.77,0.703002228,17.0,1763.473788
2026-06-22 13:00:00+00:00,1760.753,1777.54,1760.1565,1775.0875,0.448256479,14.0,1765.013826
2026-06-22 14:00:00+00:00,1775.5925,1775.5925,1748.85,1752.6725,4.785485447,23.0,1757.995107
2026-06-22 15:00:00+00:00,1753.3,1756.2875,1740.37,1742.515,0.698001805,8.0,1742.392084
2026-06-22 16:00:00+00:00,1742.982,1744.2735,1732.295,1737.65,1.157567941,16.0,1739.675215
2026-06-22 17:00:00+00:00,1737.215,1740.6995,1729.998,1739.33,0.33019611,5.0,1735.08773
2026-06-22 18:00:00+00:00,1740.3525,1745.24,1728.31,1731.205,0.496663051,11.0,1742.842651
2026-06-22 19:00:00+00:00,1730.2,1734.15,1727.786,1732.9005,0.030804158,4.0,1731.931291
2026-06-22 20:00:00+00:00,1731.9045,1737.535,1729.0,1732.022,0.067897562,4.0,1732.623099
2026-06-22 21:00:00+00:00,1732.805,1735.93,1724.22,1730.85,0.123495977,8.0,1731.295705
2026-06-22 22:00:00+00:00,1731.5665,1733.2055,1715.72,1722.861,0.00821,1.0,1718.456
2026-06-22 23:00:00+00:00,1721.5885,1728.1,1719.445,1726.451,0.00058,1.0,1728.1
2026-06-23 00:00:00+00:00,1725.45,1728.326,1718.36,1728.326,0.306525675,8.0,1724.815736
2026-06-23 01:00:00+00:00,1729.5195,1733.711,1719.1555,1728.5635,0.062940993,9.0,1730.81041
2026-06-23 02:00:00+00:00,1729.51,1732.2355,1724.565,1729.9015,0.0,0.0,1729.51
2026-06-23 03:00:00+00:00,1729.47,1729.47,1724.0065,1727.5045,1.445160245,7.0,1726.838397
2026-06-23 04:00:00+00:00,1728.68,1728.68,1716.5,1716.965,0.130951445,7.0,1721.090126
2026-06-23 05:00:00+00:00,1717.327,1719.216,1708.396,1710.83,0.530870812,8.0,1710.868998
2026-06-23 06:00:00+00:00,1710.199,1722.88,1680.39,1690.396,1.09710765,8.0,1697.805205
2026-06-23 07:00:00+00:00,1689.35,1693.698,1680.538,1680.538,0.377838398,17.0,1689.26462
2026-06-23 08:00:00+00:00,1681.05,1682.65,1635.315,1645.72,4.622265523,47.0,1664.72714
2026-06-23 09:00:00+00:00,1647.115,1652.4,1646.14,1648.1865,0.577755157,31.0,1648.689848
2026-06-23 10:00:00+00:00,1649.25,1657.0,1646.2,1650.22,0.264634597,30.0,1649.361577
2026-06-23 11:00:00+00:00,1651.145,1661.4415,1651.145,1658.867,0.070446121,4.0,1657.853839
2026-06-23 12:00:00+00:00,1657.7025,1660.55,1652.054,1653.105,0.416244576,8.0,1657.12385
2026-06-23 13:00:00+00:00,1653.81,1662.0795,1643.0985,1660.5245,1.636935142,26.0,1650.507466
2026-06-23 14:00:00+00:00,1660.9495,1669.0985,1655.857,1659.718,0.485967172,9.0,1660.108571
2026-06-23 15:00:00+00:00,1658.955,1661.0365,1649.681,1657.6655,0.484146676,9.0,1654.42289
2026-06-23 16:00:00+00:00,1658.82,1671.495,1655.85,1657.7,1.802530944,8.0,1662.169911
2026-06-23 17:00:00+00:00,1656.864,1663.22,1653.2205,1654.7455,1.622728014,11.0,1656.437356
2026-06-23 18:00:00+00:00,1655.931,1658.2265,1647.8115,1652.89,0.215283,3.0,1655.449821
2026-06-23 19:00:00+00:00,1653.8705,1661.3005,1653.331,1660.45,2.498651552,11.0,1657.298414
2026-06-23 20:00:00+00:00,1661.005,1665.846,1660.1585,1661.6075,0.693101222,3.0,1662.435147
2026-06-23 21:00:00+00:00,1662.7765,1666.0,1662.61,1664.245,0.009992022,3.0,1664.746293
2026-06-23 22:00:00+00:00,1665.43,1670.25,1661.085,1662.2845,0.410066739,3.0,1662.162399
2026-06-23 23:00:00+00:00,1661.4685,1666.839,1658.0285,1665.985,0.410401639,2.0,1660.324906
2026-06-24 00:00:00+00:00,1665.21,1671.65,1665.006,1668.515,0.18664884,9.0,1666.769364
2026-06-24 01:00:00+00:00,1669.725,1677.9,1664.15,1669.995,0.195398572,6.0,1672.254953
2026-06-24 02:00:00+00:00,1670.9,1670.9,1662.125,1662.125,0.037368,4.0,1666.557016
2026-06-24 03:00:00+00:00,1662.867,1667.6245,1656.18,1664.65,0.613264015,9.0,1660.386181
2026-06-24 04:00:00+00:00,1664.885,1668.4495,1656.761,1667.231,0.202815542,8.0,1661.782031
2026-06-24 05:00:00+00:00,1667.703,1677.1425,1666.2475,1671.696,0.018204023,4.0,1667.500851
2026-06-24 06:00:00+00:00,1671.406,1674.815,1668.545,1672.05,0.863232241,8.0,1671.475301
2026-06-24 07:00:00+00:00,1673.197,1676.236,1668.48,1670.044,1.194186765,5.0,1672.365593
2026-06-24 08:00:00+00:00,1671.145,1672.402,1667.3025,1671.6745,0.064008285,5.0,1669.96111
2026-06-24 09:00:00+00:00,1670.8045,1670.8045,1663.33,1665.138,0.020639622,4.0,1665.489436
2026-06-24 10:00:00+00:00,1665.986,1666.489,1661.058,1661.146,0.668230098,13.0,1664.790818
2026-06-24 11:00:00+00:00,1662.52,1689.49,1653.808,1676.791,0.33409633,11.0,1658.870961
2026-06-24 12:00:00+00:00,1675.8,1678.732,1668.694,1669.5395,0.85950901,7.0,1672.94726
2026-06-24 13:00:00+00:00,1668.8565,1668.8565,1638.9,1642.9,1.920375975,20.0,1658.988128
2026-06-24 14:00:00+00:00,1642.705,1653.88,1636.1015,1644.4195,0.405826914,7.0,1642.004876
2026-06-24 15:00:00+00:00,1643.7,1648.95,1615.807773399,1616.039773399,5.503889333,24.0,1628.963914
2026-06-24 16:00:00+00:00,1616.526773399,1632.743,1583.435,1588.0275,1.731142451,24.0,1605.640834
2026-06-24 17:00:00+00:00,1587.299,1595.0685,1551.585,1558.275,16.929982035,37.0,1574.84631
2026-06-24 18:00:00+00:00,1558.8435,1581.7585,1555.6,1569.755,4.021994704,21.0,1566.215352
2026-06-24 19:00:00+00:00,1570.806,1582.616,1564.758,1582.4,3.40237661,10.0,1577.220534
2026-06-24 20:00:00+00:00,1581.55,1618.6665,1577.115,1610.855,1.461097382,14.0,1610.993243
2026-06-24 21:00:00+00:00,1611.35,1618.75,1603.9685,1618.75,0.928248221,5.0,1609.983419
2026-06-24 22:00:00+00:00,1619.65,1625.8775,1611.3,1612.4945,1.732686359,11.0,1615.350169
2026-06-24 23:00:00+00:00,1611.635,1620.5,1611.635,1619.8075,0.005903566,2.0,1614.041928
2026-06-25 00:00:00+00:00,1620.6425,1623.067,1613.52,1615.935,0.578925129,6.0,1616.172264
2026-06-25 01:00:00+00:00,1616.83,1621.152,1612.3,1618.295,0.147485477,2.0,1615.950187
2026-06-25 02:00:00+00:00,1617.35,1618.6,1612.12,1617.9805,0.082972296,9.0,1616.669256
2026-06-25 03:00:00+00:00,1619.0695,1620.735,1613.685,1617.15,0.053796278,5.0,1616.937744
2026-06-25 04:00:00+00:00,1617.15,1632.94,1614.197,1632.215,1.160675823,7.0,1617.429471
2026-06-25 05:00:00+00:00,1631.785,1648.637,1631.1355,1642.9755,0.657743982,8.0,1643.751496
2026-06-25 06:00:00+00:00,1643.886,1657.15,1641.4865,1652.11,0.621229554,11.0,1645.725514
2026-06-25 07:00:00+00:00,1651.39,1656.7595,1648.43,1654.661,20.70185373,13.0,1649.559904
2026-06-25 08:00:00+00:00,1655.51,1655.946,1648.757,1649.965,1.03595522,8.0,1652.642609
2026-06-25 09:00:00+00:00,1650.5565,1653.0695,1644.218,1647.1,1.091358835,9.0,1648.291842
2026-06-25 10:00:00+00:00,1645.899,1647.0,1632.1715,1634.0845,1.436301103,7.0,1635.900609
2026-06-25 11:00:00+00:00,1635.015,1636.2185,1625.844,1630.615,0.011989,1.0,1635.88
2026-06-25 12:00:00+00:00,1631.414,1645.529,1622.632,1632.945,3.315324572,10.0,1627.922867
2026-06-25 13:00:00+00:00,1632.03,1637.7225,1530.9325,1535.8865,5.021593899,26.0,1569.388147
2026-06-25 14:00:00+00:00,1536.75,1589.935,1536.75,1566.453,3.34028756,17.0,1562.254206
2026-06-25 15:00:00+00:00,1565.655,1570.5235,1543.149,1567.83,5.223422292,19.0,1561.168669
2026-06-25 16:00:00+00:00,1568.355,1584.935,1555.21,1559.94,1.617794983,24.0,1559.427152
2026-06-25 17:00:00+00:00,1560.25,1572.934,1556.35,1572.63,17.423639565,14.0,1570.482444
2026-06-25 18:00:00+00:00,1571.35,1574.75,1557.7715,1564.48,2.552415278,14.0,1564.60133
2026-06-25 19:00:00+00:00,1565.425,1565.471,1552.549,1556.2,2.803301736,9.0,1556.854815
2026-06-25 20:00:00+00:00,1557.53,1567.5,1553.37,1557.924,11.503246217,7.0,1565.390341
2026-06-25 21:00:00+00:00,1558.63,1580.15,1558.06,1577.56,0.486139492,13.0,1563.230847
2026-06-25 22:00:00+00:00,1578.4,1581.38,1564.66,1567.5985,0.044278445,9.0,1576.273831
2026-06-25 23:00:00+00:00,1568.59,1577.2565,1562.94,1565.1,0.042307094,9.0,1575.642919
2026-06-26 00:00:00+00:00,1565.8495,1568.797,1561.521,1562.38,0.087745125,3.0,1566.81787
2026-06-26 01:00:00+00:00,1561.627,1566.15,1552.85,1557.7565,0.649669014,12.0,1556.733009
2026-06-26 02:00:00+00:00,1556.91,1558.97,1518.2405,1521.77,0.860777496,10.0,1532.381326
2026-06-26 03:00:00+00:00,1522.8,1560.6875,1510.25,1555.39,0.786069512,16.0,1524.580911
2026-06-26 04:00:00+00:00,1556.4785,1558.157,1545.38,1546.8375,2.262143793,23.0,1552.078538
2026-06-26 05:00:00+00:00,1547.923,1556.785,1546.3595,1553.506,2.10200009,7.0,1553.686422
2026-06-26 06:00:00+00:00,1552.63,1571.637,1541.279,1568.5,0.208624054,16.0,1550.144314
2026-06-26 07:00:00+00:00,1569.432,1583.88,1568.45,1578.45,2.029487455,26.0,1575.804727
2026-06-26 08:00:00+00:00,1579.6845,1579.6845,1561.225,1563.659,0.425990034,15.0,1570.868587
2026-06-26 09:00:00+00:00,1564.725,1564.725,1546.6,1550.842,0.778536859,10.0,1552.201619
2026-06-26 10:00:00+00:00,1549.8985,1552.9195,1542.9375,1545.828,0.165070728,10.0,1550.135963
2026-06-26 11:00:00+00:00,1545.115,1552.25,1539.5815,1542.48,1.187619155,14.0,1545.504199
2026-06-26 12:00:00+00:00,1542.9695,1557.0015,1525.081,1533.557,4.489537954,15.0,1540.945897
2026-06-26 13:00:00+00:00,1534.568,1567.85,1520.415,1566.703,12.635338627,28.0,1549.286334
2026-06-26 14:00:00+00:00,1566.3195,1572.3945,1551.51,1557.57,1.550398256,28.0,1562.961841
2026-06-26 15:00:00+00:00,1558.46,1585.725,1557.495,1578.2155,3.89551665,30.0,1571.327199
2026-06-26 16:00:00+00:00,1578.98,1590.765,1570.54,1575.838,4.552325635,24.0,1579.382294
2026-06-26 17:00:00+00:00,1574.966,1586.0315,1574.2345,1579.3715,2.816691232,16.0,1582.890118
2026-06-26 18:00:00+00:00,1580.257,1582.7405,1568.81,1570.95,1.564572082,10.0,1576.821654
2026-06-26 19:00:00+00:00,1570.45,1581.2295,1567.9035,1572.7,0.261490939,21.0,1572.210932
2026-06-26 20:00:00+00:00,1573.8425,1580.675,1565.8,1568.3,1.466045714,12.0,1569.517242
2026-06-26 21:00:00+00:00,1568.9,1576.821,1565.65,1572.565,0.998783848,11.0,1570.387353
2026-06-26 22:00:00+00:00,1572.305,1576.32,1567.55,1575.5,0.218788111,8.0,1573.759956
2026-06-26 23:00:00+00:00,1576.5,1577.8945,1572.14,1576.25,0.114755038,8.0,1577.278415
2026-06-27 00:00:00+00:00,1575.6,1579.486,1569.07,1574.695,0.080179154,11.0,1577.676166
2026-06-27 01:00:00+00:00,1573.283,1575.2,1571.9945,1574.2875,0.0609995,7.0,1574.707373
2026-06-27 02:00:00+00:00,1573.2255,1584.6065,1572.535,1581.085,0.141255973,12.0,1579.873464
2026-06-27 03:00:00+00:00,1580.475,1582.205,1575.519,1577.9865,2.609513011,18.0,1578.179655
2026-06-27 04:00:00+00:00,1577.393,1597.845,1577.39,1577.67,0.118846417,9.0,1578.618862
2026-06-27 05:00:00+00:00,1577.39,1578.6,1575.2255,1576.67,0.27588859,15.0,1577.367094
2026-06-27 06:00:00+00:00,1575.825,1582.76,1573.348,1580.37,3.919665124,19.0,1577.219997
2026-06-27 07:00:00+00:00,1579.521,1585.2,1578.7,1582.86,0.374908541,13.0,1580.221849
2026-06-27 08:00:00+00:00,1581.9,1583.849,1579.7365,1581.4535,4.296906205,15.0,1582.841395
2026-06-27 09:00:00+00:00,1580.9,1582.458,1576.83,1580.0425,0.038341778,6.0,1578.8168
2026-06-27 10:00:00+00:00,1580.5595,1582.72,1579.278,1581.513,0.265295228,14.0,1581.465328
2026-06-27 11:00:00+00:00,1582.226,1582.989,1576.6905,1580.9,0.79089825,9.0,1578.834712
2026-06-27 12:00:00+00:00,1580.915,1583.237,1579.4345,1583.237,1.077843368,7.0,1581.82356
2026-06-27 13:00:00+00:00,1583.892,1590.284,1582.5,1590.1585,0.462184727,30.0,1585.703511
2026-06-27 14:00:00+00:00,1589.6125,1595.55,1586.34,1592.0,1.330360457,13.0,1593.488372
2026-06-27 15:00:00+00:00,1592.437,1607.905,1592.114,1603.135,0.447247731,18.0,1601.990764
2026-06-27 16:00:00+00:00,1604.0,1605.348,1599.2455,1604.0345,0.20926789,14.0,1602.044291
2026-06-27 17:00:00+00:00,1604.42,1604.42,1587.625,1589.03,0.514451718,13.0,1590.76326
2026-06-27 18:00:00+00:00,1588.652,1592.525,1585.99,1590.924,0.803670918,27.0,1590.636445
2026-06-27 19:00:00+00:00,1591.748,1593.45,1571.11,1575.9445,0.448371168,25.0,1586.209002
2026-06-27 20:00:00+00:00,1576.693,1579.955,1576.65,1578.727,0.063330833,5.0,1578.038
2026-06-27 21:00:00+00:00,1579.6045,1582.55,1571.95,1573.4,1.174029901,27.0,1579.992986
2026-06-27 22:00:00+00:00,1572.56,1576.667,1561.3095,1576.667,0.827564671,13.0,1568.460775
2026-06-27 23:00:00+00:00,1577.23,1578.637,1568.38,1571.45,0.606697228,20.0,1571.908734
2026-06-28 00:00:00+00:00,1570.4,1575.76,1570.4,1572.461,3.691181957,29.0,1572.950996
2026-06-28 01:00:00+00:00,1571.26,1574.9,1568.112,1572.55,0.220550371,14.0,1573.165264
2026-06-28 02:00:00+00:00,1573.625,1577.6,1567.181,1570.1425,6.512317175,17.0,1570.550966
2026-06-28 03:00:00+00:00,1570.52,1574.2525,1570.52,1572.65,0.136751832,10.0,1572.27334
2026-06-28 04:00:00+00:00,1573.5,1574.5685,1569.2175,1572.27,3.526002271,9.0,1571.881975
2026-06-28 05:00:00+00:00,1571.124,1571.124,1562.92,1566.6845,8.171513623,14.0,1567.507214
2026-06-28 06:00:00+00:00,1565.9,1567.3925,1559.51,1565.5345,0.112174254,5.0,1561.192488
2026-06-28 07:00:00+00:00,1566.242,1574.19,1566.242,1573.416,0.772962416,21.0,1572.292592
2026-06-28 08:00:00+00:00,1573.786,1582.75,1571.671,1579.95,0.687497578,20.0,1574.112702
2026-06-28 09:00:00+00:00,1578.6405,1583.0205,1576.575,1576.639,0.03478446,6.0,1580.950966
2026-06-28 10:00:00+00:00,1577.1,1578.695,1570.65,1575.203,0.116197537,4.0,1573.883666
2026-06-28 11:00:00+00:00,1576.001,1580.99,1574.52,1580.485,3.819715922,3.0,1578.300169
2026-06-28 12:00:00+00:00,1579.651,1586.556,1576.405,1581.0355,0.101103433,7.0,1580.303283
2026-06-28 13:00:00+00:00,1580.467,1580.69,1572.735,1577.78,0.276971231,7.0,1578.347123
2026-06-28 14:00:00+00:00,1576.923,1583.6555,1576.194,1579.75,0.304025304,7.0,1579.486643
2026-06-28 15:00:00+00:00,1578.846,1583.2365,1575.55,1577.9015,0.323419136,5.0,1582.159684
2026-06-28 16:00:00+00:00,1578.5935,1579.3365,1564.566,1570.395,0.085644463,7.0,1574.916019
2026-06-28 17:00:00+00:00,1569.543,1574.526,1561.465,1569.89,0.335336061,10.0,1569.008101
2026-06-28 18:00:00+00:00,1570.6925,1572.91,1567.1065,1569.665,1.209190476,16.0,1569.131289
2026-06-28 19:00:00+00:00,1568.65,1571.8855,1555.03,1562.3665,1.297406765,29.0,1566.854912
2026-06-28 20:00:00+00:00,1563.6015,1573.785,1563.427,1571.385,4.195574334,9.0,1572.833067
2026-06-28 21:00:00+00:00,1570.2545,1570.85,1557.133,1560.7715,0.575577941,9.0,1563.825039
2026-06-28 22:00:00+00:00,1561.743,1578.9905,1546.26,1554.6355,2.014398869,13.0,1555.654391
2026-06-28 23:00:00+00:00,1554.2055,1577.6215,1553.185,1569.5265,0.561653451,9.0,1568.469007
2026-06-29 00:00:00+00:00,1568.6485,1571.7945,1550.0145,1571.08,4.578522284,11.0,1558.951017
2026-06-29 01:00:00+00:00,1571.86,1571.86,1557.3,1566.65,1.617786318,7.0,1568.816101
2026-06-29 02:00:00+00:00,1565.4665,1576.67,1548.5,1574.265,0.284073973,8.0,1566.754742
2026-06-29 03:00:00+00:00,1574.765,1586.28,1574.765,1582.283,0.528900356,6.0,1578.094961
2026-06-29 04:00:00+00:00,1583.16,1583.16,1572.5105,1573.2945,0.553069577,11.0,1578.210928
2026-06-29 05:00:00+00:00,1573.687,1580.03,1560.075,1580.03,0.390187802,9.0,1571.487053
2026-06-29 06:00:00+00:00,1581.2805,1585.9,1577.51,1580.37,1.801465944,22.0,1582.035449
2026-06-29 07:00:00+00:00,1579.4185,1581.9895,1575.51,1577.861,0.375827012,17.0,1578.399691
2026-06-29 08:00:00+00:00,1576.86,1579.892,1568.485,1570.256,3.045943406,17.0,1578.942388
2026-06-29 09:00:00+00:00,1571.15,1578.0155,1568.855,1573.655,0.107355655,5.0,1572.924717
2026-06-29 10:00:00+00:00,1574.41,1583.7095,1573.655,1576.18,1.891249481,4.0,1574.862242
2026-06-29 11:00:00+00:00,1575.4925,1579.807,1567.702,1572.731,0.265312439,8.0,1570.328497
2026-06-29 12:00:00+00:00,1573.494,1594.408,1564.1885,1573.885,3.052786245,13.0,1586.635138
2026-06-29 13:00:00+00:00,1574.546,1586.141,1562.6,1570.0705,0.785498977,11.0,1572.435186
2026-06-29 14:00:00+00:00,1570.92,1576.465,1555.197,1570.2385,1.714470692,7.0,1564.566577
2026-06-29 15:00:00+00:00,1569.5455,1581.55,1558.6,1577.202,0.651412525,10.0,1567.566465
2026-06-29 16:00:00+00:00,1576.35,1584.5595,1571.004,1582.275,0.826239562,10.0,1577.137694
2026-06-29 17:00:00+00:00,1583.159,1634.41,1582.9205,1625.48,4.524169896,20.0,1624.179535
2026-06-29 18:00:00+00:00,1624.865,1626.86,1616.205,1618.27,1.400970943,15.0,1625.256202
2026-06-29 19:00:00+00:00,1619.097,1625.153,1614.457,1623.676,0.381714101,9.0,1622.682279
2026-06-29 20:00:00+00:00,1622.647,1624.3255,1616.0175,1616.0175,0.94659311,10.0,1619.352208
2026-06-29 21:00:00+00:00,1616.84,1620.045,1610.39,1616.8985,0.40391276,10.0,1615.299281
2026-06-29 22:00:00+00:00,1618.065,1618.992,1610.7165,1610.7165,0.342132188,12.0,1613.603358
2026-06-29 23:00:00+00:00,1611.535,1611.535,1605.77,1611.01,0.886212095,6.0,1606.609034
2026-06-30 00:00:00+00:00,1609.807,1611.25,1609.35,1610.0685,0.034867,2.0,1610.947995
